published_at,ticker,headline,source,score,scored_at,fetched_at
2026-05-05,L,Loews: Risk Confirmed In Q1 2026,seekingalpha/L,,,2026-09-22 17:17:49
2026-05-06,L,Loews Corporation 2026 Q1 - Results - Earnings Call Presentation,seekingalpha/L,,,2026-09-22 17:17:49
2026-05-12,L,Loews declares $0.0625 dividend,seekingalpha/L,,,2026-09-22 17:17:49
2026-06-01,NVR,Berkshire's homebuilder bet shines light on sector's highest- and lowest-rated stocks,seekingalpha/NVR,,,2026-09-22 17:17:49
2026-06-24,ED,"Con Edison CEO urges grid equipment 'upsize' to withstand longer, hotter heat waves",seekingalpha/ED,,,2026-09-22 17:17:49
2026-06-24,NVR,Quant check on housing stocks after affordable housing bill advances,seekingalpha/NVR,,,2026-09-22 17:17:49
2026-06-25,DRI,"Darden Restaurants, Inc. (DRI) Q4 2026 Earnings Call Transcript",seekingalpha/DRI,,,2026-09-22 17:17:49
2026-06-25,DRI,"Darden Restaurants, Inc. 2026 Q4 - Results - Earnings Call Presentation",seekingalpha/DRI,,,2026-09-22 17:17:49
2026-06-25,DRI,Darden projects fiscal 2027 EPS of $11.10-$11.35 on $13.6B-$13.75B sales with 75-80 openings,seekingalpha/DRI,,,2026-09-22 17:17:49
2026-06-26,FDXF,FedEx Freight shows solid growth trends in its first post-spinoff earnings report,seekingalpha/FDXF,,,2026-09-22 17:17:49
2026-06-26,NVR,NVR Is A Diamond In The Rough,seekingalpha/NVR,,,2026-09-22 17:17:49
2026-07-02,FDS,"FactSet: Priced For Disruption, Not Yet Priced For Resolution",seekingalpha/FDS,,,2026-09-22 17:17:49
2026-07-03,FDS,FactSet Research Systems: ASV Acceleration Keeps The Bull Case Going,seekingalpha/FDS,,,2026-09-22 17:17:49
2026-07-03,MTD,Mettler-Toledo International Is Still Overpriced,seekingalpha/MTD,,,2026-09-22 17:17:49
2026-07-06,PAYX,"New Jobs Keep Climbing, Ride The Wave With Paychex",seekingalpha/PAYX,,,2026-09-22 17:17:49
2026-07-13,FDXF,FedEx Freight Has A Good Story At A Full Price,seekingalpha/FDXF,,,2026-09-22 17:17:49
2026-07-13,VXUS,VXUS: The Growth/Inflation Quadrant Framework Suggests Caution,seekingalpha/VXUS,,,2026-09-22 17:17:49
2026-07-14,FAST,Fastenal Company (FAST) Q2 2026 Earnings Call Transcript,seekingalpha/FAST,,,2026-09-22 17:17:49
2026-07-14,FAST,Fastenal Company 2026 Q2 - Results - Earnings Call Presentation,seekingalpha/FAST,,,2026-09-22 17:17:49
2026-07-14,FAST,"Fastenal GAAP EPS of $0.33 in-line, revenue of $2.39B beats by $50M",seekingalpha/FAST,,,2026-09-22 17:17:49
2026-07-14,FAST,"Fastenal shares slip on Q2 results, earnings in line with estimates",seekingalpha/FAST,,,2026-09-22 17:17:49
2026-07-14,FAST,Fastenal signals 2026 digital mix at 63%-64% while maintaining $320M capex plan,seekingalpha/FAST,,,2026-09-22 17:17:49
2026-07-15,CTAS,Cintas forecasts fiscal 2027 revenue of $12.1B-$12.25B and adjusted EPS of $5.36-$5.50 amid UniFirst FTC second request,seekingalpha/CTAS,,,2026-09-22 17:17:49
2026-07-15,JBL,Jabil authorizes $1.5B share repurchase program,seekingalpha/JBL,,,2026-09-22 17:17:49
2026-07-15,ORLY,Flight tracking shows O'Reilly/Genuine Parts transaction more likely - analyst,seekingalpha/ORLY,,,2026-09-22 17:17:49
2026-07-15,PNC,PNC forecasts 2026 loan growth of ~12.5% and net interest income up 15%-15.5% as it targets >3% net interest margin by year-end,seekingalpha/PNC,,,2026-09-22 17:17:49
2026-07-15,PNC,"The PNC Financial Services Group, Inc. (PNC) Q2 2026 Earnings Call Transcript",seekingalpha/PNC,,,2026-09-22 17:17:49
2026-07-15,TECH,Under the surface: Market gains are concentrated in energy and financials,seekingalpha/TECH,,,2026-09-22 17:17:49
2026-07-16,CFG,Citizens outlines 4Q ’26 NIM of 3.22%-3.27% while targeting $450M Reimagine the Bank benefit exiting ’28,seekingalpha/CFG,,,2026-09-22 17:17:49
2026-07-16,ED,Consolidated Edison declares $0.8875 dividend,seekingalpha/ED,,,2026-09-22 17:17:49
2026-07-16,ERIE,Top and bottom Quant-rated financial stocks ahead of Q2 earnings,seekingalpha/ERIE,,,2026-09-22 17:17:49
2026-07-16,FDS,"10.9% Run Up, But Still Undervalued: FactSet",seekingalpha/FDS,,,2026-09-22 17:17:49
2026-07-16,JBL,Jabil declares $0.08 dividend,seekingalpha/JBL,,,2026-09-22 17:17:49
2026-07-16,PAYX,Paychex declares $1.19 dividend,seekingalpha/PAYX,,,2026-09-22 17:17:49
2026-07-17,CFG,"Citizens Financial Group, Inc. 2026 Q2 - Results - Earnings Call Presentation",seekingalpha/CFG,,,2026-09-22 17:17:49
2026-07-17,CFG,Citizens Financial exits credit facilities for two prison operators amid activist pressure,seekingalpha/CFG,,,2026-09-22 17:17:49
2026-07-17,CTAS,Chip stocks drag down Nasdaq for the week; PayPal soars on Stripe takeover bid,seekingalpha/CTAS,,,2026-09-22 17:17:49
2026-07-17,FDXF,FedEx Freight: Spare Capacity Makes An Early Recovery Attractive,seekingalpha/FDXF,,,2026-09-22 17:17:49
2026-07-17,MTB,M&T Bank: Loan And NII Growth Support Upside (Rating Upgrade),seekingalpha/MTB,,,2026-09-22 17:17:49
2026-07-17,PNC,PNC Financial: Likely Fairly Valued,seekingalpha/PNC,,,2026-09-22 17:17:49
2026-07-17,RF,Regions Financial Corporation (RF) Q2 2026 Earnings Call Transcript,seekingalpha/RF,,,2026-09-22 17:17:49
2026-07-17,RF,Regions expects ~2% Q3 net interest income growth while targeting ~3.7% net interest margin exit rate,seekingalpha/RF,,,2026-09-22 17:17:49
2026-07-17,TRV,"Travelers Was A Big Winner, Run A House Position",seekingalpha/TRV,,,2026-09-22 17:17:49
2026-07-18,PAYX,"Notable tech headlines for the week: IBM, Meta, TSMC in focus",seekingalpha/PAYX,,,2026-09-22 17:17:49
2026-07-20,PAYX,"Paychex: Good Execution, Modest Upside - Why I Am Staying On The Sidelines",seekingalpha/PAYX,,,2026-09-22 17:17:49
2026-07-20,PPG,"PPG Industries, Inc. raises quarterly dividend by 4.2% to  $0.74/share",seekingalpha/PPG,,,2026-09-22 17:17:49
2026-07-20,TECH,"Sequoia Strategy trims Sunbelt, Elevance; exits Liberty Broadband",seekingalpha/TECH,,,2026-09-22 17:17:49
2026-07-20,TFC,Truist trades lower after J.P. Morgan cuts to Underweight on NII pressure,seekingalpha/TFC,,,2026-09-22 17:17:49
2026-07-20,TRV,The Travelers Companies declares $1.25 dividend,seekingalpha/TRV,,,2026-09-22 17:17:49
2026-07-20,TRV,Travelers downgraded to Sell at Goldman Sachs Research after Q2 earnings,seekingalpha/TRV,,,2026-09-22 17:17:49
2026-07-20,TRV,"Travelers: Incredibly Strong Results, Buoyed By The AI Datacenter Boom",seekingalpha/TRV,,,2026-09-22 17:17:49
2026-07-20,USB,"U.S. Bancorp upgraded at J.P. Morgan, Evercore ISI after Q2 earnings results",seekingalpha/USB,,,2026-09-22 17:17:49
2026-07-20,WRB,Berkley outlines 20%+ underwriting efficiency gains from AI tools as it targets expense ratio at 30% or better,seekingalpha/WRB,,,2026-09-22 17:17:49
2026-07-20,WRB,W. R. Berkley Corporation (WRB) Q2 2026 Earnings Call Transcript,seekingalpha/WRB,,,2026-09-22 17:17:49
2026-07-20,WRB,W. R. Berkley down as Q2 revenue falls short of expectations,seekingalpha/WRB,,,2026-09-22 17:17:49
2026-07-21,CFG,Beyond The Tech Sell-Off: The #1 Regional Bank Built For Higher Rates,seekingalpha/CFG,,,2026-09-22 17:17:49
2026-07-21,DHR,Apple loses bid to overturn $634M Masimo judgment over Apple Watch dispute,seekingalpha/DHR,,,2026-09-22 17:17:49
2026-07-21,DHR,Danaher Q2 Earnings Review: Nothing Exciting For Me To Buy This Dip,seekingalpha/DHR,,,2026-09-22 17:17:49
2026-07-21,DHR,Danaher forecasts 3%-4% 2026 core revenue growth and raises adjusted EPS to $8.45-$8.60 following Masimo close,seekingalpha/DHR,,,2026-09-22 17:17:49
2026-07-21,GPC,Genuine Parts Company (GPC) Q2 2026 Earnings Call Transcript,seekingalpha/GPC,,,2026-09-22 17:17:49
2026-07-21,GPC,Genuine Parts outlines 2026 adjusted EPS of $7.50-$8.00 while targeting separation in Q1 2027,seekingalpha/GPC,,,2026-09-22 17:17:49
2026-07-21,HAS,"Hasbro Is Improving, But I'm Not Chasing The Rally",seekingalpha/HAS,,,2026-09-22 17:17:49
2026-07-21,HAS,Hasbro forecasts 5%-7% revenue growth and $1.45B-$1.5B adjusted EBITDA as Wizards outlook rises,seekingalpha/HAS,,,2026-09-22 17:17:49
2026-07-21,HAS,"Hasbro, Inc. (HAS) Q2 2026 Earnings Call Transcript",seekingalpha/HAS,,,2026-09-22 17:17:49
2026-07-21,HAS,"Hasbro, Inc. 2026 Q2 - Results - Earnings Call Presentation",seekingalpha/HAS,,,2026-09-22 17:17:49
2026-07-21,IBKR,Interactive Brokers plans national trust bank charter to be operational by year-end as Q2 pretax margin holds at 77%,seekingalpha/IBKR,,,2026-09-22 17:17:49
2026-07-21,MRSH,"Marsh & McLennan Companies, Inc. (MRSH) Q2 2026 Earnings Call Transcript",seekingalpha/MRSH,,,2026-09-22 17:17:49
2026-07-21,MRSH,"Marsh & McLennan Non-GAAP EPS of $2.96 beats by $0.07, revenue of $7.4B beats by $130M",seekingalpha/MRSH,,,2026-09-22 17:17:49
2026-07-21,MTB,M&T Bank Corporation 2026 Q2 - Results - Earnings Call Presentation,seekingalpha/MTB,,,2026-09-22 17:17:49
2026-07-21,TFC,Truist Financial: Deep Value Based On Fee Growth (Rating Upgrade),seekingalpha/TFC,,,2026-09-22 17:17:49
2026-07-22,DHI,D.R. Horton Q3: Sluggish Outlook Leaks Into Foundation,seekingalpha/DHI,,,2026-09-22 17:17:49
2026-07-22,EQT,EQT Corporation (EQT) Q2 2026 Earnings Call Transcript,seekingalpha/EQT,,,2026-09-22 17:17:49
2026-07-22,EQT,EQT outlines roughly 90 Bcfe higher 2026 production guidance while pulling $85M Southgate spending into 2026,seekingalpha/EQT,,,2026-09-22 17:17:49
2026-07-22,FE,FirstEnergy declares $0.465 dividend,seekingalpha/FE,,,2026-09-22 17:17:49
2026-07-22,JBHT,J.B. Hunt Transport Services declares $0.45 dividend,seekingalpha/JBHT,,,2026-09-22 17:17:49
2026-07-22,JBL,Jabil: AI Infrastructure Play Is Becoming More Than Just A Cycle,seekingalpha/JBL,,,2026-09-22 17:17:49
2026-07-22,MRSH,Marsh & McLennan: Maintaining My 'Buy' Recommendation Following Q2 Earnings,seekingalpha/MRSH,,,2026-09-22 17:17:49
2026-07-22,RJF,"Raymond James Financial Non-GAAP EPS of $3.14 beats by $0.23, revenue of $3.93B beats by $20M",seekingalpha/RJF,,,2026-09-22 17:17:49
2026-07-22,TEL,TE Connectivity plc 2026 Q3 - Results - Earnings Call Presentation,seekingalpha/TEL,,,2026-09-22 17:17:49
2026-07-22,VXUS,Equity ETFs dominate again as $140B in positive flows funnel into funds in June,seekingalpha/VXUS,,,2026-09-22 17:17:49
2026-07-22,WAB,Wabtec forecasts 2026 revenue of about $12.5B and adjusted EPS of $10.60-$10.90 as it raises guidance,seekingalpha/WAB,,,2026-09-22 17:17:49
2026-07-22,WAB,"Wabtec hits record high on improved 2026 outlook for freight, transit",seekingalpha/WAB,,,2026-09-22 17:17:49
2026-07-22,WAB,Westinghouse Air Brake Technologies Corporation (WAB) Q2 2026 Earnings Call Transcript,seekingalpha/WAB,,,2026-09-22 17:17:49
2026-07-22,WAB,Westinghouse Air Brake Technologies Corporation 2026 Q2 - Results - Earnings Call Presentation,seekingalpha/WAB,,,2026-09-22 17:17:49
2026-07-23,ALLE,Allegion plc (ALLE) Q2 2026 Earnings Call Transcript,seekingalpha/ALLE,,,2026-09-22 17:17:49
2026-07-23,ALLE,Allegion plc 2026 Q2 - Results - Earnings Call Presentation,seekingalpha/ALLE,,,2026-09-22 17:17:49
2026-07-23,ALLE,Allegion signals 2026 adjusted EPS of $8.85-$9.00 as it raises reported revenue outlook to 7.5%-8.5%,seekingalpha/ALLE,,,2026-09-22 17:17:49
2026-07-23,AMP,Ameriprise Financial declares $1.70 dividend,seekingalpha/AMP,,,2026-09-22 17:17:49
2026-07-23,AMP,"Ameriprise Financial, Inc. (AMP) Q2 2026 Earnings Call Transcript",seekingalpha/AMP,,,2026-09-22 17:17:49
2026-07-23,AMP,"Ameriprise Financial, Inc. 2026 Q2 - Results - Earnings Call Presentation",seekingalpha/AMP,,,2026-09-22 17:17:49
2026-07-23,AMP,Ameriprise anticipates Huntington onboarding in Q4 with ~$28B of client assets and ~260 advisers,seekingalpha/AMP,,,2026-09-22 17:17:49
2026-07-23,CSX,CSX Corporation (CSX) Q2 2026 Earnings Call Transcript,seekingalpha/CSX,,,2026-09-22 17:17:49
2026-07-23,CSX,CSX Corporation: Growing Through New Management Strategies,seekingalpha/CSX,,,2026-09-22 17:17:49
2026-07-23,CSX,CSX projects >350 bps margin expansion and >80% free cash flow growth in 2026,seekingalpha/CSX,,,2026-09-22 17:17:49
2026-07-23,DECK,Deckers Outdoor Corporation (DECK) Q1 2027 Earnings Call Transcript,seekingalpha/DECK,,,2026-09-22 17:17:49
2026-07-23,DECK,Deckers forecasts FY2027 EPS $7.35-$7.50 while raising tariff assumption to 12.5%,seekingalpha/DECK,,,2026-09-22 17:17:49
2026-07-23,DGX,Quest Diagnostics projects $11.95B-$12.05B 2026 revenue while raising EPS outlook again,seekingalpha/DGX,,,2026-09-22 17:17:49
2026-07-23,DHI,D.R. Horton: Better Execution Now Offsets Weak Demand (Rating Upgrade),seekingalpha/DHI,,,2026-09-22 17:17:49
2026-07-23,DRI,Darden Restaurants: LongHorn And New Restaurants Broaden The Growth Case,seekingalpha/DRI,,,2026-09-22 17:17:49
2026-07-23,DRI,"Darden: Decent Valuation And Labor Savings, But Path To Growth Is Strained (Upgrade)",seekingalpha/DRI,,,2026-09-22 17:17:49
2026-07-23,GL,Globe Life Inc. (GL) Q2 2026 Earnings Call Transcript,seekingalpha/GL,,,2026-09-22 17:17:49
2026-07-23,GL,Globe Life Q2 earnings beat isn't enough: Shares fall 7% as soft sales disappoint,seekingalpha/GL,,,2026-09-22 17:17:49
2026-07-23,GL,Globe Life projects 2026 net operating EPS of $15.55-$15.95 while lifting share repurchases to $670M-$700M,seekingalpha/GL,,,2026-09-22 17:17:49
2026-07-23,HIG,"Hartford Insurance's Q2 earnings beat consensus, new stock buybacks announced",seekingalpha/HIG,,,2026-09-22 17:17:49
2026-07-23,MCO,Wall Street Is At The Beach. Moody's Rides The Current. (Earnings Review),seekingalpha/MCO,,,2026-09-22 17:17:49
2026-07-23,NVR,"NVR GAAP EPS of $83.96 misses by $6.02, revenue of $2.33B misses by $30M",seekingalpha/NVR,,,2026-09-22 17:17:49
2026-07-23,RJF,"Raymond James Financial, Inc. (RJF) Q3 2026 Earnings Call Transcript",seekingalpha/RJF,,,2026-09-22 17:17:49
2026-07-23,RJF,"Raymond James Financial, Inc. 2026 Q3 - Results - Earnings Call Presentation",seekingalpha/RJF,,,2026-09-22 17:17:49
2026-07-23,RJF,Raymond James expects Q4 asset management and related fees to rise about 11% as it rolls out Raimond AI,seekingalpha/RJF,,,2026-09-22 17:17:49
2026-07-23,SNA,"Snap-On GAAP EPS of $4.96 beats by $0.01, revenue of $1.24B beats by $20M",seekingalpha/SNA,,,2026-09-22 17:17:49
2026-07-23,SNA,Snap-on Incorporated (SNA) Q2 2026 Earnings Call Transcript,seekingalpha/SNA,,,2026-09-22 17:17:49
2026-07-23,SNA,Snap-on Incorporated 2026 Q2 - Results - Earnings Call Presentation,seekingalpha/SNA,,,2026-09-22 17:17:49
2026-07-23,SNA,Snap-on expects $100M 2026 capex while targeting ~22% full-year tax rate,seekingalpha/SNA,,,2026-09-22 17:17:49
2026-07-23,TMO,Thermo Fisher Scientific Inc. (TMO) Q2 2026 Earnings Call Transcript,seekingalpha/TMO,,,2026-09-22 17:17:49
2026-07-23,TMO,"Thermo Fisher Scientific Non-GAAP EPS of $6.03 beats by $0.32, revenue of $11.99B beats by $290M",seekingalpha/TMO,,,2026-09-22 17:17:49
2026-07-23,TMO,Thermo Fisher extends post-Q2 gains after raising outlook,seekingalpha/TMO,,,2026-09-22 17:17:49
2026-07-23,TMO,Thermo Fisher signals 2026 revenue of $47.4B-$48.1B and adjusted EPS of $24.93-$25.33 as customer activity strengthens,seekingalpha/TMO,,,2026-09-22 17:17:49
2026-07-23,URI,"United Rentals, Waste Connections win analyst praise after earnings beats",seekingalpha/URI,,,2026-09-22 17:17:49
2026-07-23,VRSN,"VeriSign GAAP EPS of $2.38 beats by $0.03, revenue of $434.6M beats by $0.44M",seekingalpha/VRSN,,,2026-09-22 17:17:49
2026-07-23,VRSN,VeriSign targets 5.2%-6% 2026 domain base growth as .web is set to launch later this year,seekingalpha/VRSN,,,2026-09-22 17:17:49
2026-07-23,VRSN,"VeriSign, Inc. (VRSN) Q2 2026 Earnings Call Transcript",seekingalpha/VRSN,,,2026-09-22 17:17:49
2026-07-23,VRSN,"VeriSign, Inc. 2026 Q2 - Results - Earnings Call Presentation",seekingalpha/VRSN,,,2026-09-22 17:17:49
2026-07-23,WRB,W. R. Berkley Baby Bonds: 7%+ Yield At Investment-Grade Risk,seekingalpha/WRB,,,2026-09-22 17:17:49
2026-07-23,WST,"West Pharmaceutical Services, Inc. (WST) Q2 2026 Earnings Call Transcript",seekingalpha/WST,,,2026-09-22 17:17:49
2026-07-23,WST,West Pharmaceutical signals 10%-11% 2026 organic revenue growth and $8.85-$9.05 adjusted EPS amid leadership transition,seekingalpha/WST,,,2026-09-22 17:17:49
2026-07-24,ALLE,Allegion: Keep Calm And Lock In,seekingalpha/ALLE,,,2026-09-22 17:17:49
2026-07-24,CSX,CSX Corporation: Volume Growth Is Finally Reaching Earnings (Rating Upgrade),seekingalpha/CSX,,,2026-09-22 17:17:49
2026-07-24,DECK,Deckers Outdoor Q1: The Thesis Is Still Intact,seekingalpha/DECK,,,2026-09-22 17:17:49
2026-07-24,DGX,Quest Diagnostics Upgrades EPS Outlook For 2026 After Outperforming Q2 Results,seekingalpha/DGX,,,2026-09-22 17:17:49
2026-07-24,DHI,"D.R. Horton: Dividend Hike With Contrarian Swing Trade Potential, Pending Macro Normalization",seekingalpha/DHI,,,2026-09-22 17:17:49
2026-07-24,DOV,Dover upgraded at BMO as post-earnings drop looks overdone,seekingalpha/DOV,,,2026-09-22 17:17:49
2026-07-24,EQT,EQT Corporation: Another Acquisition,seekingalpha/EQT,,,2026-09-22 17:17:49
2026-07-24,HCA,"HCA Healthcare, Inc. (HCA) Q2 2026 Earnings Call Transcript",seekingalpha/HCA,,,2026-09-22 17:17:49
2026-07-24,HCA,HCA projects $77B-$79.5B 2026 revenue amid (-$1B)-(-$1.2B) exchange headwind,seekingalpha/HCA,,,2026-09-22 17:17:49
2026-07-24,HIG,Hartford outlines $4.2B buyback plan and targets $475M quarterly repurchases through 2026,seekingalpha/HIG,,,2026-09-22 17:17:49
2026-07-24,HIG,"The Hartford Insurance Group, Inc. (HIG) Q2 2026 Earnings Call Transcript",seekingalpha/HIG,,,2026-09-22 17:17:49
2026-07-24,HIG,"The Hartford Insurance Group, Inc. 2026 Q2 - Results - Earnings Call Presentation",seekingalpha/HIG,,,2026-09-22 17:17:49
2026-07-24,HIG,"The Hartford: After Q2 Results, Insurer Still A Buy As Revenue Growth Outperforms",seekingalpha/HIG,,,2026-09-22 17:17:49
2026-07-24,MCO,"Moody's Corporation: Strong Q2, I Reiterate My Buy Rating As Fundamentals Are Still Sound",seekingalpha/MCO,,,2026-09-22 17:17:49
2026-07-24,OTIS,"Otis Worldwide: Don't Expect Meaningful Upside Near-Term, But I Remain Bullish",seekingalpha/OTIS,,,2026-09-22 17:17:49
2026-07-24,OTIS,Otis Worldwide: Strong Service Growth Still Needs To Show Margin Expansion,seekingalpha/OTIS,,,2026-09-22 17:17:49
2026-07-24,PHM,PulteGroup Offers A Stable Home For Real Estate Investors,seekingalpha/PHM,,,2026-09-22 17:17:49
2026-07-24,PKG,Packaging Corp. surges to record high on report of containerboard price hike,seekingalpha/PKG,,,2026-09-22 17:17:49
2026-07-24,WAB,Wabtec's Key Drivers Are All Firmly In Place,seekingalpha/WAB,,,2026-09-22 17:17:49
2026-07-24,WST,West Pharmaceutical Delivers Another Beat - But The Real Story Is The Mix Shift,seekingalpha/WST,,,2026-09-22 17:17:49
2026-07-24,WST,"West Pharmaceutical Services, Inc. 2026 Q2 - Results - Earnings Call Presentation",seekingalpha/WST,,,2026-09-22 17:17:49
2026-07-25,IBKR,Interactive Brokers: Steady Account And Asset Growth (Rating Upgrade),seekingalpha/IBKR,,,2026-09-22 17:17:49
2026-07-25,MRSH,"Marsh & McLennan Companies, Inc. 2026 Q2 - Results - Earnings Call Presentation",seekingalpha/MRSH,,,2026-09-22 17:17:49
2026-07-26,ALLE,Allegion: Stronger Demand Opens The Door To More Upside,seekingalpha/ALLE,,,2026-09-22 17:17:49
2026-07-26,BRO,Quant snapshot: Bandwidth and Centene Corporation lead top-rated names as Bank of Marin Bancorp and Axos Financial Dynamics lag,seekingalpha/BRO,,,2026-09-22 17:17:49
2026-07-26,TEL,"Key deals this week: Stripe, IBM, Repligen, LXP Industrial Trust and more",seekingalpha/TEL,,,2026-09-22 17:17:49
2026-07-27,ACGL,Arch Capital Q2 2026 Earnings Preview,seekingalpha/ACGL,,,2026-09-22 17:17:49
2026-07-27,BRO,"Brown &amp; Brown Non-GAAP EPS of $1.07 in-line, revenue of $1.68B misses by $40M",seekingalpha/BRO,,,2026-09-22 17:17:49
2026-07-27,CINF,"Cincinnati Financial Non-GAAP EPS of $1.43 misses by $0.39, revenue of $4.27B beats by $1.26B",seekingalpha/CINF,,,2026-09-22 17:17:49
2026-07-27,CINF,Cincinnati Financial declines as catastrophe losses hit Q2 earnings,seekingalpha/CINF,,,2026-09-22 17:17:49
2026-07-27,CSX,U.S. companies look to hire more even as AI-driven layoffs continue,seekingalpha/CSX,,,2026-09-22 17:17:49
2026-07-27,DOV,"Dover: Solid Execution, But Limited Upside (Rating Downgrade)",seekingalpha/DOV,,,2026-09-22 17:17:49
2026-07-27,DTE,DTE Energy Q2 2026 Earnings Preview,seekingalpha/DTE,,,2026-09-22 17:17:49
2026-07-27,FFIV,F5 forecasts 9%-10% FY 2026 revenue growth as Q4 EPS guidance targets $4.14-$4.26,seekingalpha/FFIV,,,2026-09-22 17:17:49
2026-07-27,FFIV,"F5, Inc. (FFIV) Q3 2026 Earnings Call Transcript",seekingalpha/FFIV,,,2026-09-22 17:17:49
2026-07-27,KMI,"Kinder Morgan: Not The Best Midstream Stock, Still A Buy",seekingalpha/KMI,,,2026-09-22 17:17:49
2026-07-27,NSC,"Union Pacific, Norfolk Southern complete response to STB",seekingalpha/NSC,,,2026-09-22 17:17:49
2026-07-27,NTRS,Earnings scoreboard: 18 financial names posted earnings last week,seekingalpha/NTRS,,,2026-09-22 17:17:49
2026-07-27,TEL,TE Connectivity: I Start To Feel A Connection Again,seekingalpha/TEL,,,2026-09-22 17:17:49
2026-07-27,VRSN,"VeriSign: Healthy Registrations, Exorbitant Price",seekingalpha/VRSN,,,2026-09-22 17:17:49
2026-07-27,WELL,"Stocks making big moves after hours: WELL, UHS, ESI",seekingalpha/WELL,,,2026-09-22 17:17:49
2026-07-27,WELL,"Welltower trades up after Q2 earnings beat, guidance and dividend boost",seekingalpha/WELL,,,2026-09-22 17:17:49
2026-07-28,ACGL,Arch Capital Non-GAAP EPS of $2.56 beats by $0.10,seekingalpha/ACGL,,,2026-09-22 17:17:49
2026-07-28,BRO,"Brown & Brown, Inc. (BRO) Q2 2026 Earnings Call Transcript",seekingalpha/BRO,,,2026-09-22 17:17:49
2026-07-28,BRO,"Brown & Brown, Inc. 2026 Q2 - Results - Earnings Call Presentation",seekingalpha/BRO,,,2026-09-22 17:17:49
2026-07-28,CARR,Carrier forecasts 2026 sales of about $23B and adjusted EPS of about $2.90 as data center revenue outlook rises to about $2B,seekingalpha/CARR,,,2026-09-22 17:17:49
2026-07-28,CBRE,CBRE Q2 2026 Earnings Preview,seekingalpha/CBRE,,,2026-09-22 17:17:49
2026-07-28,CINF,Cincinnati Financial Corporation (CINF) Q2 2026 Earnings Call Transcript,seekingalpha/CINF,,,2026-09-22 17:17:49
2026-07-28,CINF,Cincinnati Financial signals focus on keeping expense ratio under 30% as premium growth slows to 3%,seekingalpha/CINF,,,2026-09-22 17:17:49
2026-07-28,CMS,CMS Energy Corporation (CMS) Q2 2026 Earnings Call Transcript,seekingalpha/CMS,,,2026-09-22 17:17:49
2026-07-28,CMS,CMS Energy targets $4.08-$4.17 2027 EPS while planning to exit nonutility renewables development,seekingalpha/CMS,,,2026-09-22 17:17:49
2026-07-28,CNP,CenterPoint outlines $1.2B capital plan increase with 14 GW of expected ERCOT Batch Zero eligible projects,seekingalpha/CNP,,,2026-09-22 17:17:49
2026-07-28,CTAS,Cintas raises quarterly dividend by 15.6% to  $0.52/share,seekingalpha/CTAS,,,2026-09-22 17:17:49
2026-07-28,DOV,Dover to buy Cloeren; terms undisclosed,seekingalpha/DOV,,,2026-09-22 17:17:49
2026-07-28,DTE,DTE Energy Company (DTE) Q2 2026 Earnings Call Transcript,seekingalpha/DTE,,,2026-09-22 17:17:49
2026-07-28,DTE,DTE Energy Non-GAAP EPS of $1.32 beats by $0.18; reaffirsm FY26 outlook,seekingalpha/DTE,,,2026-09-22 17:17:49
2026-07-28,DTE,DTE outlines 6% to 8% operating EPS growth through 2030 as Google approval is expected in September,seekingalpha/DTE,,,2026-09-22 17:17:49
2026-07-28,ECL,Ecolab Inc. (ECL) Q2 2026 Earnings Call Transcript,seekingalpha/ECL,,,2026-09-22 17:17:49
2026-07-28,ECL,Ecolab raises 2026 EPS outlook to $8.05-$8.25 while targeting Global High-Tech to reach $4B by 2030,seekingalpha/ECL,,,2026-09-22 17:17:49
2026-07-28,EQT,"EQT Corp: Priced At The Same Discount Despite Less Debt, Market Cannot Shrug For Long",seekingalpha/EQT,,,2026-09-22 17:17:49
2026-07-28,FE,"FirstEnergy Non-GAAP EPS of $0.50 in-line, revenue of $3.7B beats by $160M",seekingalpha/FE,,,2026-09-22 17:17:49
2026-07-28,FFIV,"F5's Systems revenue surges during Q3, prompting some analysts to increase estimates",seekingalpha/FFIV,,,2026-09-22 17:17:49
2026-07-28,HLT,Hilton Worldwide Holdings Inc. (HLT) Q2 2026 Earnings Call Transcript,seekingalpha/HLT,,,2026-09-22 17:17:49
2026-07-28,HLT,Hilton expects 3% to 3.5% 2026 RevPAR growth while targeting $3.5B shareholder returns,seekingalpha/HLT,,,2026-09-22 17:17:49
2026-07-28,HUBB,Hubbell Incorporated (HUBB) Q2 2026 Earnings Call Transcript,seekingalpha/HUBB,,,2026-09-22 17:17:49
2026-07-28,HUBB,Hubbell raises 2026 adjusted EPS outlook to $20.25-$20.55 as NSI deal adds $0.20 accretion,seekingalpha/HUBB,,,2026-09-22 17:17:49
2026-07-28,IQV,IQVIA Holdings Inc. (IQV) Q2 2026 Earnings Call Transcript,seekingalpha/IQV,,,2026-09-22 17:17:49
2026-07-28,IQV,IQVIA Holdings Inc. 2026 Q2 - Results - Earnings Call Presentation,seekingalpha/IQV,,,2026-09-22 17:17:49
2026-07-28,IQV,IQVIA outlines 2026 revenue of $17.275B-$17.475B while raising adjusted EPS to $12.80-$13,seekingalpha/IQV,,,2026-09-22 17:17:49
2026-07-28,ITW,ITW forecasts 3% to 4% organic growth in 2026 while raising GAAP EPS to $11.35 to $11.55,seekingalpha/ITW,,,2026-09-22 17:17:49
2026-07-28,ITW,Illinois Tool Works Inc. (ITW) Q2 2026 Earnings Call Transcript,seekingalpha/ITW,,,2026-09-22 17:17:49
2026-07-28,ITW,Illinois Tool Works Inc. 2026 Q2 - Results - Earnings Call Presentation,seekingalpha/ITW,,,2026-09-22 17:17:49
2026-07-28,ITW,"Illinois Tool Works raises full-year outlook after revenue, profit top estimates",seekingalpha/ITW,,,2026-09-22 17:17:49
2026-07-28,NTRS,Northern Trust launches ETF servicing platform,seekingalpha/NTRS,,,2026-09-22 17:17:49
2026-07-28,ORLY,O'Reilly Automotive Q2 2026 Earnings Preview,seekingalpha/ORLY,,,2026-09-22 17:17:49
2026-07-28,PCAR,"PACCAR GAAP EPS of $1.43 beats by $0.07, revenue of $7.55B beats by $500M",seekingalpha/PCAR,,,2026-09-22 17:17:49
2026-07-28,PCAR,PACCAR Inc (PCAR) Q2 2026 Earnings Call Transcript,seekingalpha/PCAR,,,2026-09-22 17:17:49
2026-07-28,PCAR,"PACCAR forecasts 14.5% Q3 gross margin as it targets 250,000 2026 U.S./Canada truck market",seekingalpha/PCAR,,,2026-09-22 17:17:49
2026-07-28,PFG,"Principal Financial Group, Inc. (PFG) Q2 2026 Earnings Call Transcript",seekingalpha/PFG,,,2026-09-22 17:17:49
2026-07-28,PFG,"Principal Financial Group, Inc. 2026 Q2 - Results - Earnings Call Presentation",seekingalpha/PFG,,,2026-09-22 17:17:49
2026-07-28,PFG,Principal outlines $1.5B to $1.8B 2026 capital deployment plan while advancing Beam Benefits deal,seekingalpha/PFG,,,2026-09-22 17:17:49
2026-07-28,PNR,Pentair anticipates $0.10-$0.15 2027 EPS accretion from $1.4B Taco deal while reaffirming 2026 EPS of $4.60-$4.80,seekingalpha/PNR,,,2026-09-22 17:17:49
2026-07-28,PNR,Pentair plc (PNR) Q2 2026 Earnings Call Transcript,seekingalpha/PNR,,,2026-09-22 17:17:49
2026-07-28,PNR,Pentair plc 2026 Q2 - Results - Earnings Call Presentation,seekingalpha/PNR,,,2026-09-22 17:17:49
2026-07-28,PNR,"Pentair reaffirms outlook, buys Taco Group in $1.4B deal to expand data center business",seekingalpha/PNR,,,2026-09-22 17:17:49
2026-07-28,PPG,"PPG Industries, Inc. Non-GAAP EPS of $2.23 misses by $0.02, revenue of $4.5B beats by $140M",seekingalpha/PPG,,,2026-09-22 17:17:49
2026-07-28,PPG,PPG Industries: Dialing In The Upside For 2026-2027 Before Q2 Earnings,seekingalpha/PPG,,,2026-09-22 17:17:49
2026-07-28,SHW,"Sherwin-Williams raises full-year outlook after Q2 tops estimates, shares jump",seekingalpha/SHW,,,2026-09-22 17:17:49
2026-07-28,SHW,The Sherwin-Williams Company (SHW) Q2 2026 Earnings Call Transcript,seekingalpha/SHW,,,2026-09-22 17:17:49
2026-07-28,STT,"State Street to acquire Santander CACEIS Latam joint venture, expanding Latam presence",seekingalpha/STT,,,2026-09-22 17:17:49
2026-07-28,TFC,Truist Financial declares $0.52 dividend,seekingalpha/TFC,,,2026-09-22 17:17:49
2026-07-28,TXT,Textron: A Report To Forget,seekingalpha/TXT,,,2026-09-22 17:17:49
2026-07-28,UDR,UDR forecasts $0.63-$0.65 Q3 FFOA per share while planning DPE runoff to $250M-$300M by year-end,seekingalpha/UDR,,,2026-09-22 17:17:49
2026-07-28,UDR,"UDR, Inc. (UDR) Q2 2026 Earnings Call Transcript",seekingalpha/UDR,,,2026-09-22 17:17:49
2026-07-28,UDR,UDR: A Slow And Steady Apartment Recovery,seekingalpha/UDR,,,2026-09-22 17:17:49
2026-07-28,VLTO,"Veralto Non-GAAP EPS of $1.11 beats by $0.10, revenue of $1.47B beats by $20M",seekingalpha/VLTO,,,2026-09-22 17:17:49
2026-07-28,VRSN,VeriSign: A Closer Look At What The Market May Be Missing (Upgrade),seekingalpha/VRSN,,,2026-09-22 17:17:49
2026-07-28,WELL,Welltower Inc. (WELL) Q2 2026 Earnings Call Transcript,seekingalpha/WELL,,,2026-09-22 17:17:49
2026-07-28,WELL,Welltower raises dividend by 15% to $0.85 per share,seekingalpha/WELL,,,2026-09-22 17:17:49
2026-07-28,XYL,Xylem Inc. (XYL) Q2 2026 Earnings Call Transcript,seekingalpha/XYL,,,2026-09-22 17:17:49
2026-07-28,XYL,Xylem Inc. 2026 Q2 - Results - Earnings Call Presentation,seekingalpha/XYL,,,2026-09-22 17:17:49
2026-07-29,ACGL,Arch Capital Group Ltd. (ACGL) Q2 2026 Earnings Call Transcript,seekingalpha/ACGL,,,2026-09-22 17:17:49
2026-07-29,ACGL,Arch Capital Group Ltd. 2026 Q2 - Results - Earnings Call Presentation,seekingalpha/ACGL,,,2026-09-22 17:17:49
2026-07-29,ACGL,Arch expects $60M-$63M in quarterly interest expense over next 2 quarters while leaning on buybacks in early soft market,seekingalpha/ACGL,,,2026-09-22 17:17:49
2026-07-29,AVY,Avery Dennison Q2 2026 Earnings Preview,seekingalpha/AVY,,,2026-09-22 17:17:49
2026-07-29,AWK,"American Water Works Non-GAAP EPS of $1.61 beats by $0.06, revenue of $1.36B beats by $70M",seekingalpha/AWK,,,2026-09-22 17:17:49
2026-07-29,BIIB,Biogen Inc. (BIIB) Q2 2026 Earnings Call Transcript,seekingalpha/BIIB,,,2026-09-22 17:17:49
2026-07-29,BIIB,Biogen outlines 2026 non-GAAP EPS $12-$13 and expects SYFOVRE and EMPAVELI mid- to high teens growth through at least 2028,seekingalpha/BIIB,,,2026-09-22 17:17:49
2026-07-29,BIIB,Biogen: The Turnaround Is Real Enough To Buy (Rating Upgrade),seekingalpha/BIIB,,,2026-09-22 17:17:49
2026-07-29,BXP,BXP targets $6.99-$7.05 2026 FFO per share while aiming for 91% occupancy by end of 2027,seekingalpha/BXP,,,2026-09-22 17:17:49
2026-07-29,BXP,"BXP, Inc. (BXP) Q2 2026 Earnings Call Transcript",seekingalpha/BXP,,,2026-09-22 17:17:49
2026-07-29,CARR,"HVAC stocks sink as earnings, margin pressure, data-center qualms trigger selloff",seekingalpha/CARR,,,2026-09-22 17:17:49
2026-07-29,CBRE,"CBRE Group, Inc. (CBRE) Q2 2026 Earnings Call Transcript",seekingalpha/CBRE,,,2026-09-22 17:17:49
2026-07-29,CBRE,"CBRE Group, Inc. 2026 Q2 - Results - Earnings Call Presentation",seekingalpha/CBRE,,,2026-09-22 17:17:49
2026-07-29,CBRE,CBRE gives mixed Q2 numbers,seekingalpha/CBRE,,,2026-09-22 17:17:49
2026-07-29,CINF,"Cincinnati Financial: The Equity Portfolio Saved Q2, But Commercial Lines Need Attention",seekingalpha/CINF,,,2026-09-22 17:17:49
2026-07-29,CNP,"CenterPoint Energy, Inc. 2026 Q2 - Results - Earnings Call Presentation",seekingalpha/CNP,,,2026-09-22 17:17:49
2026-07-29,CPT,Camden Property Trust Q2 Earnings Preview,seekingalpha/CPT,,,2026-09-22 17:17:49
2026-07-29,ERIE,Erie Indemnity Q2 2026 Earnings Preview,seekingalpha/ERIE,,,2026-09-22 17:17:49
2026-07-29,EXE,Expand Energy Corporation (EXE) Q2 2026 Earnings Call Transcript,seekingalpha/EXE,,,2026-09-22 17:17:49
2026-07-29,EXE,Expand Energy outlines $750M incremental marketing free cash flow target as Twin Eagle is expected to add $200M+ EBITDA in year 1,seekingalpha/EXE,,,2026-09-22 17:17:49
2026-07-29,EXE,Expand Energy: Twin Eagle Acquisition Unlocks Missing Piece Of Gas Marketing Puzzle,seekingalpha/EXE,,,2026-09-22 17:17:49
2026-07-29,EXR,Extra Space Storage Inc. (EXR) Q2 2026 Earnings Call Transcript,seekingalpha/EXR,,,2026-09-22 17:17:49
2026-07-29,EXR,Extra Space Storage forecasts $8.25-$8.40 core FFO per share in 2026 as it raises same-store revenue growth to 1%-2%,seekingalpha/EXR,,,2026-09-22 17:17:49
2026-07-29,FE,FirstEnergy Corp. (FE) Q2 2026 Earnings Call Transcript,seekingalpha/FE,,,2026-09-22 17:17:49
2026-07-29,FE,FirstEnergy forecasts 25 GW data center demand while reaffirming $36B 5-year plan and $2.62-$2.82 2026 core EPS,seekingalpha/FE,,,2026-09-22 17:17:49
2026-07-29,FTV,Fortive Corporation (FTV) Q2 2026 Earnings Call Transcript,seekingalpha/FTV,,,2026-09-22 17:17:49
2026-07-29,FTV,Fortive Corporation 2026 Q2 - Results - Earnings Call Presentation,seekingalpha/FTV,,,2026-09-22 17:17:49
2026-07-29,FTV,Fortive beats top-line and bottom-line estimates; raises FY26 outlook,seekingalpha/FTV,,,2026-09-22 17:17:49
2026-07-29,FTV,Fortive raises 2026 adjusted EPS guidance to $2.95-$3.05 as core growth outlook shifts to ~4%,seekingalpha/FTV,,,2026-09-22 17:17:49
2026-07-29,GRMN,Garmin Ltd. (GRMN) Q2 2026 Earnings Call Transcript,seekingalpha/GRMN,,,2026-09-22 17:17:49
2026-07-29,GRMN,"Garmin forecasts $8.05B revenue and $10 pro forma EPS for 2026, backed by TrainingPeaks and TrainHeroic acquisition",seekingalpha/GRMN,,,2026-09-22 17:17:49
2026-07-29,GRMN,Garmin: Impressive Growth Likely Can't Go On Forever,seekingalpha/GRMN,,,2026-09-22 17:17:49
2026-07-29,HBAN,Rising Deposit Costs Emerge As The Latest Key Worry For Huntington Bancshares,seekingalpha/HBAN,,,2026-09-22 17:17:49
2026-07-29,IEX,IDEX Corporation (IEX) Q2 2026 Earnings Call Transcript,seekingalpha/IEX,,,2026-09-22 17:17:49
2026-07-29,IEX,Idex forecasts 2026 adjusted EPS of $8.70 to $8.85 as organic growth outlook rises to 5% to 6%,seekingalpha/IEX,,,2026-09-22 17:17:49
2026-07-29,IQV,IQVIA: A Great Business At The Wrong Price (Rating Downgrade),seekingalpha/IQV,,,2026-09-22 17:17:49
2026-07-29,MAA,"Mid-America Apartment Communities FFO of $2.08 beats by $0.01, revenue of $555.13M misses by $1.45M",seekingalpha/MAA,,,2026-09-22 17:17:49
2026-07-29,MAS,"HVAC stocks sink as earnings, margin pressure, data-center qualms trigger selloff",seekingalpha/MAS,,,2026-09-22 17:17:49
2026-07-29,MAS,Masco Corporation (MAS) Q2 2026 Earnings Call Transcript,seekingalpha/MAS,,,2026-09-22 17:17:49
2026-07-29,MAS,Masco raises 2026 EPS outlook to $4.40-$4.60 amid $85M net tariff refund benefit,seekingalpha/MAS,,,2026-09-22 17:17:49
2026-07-29,MTD,Mettler-Toledo Q2 2026 Earnings Preview,seekingalpha/MTD,,,2026-09-22 17:17:49
2026-07-29,ODFL,"Old Dominion Freight Line GAAP EPS of $1.68 beats by $0.15, revenue of $1.55B beats by $10M",seekingalpha/ODFL,,,2026-09-22 17:17:49
2026-07-29,ODFL,"Old Dominion Freight Line, Inc. (ODFL) Q2 2026 Earnings Call Transcript",seekingalpha/ODFL,,,2026-09-22 17:17:49
2026-07-29,ODFL,Old Dominion forecasts Q3 revenue up to $1.55B while raising 2026 capex to $380M,seekingalpha/ODFL,,,2026-09-22 17:17:49
2026-07-29,OMC,Omnicom Group Inc. 2026 Q2 - Results - Earnings Call Presentation,seekingalpha/OMC,,,2026-09-22 17:17:49
2026-07-29,ORLY,"O'Reilly Automotive GAAP EPS of $0.86 in-line, revenue of $4.89B beats by $30M",seekingalpha/ORLY,,,2026-09-22 17:17:49
2026-07-29,PPG,PPG Industries slides as earnings miss overshadows revenue beat,seekingalpha/PPG,,,2026-09-22 17:17:49
2026-07-29,PPG,"PPG Industries, Inc. (PPG) Q2 2026 Earnings Call Transcript",seekingalpha/PPG,,,2026-09-22 17:17:49
2026-07-29,PPG,"PPG Industries, Inc. 2026 Q2 - Results - Earnings Call Presentation",seekingalpha/PPG,,,2026-09-22 17:17:49
2026-07-29,PTC,PTC forecasts 9% to 9.5% constant currency ARR growth in FY 2026 as it raises share repurchase target to about $1.625B,seekingalpha/PTC,,,2026-09-22 17:17:49
2026-07-29,SHW,Sherwin-Williams: Solid Results And Strong Pricing Power Keep It A Buy,seekingalpha/SHW,,,2026-09-22 17:17:49
2026-07-29,SHW,The Sherwin-Williams Company 2026 Q2 - Results - Earnings Call Presentation,seekingalpha/SHW,,,2026-09-22 17:17:49
2026-07-29,SW,Smurfit Westrock Plc (SW) Q2 2026 Earnings Call Transcript,seekingalpha/SW,,,2026-09-22 17:17:49
2026-07-29,SW,Smurfit Westrock Plc 2026 Q2 - Results - Earnings Call Presentation,seekingalpha/SW,,,2026-09-22 17:17:49
2026-07-29,SW,Smurfit Westrock signals $4.9B-$5.1B full-year 2026 adjusted EBITDA amid higher freight costs,seekingalpha/SW,,,2026-09-22 17:17:49
2026-07-29,SW,Smurfit Westrock: Guidance Cuts Masks A Stronger 2027 Earnings Opportunity,seekingalpha/SW,,,2026-09-22 17:17:49
2026-07-29,SWK,Stanley Black & Decker expects 2026 adjusted EPS of $5.20-$5.80 as tariff refunds fund growth investments,seekingalpha/SWK,,,2026-09-22 17:17:49
2026-07-29,SWK,"Stanley Black & Decker, Inc. (SWK) Q2 2026 Earnings Call Transcript",seekingalpha/SWK,,,2026-09-22 17:17:49
2026-07-29,UHS,Universal Health Services: Valuations Look Attractive After A Meaningful Correction,seekingalpha/UHS,,,2026-09-22 17:17:49
2026-07-29,VLTO,Veralto Corporation (VLTO) Q2 2026 Earnings Call Transcript,seekingalpha/VLTO,,,2026-09-22 17:17:49
2026-07-29,VLTO,Veralto Corporation 2026 Q2 - Results - Earnings Call Presentation,seekingalpha/VLTO,,,2026-09-22 17:17:49
2026-07-29,VMC,Vulcan reiterates $2.4B-$2.6B adjusted EBITDA outlook as it flags nearly $40M energy headwinds,seekingalpha/VMC,,,2026-09-22 17:17:49
2026-07-29,VRSK,"Verisk Analytics, Inc. (VRSK) Q2 2026 Earnings Call Transcript",seekingalpha/VRSK,,,2026-09-22 17:17:49
2026-07-29,VRSK,"Verisk Non-GAAP EPS of $1.98 beats by $0.05, revenue of $806M beats by $1.96M",seekingalpha/VRSK,,,2026-09-22 17:17:49
2026-07-29,VRSK,Verisk buys McKenzie Intelligence Services to build catastrophe analysis capabilities,seekingalpha/VRSK,,,2026-09-22 17:17:49
2026-07-29,WEC,WEC projects $37.5B 5-year capital plan as it forecasts 2.6 GW regional demand growth through 2030,seekingalpha/WEC,,,2026-09-22 17:17:49
2026-07-29,WM,WM outlines 2026 revenue of $26.275B to $26.475B while raising margin outlook to 31% to 31.2%,seekingalpha/WM,,,2026-09-22 17:17:49
2026-07-29,WM,"Waste Management, Inc. (WM) Q2 2026 Earnings Call Transcript",seekingalpha/WM,,,2026-09-22 17:17:49
2026-07-30,AOS,A. O. Smith Corporation (AOS) Q2 2026 Earnings Call Transcript,seekingalpha/AOS,,,2026-09-22 17:17:49
2026-07-30,AOS,A. O. Smith Corporation 2026 Q2 - Results - Earnings Call Presentation,seekingalpha/AOS,,,2026-09-22 17:17:49
2026-07-30,AOS,A. O. Smith narrows 2026 adjusted EPS to $3.70-$3.85 as it raises share repurchase target to $300M,seekingalpha/AOS,,,2026-09-22 17:17:49
2026-07-30,APD,"Air Products and Chemicals, Inc. (APD) Q3 2026 Earnings Call Transcript",seekingalpha/APD,,,2026-09-22 17:17:49
2026-07-30,APD,Air Products projects FY2026 EPS $13.39-$13.49 while cutting FY CapEx to $3.5B after $2.9B Louisiana-related charge,seekingalpha/APD,,,2026-09-22 17:17:49
2026-07-30,AVY,Avery Dennison Corporation (AVY) Q2 2026 Earnings Call Transcript,seekingalpha/AVY,,,2026-09-22 17:17:49
2026-07-30,AVY,Avery Dennison Corporation 2026 Q2 - Results - Earnings Call Presentation,seekingalpha/AVY,,,2026-09-22 17:17:49
2026-07-30,AVY,"Avery Dennison Non-GAAP EPS of $2.89 beats by $0.42, revenue of $2.46B beats by $160M",seekingalpha/AVY,,,2026-09-22 17:17:49
2026-07-30,AVY,Avery Dennison anticipates $10 to $10.30 in 2026 adjusted EPS on 3% to 4% organic sales growth as Materials Group prebuys unwind,seekingalpha/AVY,,,2026-09-22 17:17:49
2026-07-30,AWK,"American Water Works Company, Inc. (AWK) Q2 2026 Earnings Call Transcript",seekingalpha/AWK,,,2026-09-22 17:17:49
2026-07-30,AWK,"American Water Works Company, Inc. 2026 Q2 - Results - Earnings Call Presentation",seekingalpha/AWK,,,2026-09-22 17:17:49
2026-07-30,AWK,American Water affirms 2026 EPS guidance of $6.02-$6.12 as it targets Essential merger close by end of Q1 2027,seekingalpha/AWK,,,2026-09-22 17:17:49
2026-07-30,BAX,Baxter forecasts 2%-3% organic sales growth and $1.95-$2.15 EPS for 2026 as tariff refund lifts Q2 results,seekingalpha/BAX,,,2026-09-22 17:17:49
2026-07-30,BLDR,Builders FirstSource projects 2026 net sales of $14B-$14.8B as it lowers housing-starts assumptions,seekingalpha/BLDR,,,2026-09-22 17:17:49
2026-07-30,CPT,"Camden Property Trust FFO of $1.68 beats by $0.01, revenue of $392.94M in-line",seekingalpha/CPT,,,2026-09-22 17:17:49
2026-07-30,CTSH,Cognizant in focus as Morgan Stanley ups price target on 'differentiated' AI strategy,seekingalpha/CTSH,,,2026-09-22 17:17:49
2026-07-30,EG,"Everest Group, Ltd. (EG) Q2 2026 Earnings Call Transcript",seekingalpha/EG,,,2026-09-22 17:17:49
2026-07-30,EG,Everest outlines $200M-a-quarter Annapurna Re cessions while maintaining a $300M share repurchase floor,seekingalpha/EG,,,2026-09-22 17:17:49
2026-07-30,EME,Emcor projects $20b-$20.5b 2026 revenue and raises EPS view to $32-$33.25 backed by $17.14b RPOs,seekingalpha/EME,,,2026-09-22 17:17:49
2026-07-30,ERIE,"Erie Indemnity GAAP EPS of $3.45 beats by $0.10, revenue of $1.09B in-line",seekingalpha/ERIE,,,2026-09-22 17:17:49
2026-07-30,EXC,"Exelon reaffirms 2026 adjusted operating EPS of $2.81-$2.91 while advancing a $1B, 500-MW New Jersey battery project",seekingalpha/EXC,,,2026-09-22 17:17:49
2026-07-30,EXC,Exelon slides after slashing data center forecast as consumers push back against development,seekingalpha/EXC,,,2026-09-22 17:17:49
2026-07-30,HAL,Halliburton to partner with Australia's Beetaloo Energy for AI data center-linked gas project,seekingalpha/HAL,,,2026-09-22 17:17:49
2026-07-30,HUBB,Hubbell: A Long Runway Still Lies Ahead,seekingalpha/HUBB,,,2026-09-22 17:17:49
2026-07-30,INVH,Invitation Homes Inc. (INVH) Q2 2026 Earnings Call Transcript,seekingalpha/INVH,,,2026-09-22 17:17:49
2026-07-30,INVH,Invitation Homes signals $1.95 core FFO per share guidance while lifting disposition midpoint to $850M,seekingalpha/INVH,,,2026-09-22 17:17:49
2026-07-30,IP,International Paper Company (IP) Q2 2026 Earnings Call Transcript,seekingalpha/IP,,,2026-09-22 17:17:49
2026-07-30,IP,International Paper Company 2026 Q2 - Results - Earnings Call Presentation,seekingalpha/IP,,,2026-09-22 17:17:49
2026-07-30,JCI,Johnson Controls International plc 2026 Q3 - Results - Earnings Call Presentation,seekingalpha/JCI,,,2026-09-22 17:17:49
2026-07-30,LNT,"Alliant Energy Non-GAAP EPS of $0.65 beats by $0.05, revenue of $971M beats by $99.38M",seekingalpha/LNT,,,2026-09-22 17:17:49
2026-07-30,LYV,"Live Nation outlines double-digit fan, revenue and AOI growth expectations for 2026 amid Ticketmaster turnaround",seekingalpha/LYV,,,2026-09-22 17:17:49
2026-07-30,MAS,Masco downgraded at Evercore ISI after earnings report,seekingalpha/MAS,,,2026-09-22 17:17:49
2026-07-30,MTB,M&T Bank: Wonderful Company For A Fair Value,seekingalpha/MTB,,,2026-09-22 17:17:49
2026-07-30,MTD,"Mettler-Toledo Non-GAAP EPS of $11.46 beats by $0.66, revenue of $1.03B in-line",seekingalpha/MTD,,,2026-09-22 17:17:49
2026-07-30,ORLY,"O'Reilly Automotive, Inc. (ORLY) Q2 2026 Earnings Call Transcript",seekingalpha/ORLY,,,2026-09-22 17:17:49
2026-07-30,ORLY,"O'Reilly Is Ramping Up Repurchases, Take Advantage",seekingalpha/ORLY,,,2026-09-22 17:17:49
2026-07-30,ORLY,O'Reilly outlines 2026 EPS of $3.20-$3.30 as it lifts comp guidance to 4%-6%,seekingalpha/ORLY,,,2026-09-22 17:17:49
2026-07-30,PSA,Public Storage forecasts $16.75-$17.05 core FFO for 2026 as PS4.0 raises guidance after NSA close,seekingalpha/PSA,,,2026-09-22 17:17:49
2026-07-30,RCL,"Royal Caribbean: Higher Margin Guests Meet Fuel Risks, Dip Buying Opportunity Ahead",seekingalpha/RCL,,,2026-09-22 17:17:49
2026-07-30,SW,Smurfit Westrock declares $0.4523 dividend,seekingalpha/SW,,,2026-09-22 17:17:49
2026-07-30,SWK,"Stanley Black & Decker, Inc. 2026 Q2 - Results - Earnings Call Presentation",seekingalpha/SWK,,,2026-09-22 17:17:49
2026-07-30,VTR,Ventas anticipates $4.5B of 2026 senior housing investments while raising normalized FFO to $3.85-$3.90 per share,seekingalpha/VTR,,,2026-09-22 17:17:49
2026-07-30,VTR,"Ventas, Inc. (VTR) Q2 2026 Earnings Call Transcript",seekingalpha/VTR,,,2026-09-22 17:17:49
2026-07-30,VTR,"Ventas, Inc. 2026 Q2 - Results - Earnings Call Presentation",seekingalpha/VTR,,,2026-09-22 17:17:49
2026-07-30,WTW,Wtw outlines Propel targeting ~30% adjusted operating margin in 2028 with ~$400M run rate savings,seekingalpha/WTW,,,2026-09-22 17:17:49
2026-07-30,WY,"Weyerhaeuser's Q2 earnings and revenue hold steady, bolstered by wood products, timberlands",seekingalpha/WY,,,2026-09-22 17:17:49
2026-07-30,XEL,Xcel outlines 9%+ average EPS growth through 2030 while reaffirming $4.04-$4.16 2026 ongoing EPS,seekingalpha/XEL,,,2026-09-22 17:17:49
2026-07-31,AJG,Arthur J. Gallagher & Co. 2026 Q2 - Results - Earnings Call Presentation,seekingalpha/AJG,,,2026-09-22 17:17:49
2026-07-31,AJG,Gallagher targets 6% 2026 organic growth with $160M run-rate synergies by end-2026,seekingalpha/AJG,,,2026-09-22 17:17:49
2026-07-31,ALGN,"Align Technology: Attractively Valued, But Growth Still Needs To Pick Up",seekingalpha/ALGN,,,2026-09-22 17:17:49
2026-07-31,BRO,"Brown & Brown's Q2: Strong Paper Growth, But Organic Business Shrinks",seekingalpha/BRO,,,2026-09-22 17:17:49
2026-07-31,CB,Chubb Limited 2026 Q2 - Results - Earnings Call Presentation,seekingalpha/CB,,,2026-09-22 17:17:49
2026-07-31,CB,Chubb: Close To Perfection,seekingalpha/CB,,,2026-09-22 17:17:49
2026-07-31,CHD,"Church & Dwight Co., Inc. (CHD) Q2 2026 Earnings Call Transcript",seekingalpha/CHD,,,2026-09-22 17:17:49
2026-07-31,CHD,Church & Dwight projects 4% to 5% organic sales growth and $1.175B operating cash flow for 2026 amid MISS MOUTH’s expansion,seekingalpha/CHD,,,2026-09-22 17:17:49
2026-07-31,CHD,"Church & Dwight's portfolio repositioning, increased ad spending drives Q2 sales growth",seekingalpha/CHD,,,2026-09-22 17:17:49
2026-07-31,CHD,"Church &amp; Dwight Non-GAAP EPS of $0.89 misses by $0.01, revenue of $1.53B beats by $20M",seekingalpha/CHD,,,2026-09-22 17:17:49
2026-07-31,CPT,Camden Property Trust (CPT) Q2 2026 Earnings Call Transcript,seekingalpha/CPT,,,2026-09-22 17:17:49
2026-07-31,CPT,Camden forecasts $1.69 core FFO per share midpoint for Q3 2026 while reaffirming $6.75 for 2026,seekingalpha/CPT,,,2026-09-22 17:17:49
2026-07-31,DTE,DTE Energy Company 2026 Q2 - Results - Earnings Call Presentation,seekingalpha/DTE,,,2026-09-22 17:17:49
2026-07-31,DXCM,"Microsoft, Amazon among Nasdaq's weekly gainers after bumper earnings",seekingalpha/DXCM,,,2026-09-22 17:17:49
2026-07-31,EME,EMCOR: The Blowout Quarter Came - And The Stock Ate All Of It,seekingalpha/EME,,,2026-09-22 17:17:49
2026-07-31,ERIE,Erie Indemnity Company (ERIE) Q2 2026 Earnings Call Prepared Remarks Transcript,seekingalpha/ERIE,,,2026-09-22 17:17:49
2026-07-31,ERIE,Erie Indemnity: A Steady Business With Limited Growth,seekingalpha/ERIE,,,2026-09-22 17:17:49
2026-07-31,ERIE,Erie outlines teenSMART discounts up to 20% while ErieSecure Auto expands to 10 states,seekingalpha/ERIE,,,2026-09-22 17:17:49
2026-07-31,ES,Eversource Energy (ES) Q2 2026 Earnings Call Transcript,seekingalpha/ES,,,2026-09-22 17:17:49
2026-07-31,ES,Eversource Energy 2026 Q2 - Results - Earnings Call Presentation,seekingalpha/ES,,,2026-09-22 17:17:49
2026-07-31,ES,Eversource outlines path to 5% to 7% EPS growth as ISO New England preliminarily selects $2.2B transmission project,seekingalpha/ES,,,2026-09-22 17:17:49
2026-07-31,ETR,Entergy declares $0.64 dividend,seekingalpha/ETR,,,2026-09-22 17:17:49
2026-07-31,EXC,Exelon Corporation 2026 Q2 - Results - Earnings Call Presentation,seekingalpha/EXC,,,2026-09-22 17:17:49
2026-07-31,FE,FirstEnergy Corp. 2026 Q2 - Results - Earnings Call Presentation,seekingalpha/FE,,,2026-09-22 17:17:49
2026-07-31,FIX,"Comfort Systems USA: Exceptional Execution, But Valuation Limits Upside",seekingalpha/FIX,,,2026-09-22 17:17:49
2026-07-31,HUBB,Hubbell Incorporated 2026 Q2 - Results - Earnings Call Presentation,seekingalpha/HUBB,,,2026-09-22 17:17:49
2026-07-31,IEX,IDEX Corporation 2026 Q2 - Results - Earnings Call Presentation,seekingalpha/IEX,,,2026-09-22 17:17:49
2026-07-31,IR,Ingersoll Rand raises 2026 revenue growth outlook to 4.5%-6.5% while expecting adjusted EPS near the high end of $3.45-$3.57,seekingalpha/IR,,,2026-09-22 17:17:49
2026-07-31,LIN,Linde plc (LIN) Q2 2026 Earnings Call Transcript,seekingalpha/LIN,,,2026-09-22 17:17:49
2026-07-31,LIN,"Linde projects $17.70-$17.90 full-year EPS while backlog holds an ""8 handle"" despite $1.3B of 2026 start-ups",seekingalpha/LIN,,,2026-09-22 17:17:49
2026-07-31,LNT,Alliant Energy Corporation (LNT) Q2 2026 Earnings Call Transcript,seekingalpha/LNT,,,2026-09-22 17:17:49
2026-07-31,LNT,Alliant Energy Corporation 2026 Q2 - Results - Earnings Call Presentation,seekingalpha/LNT,,,2026-09-22 17:17:49
2026-07-31,LNT,Alliant Energy signals 7% plus EPS CAGR through 2029 while targeting 60% demand growth by 2031,seekingalpha/LNT,,,2026-09-22 17:17:49
2026-07-31,LYV,Live Nation Entertainment: Strong Despite Q2 Concert Hiccup,seekingalpha/LYV,,,2026-09-22 17:17:49
2026-07-31,MAA,MAA aims to sustain ~$1B development pipeline while maintaining 2026 core FFO midpoint of $8.53,seekingalpha/MAA,,,2026-09-22 17:17:49
2026-07-31,MAA,"Mid-America Apartment Communities, Inc. (MAA) Q2 2026 Earnings Call Transcript",seekingalpha/MAA,,,2026-09-22 17:17:49
2026-07-31,MTD,Mettler-Toledo International Inc. (MTD) Q2 2026 Earnings Call Transcript,seekingalpha/MTD,,,2026-09-22 17:17:49
2026-07-31,MTD,Mettler-Toledo International Inc. 2026 Q2 - Results - Earnings Call Presentation,seekingalpha/MTD,,,2026-09-22 17:17:49
2026-07-31,MTD,Mettler-Toledo forecasts 2026 adjusted EPS of $47.15-$47.50 as it raises local currency sales growth to 4%-5%,seekingalpha/MTD,,,2026-09-22 17:17:49
2026-07-31,NTRS,Northern Trust: Favorable Macro Conditions Still Amplifying Results,seekingalpha/NTRS,,,2026-09-22 17:17:49
2026-07-31,PTC,PTC Inc. 2026 Q3 - Results - Earnings Call Presentation,seekingalpha/PTC,,,2026-09-22 17:17:49
2026-07-31,SYF,Synchrony Financial: Powerful Buyback And Stable Credit Create Opportunity (Upgrade),seekingalpha/SYF,,,2026-09-22 17:17:49
2026-07-31,VRSK,"Verisk Analytics, Inc. 2026 Q2 - Results - Earnings Call Presentation",seekingalpha/VRSK,,,2026-09-22 17:17:49
2026-07-31,WY,Weyerhaeuser Company (WY) Q2 2026 Earnings Call Transcript,seekingalpha/WY,,,2026-09-22 17:17:49
2026-07-31,WY,Weyerhaeuser Company 2026 Q2 - Results - Earnings Call Presentation,seekingalpha/WY,,,2026-09-22 17:17:49
2026-07-31,WY,Weyerhaeuser raises 2026 Strategic Land Solutions adjusted EBITDA guidance to about $450M while targeting Monticello start-up in H1 2027,seekingalpha/WY,,,2026-09-22 17:17:49
2026-07-31,XEL,Xcel Energy Inc. 2026 Q2 - Results - Earnings Call Presentation,seekingalpha/XEL,,,2026-09-22 17:17:49
2026-08-01,AEE,Ameren Corporation 2026 Q2 - Results - Earnings Call Presentation,seekingalpha/AEE,,,2026-09-22 17:17:49
2026-08-01,BAX,"July healthcare recap: Regeneron, DexCom shine as Moderna, managed-care stocks retreat",seekingalpha/BAX,,,2026-09-22 17:17:49
2026-08-01,CSGP,Earnings scoreboard: 88% of real estate names beat revenue estimates this week,seekingalpha/CSGP,,,2026-09-22 17:17:49
2026-08-01,CTSH,"Notable tech headlines for the week: Apple, Microsoft, Qualcomm in focus",seekingalpha/CTSH,,,2026-09-22 17:17:49
2026-08-01,DXCM,"July healthcare recap: Regeneron, DexCom shine as Moderna, managed-care stocks retreat",seekingalpha/DXCM,,,2026-09-22 17:17:49
2026-08-01,ESS,"Essex Property Trust, Inc. 2026 Q2 - Results - Earnings Call Presentation",seekingalpha/ESS,,,2026-09-22 17:17:49
2026-08-01,GDDY,"GoDaddy: Not Exciting, But Cheap FCF Multiples Could Set Up A Rebound (Rating Upgrade)",seekingalpha/GDDY,,,2026-09-22 17:17:49
2026-08-01,GRMN,"Notable tech headlines for the week: Apple, Microsoft, Qualcomm in focus",seekingalpha/GRMN,,,2026-09-22 17:17:49
2026-08-01,IQV,"July healthcare recap: Regeneron, DexCom shine as Moderna, managed-care stocks retreat",seekingalpha/IQV,,,2026-09-22 17:17:49
2026-08-01,MAA,Earnings scoreboard: 88% of real estate names beat revenue estimates this week,seekingalpha/MAA,,,2026-09-22 17:17:49
2026-08-01,OMC,"Omnicom: A Cheap Market Leader With Growth, Synergies, And Buybacks",seekingalpha/OMC,,,2026-09-22 17:17:49
2026-08-01,PSA,Earnings scoreboard: 88% of real estate names beat revenue estimates this week,seekingalpha/PSA,,,2026-09-22 17:17:49
2026-08-01,PTC,"Notable tech headlines for the week: Apple, Microsoft, Qualcomm in focus",seekingalpha/PTC,,,2026-09-22 17:17:49
2026-08-01,VRSK,Verisk Analytics: High-Single-Digits Subscription Growth And Cheap Valuation (Rating Upgrade),seekingalpha/VRSK,,,2026-09-22 17:17:49
2026-08-02,CSGP,CoStar Group: Growth Expectations Are Fading (Rating Downgrade),seekingalpha/CSGP,,,2026-09-22 17:17:49
2026-08-02,DHI,Tesla drags consumer discretionary sector in July; Ross Stores leads,seekingalpha/DHI,,,2026-09-22 17:17:49
2026-08-02,HAS,Tesla drags consumer discretionary sector in July; Ross Stores leads,seekingalpha/HAS,,,2026-09-22 17:17:49
2026-08-02,IVZ,Invesco Earnings Review: Value Has Caught Up,seekingalpha/IVZ,,,2026-09-22 17:17:49
2026-08-02,JCI,Johnson Controls: AI Demand And Backlog Strength Underpin A Hold,seekingalpha/JCI,,,2026-09-22 17:17:49
2026-08-03,AME,Ametek Q2 2026 Earnings Preview,seekingalpha/AME,,,2026-09-22 17:17:49
2026-08-03,BALL,Ball Corporation Q2 2026 Earnings Preview,seekingalpha/BALL,,,2026-09-22 17:17:49
2026-08-03,BAX,"Baxter International: The Gains Can Continue, But Should Slow",seekingalpha/BAX,,,2026-09-22 17:17:49
2026-08-03,CRH,Excerpt: CRH - A Vertically Integrated Infrastructure Compounder,seekingalpha/CRH,,,2026-09-22 17:17:49
2026-08-03,DHR,Danaher names Julie Sawyer Montgomery as CEO; transition begins Oct. 1,seekingalpha/DHR,,,2026-09-22 17:17:49
2026-08-03,DVA,DaVita Q2 2026 Earnings Preview,seekingalpha/DVA,,,2026-09-22 17:17:49
2026-08-03,DXCM,DexCom: Still A Cautious Buy Following Earnings,seekingalpha/DXCM,,,2026-09-22 17:17:49
2026-08-03,EXC,"Exelon: A Solid Utility, But The Upside Is Already Priced In",seekingalpha/EXC,,,2026-09-22 17:17:49
2026-08-03,FRT,Federal Realty: Buy This Premier REIT For Income And Durable Growth,seekingalpha/FRT,,,2026-09-22 17:17:49
2026-08-03,GDDY,GoDaddy's web-building ecosystem utilizes more LLMs in development process: Wedbush,seekingalpha/GDDY,,,2026-09-22 17:17:49
2026-08-03,GDDY,GoDaddy: The Market Didn't Get The Memo,seekingalpha/GDDY,,,2026-09-22 17:17:49
2026-08-03,GRMN,Garmin: Beware Consumer Hardware As Sales Slow,seekingalpha/GRMN,,,2026-09-22 17:17:49
2026-08-03,HLT,Hilton Worldwide Holdings: Better Business Demand And Room Growth Support Buy,seekingalpha/HLT,,,2026-09-22 17:17:49
2026-08-03,IBKR,"Interactive Brokers' revenue trades rise 27% Y/Y, fall 16% M/M in July",seekingalpha/IBKR,,,2026-09-22 17:17:49
2026-08-03,IR,"Ingersoll Rand Q2: Profitability Took A Hit, But There Are Ways It Can Come Back",seekingalpha/IR,,,2026-09-22 17:17:49
2026-08-03,L,"Loews GAAP EPS of $2.16, revenue of $4.73B",seekingalpha/L,,,2026-09-22 17:17:49
2026-08-03,LH,Labcorp Holdings Inc. 2026 Q2 - Results - Earnings Call Presentation,seekingalpha/LH,,,2026-09-22 17:17:49
2026-08-03,LIN,Linde: My 'Not Cheap' Thesis Has Been True Since 2023,seekingalpha/LIN,,,2026-09-22 17:17:49
2026-08-03,LYB,LyondellBasell upgraded at J.P. Morgan on strong cash flow,seekingalpha/LYB,,,2026-09-22 17:17:49
2026-08-03,MAR,Marriott forecasts 3%-3.5% 2026 global RevPAR growth as it targets over $4.5B shareholder returns,seekingalpha/MAR,,,2026-09-22 17:17:49
2026-08-03,PNR,Pentair: A Tough Quarter For Investors,seekingalpha/PNR,,,2026-09-22 17:17:49
2026-08-03,RF,How To Keep Outperforming The Market: Buy Regions Financial,seekingalpha/RF,,,2026-09-22 17:17:49
2026-08-03,SBAC,SBA Communications outlines ~600 new tower builds in 2026 while planning to resume buybacks in H2 2026,seekingalpha/SBAC,,,2026-09-22 17:17:49
2026-08-03,SHW,"Sherwin-Williams: Share Gains Are Encouraging, But I Am Worried About H2 Margin",seekingalpha/SHW,,,2026-09-22 17:17:49
2026-08-03,TSCO,"Tractor Supply: Low Valuation, Self-Help Initiatives, And Temporary Headwinds Create An Opportunity",seekingalpha/TSCO,,,2026-09-22 17:17:49
2026-08-03,TXT,Textron declares $0.02 dividend,seekingalpha/TXT,,,2026-09-22 17:17:49
2026-08-03,WTW,Willis Towers Watson cut to Neutral at Citi as AI payback is 'a bit too far in the future',seekingalpha/WTW,,,2026-09-22 17:17:49
2026-08-04,AME,"AMETEK, Inc. (AME) Q2 2026 Earnings Call Transcript",seekingalpha/AME,,,2026-09-22 17:17:49
2026-08-04,AME,"AMETEK, Inc. 2026 Q2 - Results - Earnings Call Presentation",seekingalpha/AME,,,2026-09-22 17:17:49
2026-08-04,AME,Ametek beats top-line and bottom-line estimates; gives Q3 and updates FY26 outlook,seekingalpha/AME,,,2026-09-22 17:17:49
2026-08-04,APTV,Aptiv PLC (APTV) Q2 2026 Earnings Call Transcript,seekingalpha/APTV,,,2026-09-22 17:17:49
2026-08-04,APTV,Aptiv PLC 2026 Q2 - Results - Earnings Call Presentation,seekingalpha/APTV,,,2026-09-22 17:17:49
2026-08-04,APTV,Aptiv expects $12.6B-$12.8B 2026 revenue amid China weakness while targeting $300M robotics and drone revenue,seekingalpha/APTV,,,2026-09-22 17:17:49
2026-08-04,BALL,Ball Corporation (BALL) Q2 2026 Earnings Call Transcript,seekingalpha/BALL,,,2026-09-22 17:17:49
2026-08-04,BALL,Ball Corporation 2026 Q2 - Results - Earnings Call Presentation,seekingalpha/BALL,,,2026-09-22 17:17:49
2026-08-04,BALL,Ball Corporation Non-GAAP EPS of $1.03 beats by $0.04,seekingalpha/BALL,,,2026-09-22 17:17:49
2026-08-04,BALL,Ball outlines 2026 framework of 10%+ comparable EPS growth and $900M+ free cash flow while targeting $800M in shareholder returns,seekingalpha/BALL,,,2026-09-22 17:17:49
2026-08-04,BNY,"Galaxy Digital, BNY partner to advance digital asset infrastructure for institutional markets",seekingalpha/BNY,,,2026-09-22 17:17:49
2026-08-04,BR,Broadridge Financial Solutions raises dividend by 11.8% to $1.09,seekingalpha/BR,,,2026-09-22 17:17:49
2026-08-04,BR,"Broadridge Financial Solutions, Inc. (BR) Q4 2026 Earnings Call Transcript",seekingalpha/BR,,,2026-09-22 17:17:49
2026-08-04,BR,"Broadridge Financial Solutions, Inc. 2026 Q4 - Results - Earnings Call Presentation",seekingalpha/BR,,,2026-09-22 17:17:49
2026-08-04,BR,Broadridge forecasts 6% to 8% recurring revenue growth and 8% to 12% adjusted EPS growth for fiscal '27 while expanding tokenization and agentic AI,seekingalpha/BR,,,2026-09-22 17:17:49
2026-08-04,CMI,Cummins Inc. (CMI) Q2 2026 Earnings Call Transcript,seekingalpha/CMI,,,2026-09-22 17:17:49
2026-08-04,CMI,Cummins raises 2026 revenue outlook to 10%-13% while planning a phased EPA 2027 engine transition,seekingalpha/CMI,,,2026-09-22 17:17:49
2026-08-04,DD,DuPont anticipates Q3 2026 adjusted EPS of $1.80 to $1.90 while planning a $250M share repurchase,seekingalpha/DD,,,2026-09-22 17:17:49
2026-08-04,DD,"DuPont de Nemours, Inc. (DD) Q2 2026 Earnings Call Transcript",seekingalpha/DD,,,2026-09-22 17:17:49
2026-08-04,DD,"DuPont de Nemours, Inc. 2026 Q2 - Results - Earnings Call Presentation",seekingalpha/DD,,,2026-09-22 17:17:49
2026-08-04,DVA,DaVita Inc. (DVA) Q2 2026 Earnings Call Transcript,seekingalpha/DVA,,,2026-09-22 17:17:49
2026-08-04,DVA,"DaVita Non-GAAP EPS of $4.02 beats by $0.14, revenue of $3.55B beats by $60M",seekingalpha/DVA,,,2026-09-22 17:17:49
2026-08-04,DVA,DaVita falls despite top and bottom line beats,seekingalpha/DVA,,,2026-09-22 17:17:49
2026-08-04,DVA,DaVita signals 2026 midpoint guidance of $2.2B adjusted operating income and $14.65 EPS while planning expanded HD rollout,seekingalpha/DVA,,,2026-09-22 17:17:49
2026-08-04,ECHO,Most shorted stocks on Wall Street as earnings season heats up,seekingalpha/ECHO,,,2026-09-22 17:17:49
2026-08-04,ECL,Most and least shorted materials stocks across mid- and large-cap names,seekingalpha/ECL,,,2026-09-22 17:17:49
2026-08-04,EMR,Emerson Electric Co. 2026 Q3 - Results - Earnings Call Presentation,seekingalpha/EMR,,,2026-09-22 17:17:49
2026-08-04,EMR,Emerson signals $6.55 FY2026 adjusted EPS as it raises sales growth to 5% and targets ~$3.6B free cash flow,seekingalpha/EMR,,,2026-09-22 17:17:49
2026-08-04,GWW,Grainger forecasts 11.5%-13% sales growth and $45.50-$47.25 EPS as tariff refunds fade,seekingalpha/GWW,,,2026-09-22 17:17:49
2026-08-04,GWW,"W.W. Grainger beats estimates, raises outlook amid strong demand",seekingalpha/GWW,,,2026-09-22 17:17:49
2026-08-04,GWW,"W.W. Grainger, Inc. (GWW) Q2 2026 Earnings Call Transcript",seekingalpha/GWW,,,2026-09-22 17:17:49
2026-08-04,GWW,"W.W. Grainger, Inc. 2026 Q2 - Results - Earnings Call Presentation",seekingalpha/GWW,,,2026-09-22 17:17:49
2026-08-04,HSIC,Henry Schein outlines 2026 EPS of $5.29-$5.39 as it lifts sales growth outlook to 4.5%-5.5%,seekingalpha/HSIC,,,2026-09-22 17:17:49
2026-08-04,HSIC,"Henry Schein, Inc. (HSIC) Q2 2026 Earnings Call Transcript",seekingalpha/HSIC,,,2026-09-22 17:17:49
2026-08-04,IT,"Gartner, Inc. 2026 Q2 - Results - Earnings Call Presentation",seekingalpha/IT,,,2026-09-22 17:17:49
2026-08-04,IT,Most shorted stocks on Wall Street as earnings season heats up,seekingalpha/IT,,,2026-09-22 17:17:49
2026-08-04,J,"Jacobs Engineering Non-GAAP EPS of $1.84 beats by $0.01, revenue of $4.1B beats by $550M",seekingalpha/J,,,2026-09-22 17:17:49
2026-08-04,J,Jacobs Solutions Inc. (J) Q3 2026 Earnings Call Transcript,seekingalpha/J,,,2026-09-22 17:17:49
2026-08-04,J,Jacobs forecasts FY 2026 adjusted EPS of $7.20-$7.30 while targeting ~16% Q4 adjusted EBITDA margin,seekingalpha/J,,,2026-09-22 17:17:49
2026-08-04,KIM,Kimco outlines 2026 FFO of $1.83-$1.84 as it tightens credit loss to 55-75 bps,seekingalpha/KIM,,,2026-09-22 17:17:49
2026-08-04,L,Loews Corporation 2026 Q2 - Results - Earnings Call Presentation,seekingalpha/L,,,2026-09-22 17:17:49
2026-08-04,L,Loews declares $0.0625 dividend,seekingalpha/L,,,2026-09-22 17:17:49
2026-08-04,LDOS,"Leidos Holdings, Inc. 2026 Q2 - Results - Earnings Call Presentation",seekingalpha/LDOS,,,2026-09-22 17:17:49
2026-08-04,LDOS,"Leidos jumps after revenue, earnings beat on strong defense demand",seekingalpha/LDOS,,,2026-09-22 17:17:49
2026-08-04,MPWR,Monolithic Power Systems: Why I'm Selling The Best Quarter,seekingalpha/MPWR,,,2026-09-22 17:17:49
2026-08-04,OKE,ONEOK targets mid- to high single-digit adjusted EBITDA growth as 2026 adjusted EBITDA midpoint rises to $8.35B,seekingalpha/OKE,,,2026-09-22 17:17:49
2026-08-04,OMC,Omnicom: Wall Street Is Still Underestimating This 4% Yield Opportunity,seekingalpha/OMC,,,2026-09-22 17:17:49
2026-08-04,PNW,Pinnacle West Capital Corporation (PNW) Q2 2026 Earnings Call Transcript,seekingalpha/PNW,,,2026-09-22 17:17:49
2026-08-04,PNW,Pinnacle West Capital Corporation 2026 Q2 - Results - Earnings Call Presentation,seekingalpha/PNW,,,2026-09-22 17:17:49
2026-08-04,PNW,"Pinnacle West Capital GAAP EPS of $1.43 misses by $0.04, revenue of $1.45B beats by $50M",seekingalpha/PNW,,,2026-09-22 17:17:49
2026-08-04,PNW,Pinnacle West targets 380 MW Cholla gas conversion by 2029 while expecting 2026 EPS at top end of $4.55 to $4.75 range,seekingalpha/PNW,,,2026-09-22 17:17:49
2026-08-04,PWR,Quanta Services prices $2B multi-tranche senior notes offering,seekingalpha/PWR,,,2026-09-22 17:17:49
2026-08-04,ROK,Rockwell outlines 7.5%-9.5% FY2026 sales growth and $13-$13.30 adjusted EPS amid inflation headwinds,seekingalpha/ROK,,,2026-09-22 17:17:49
2026-08-04,STE,Steris Q1 2027 Earnings Preview,seekingalpha/STE,,,2026-09-22 17:17:49
2026-08-04,TDG,TransDigm Group Incorporated (TDG) Q3 2026 Earnings Call Transcript,seekingalpha/TDG,,,2026-09-22 17:17:49
2026-08-04,TDG,TransDigm forecasts $10.51B FY2026 revenue amid low-double-digit commercial aftermarket growth,seekingalpha/TDG,,,2026-09-22 17:17:49
2026-08-04,TKO,"TKO Group Holdings, Inc. (TKO) Q2 2026 Earnings Call Transcript",seekingalpha/TKO,,,2026-09-22 17:17:49
2026-08-04,TKO,Tko targets 2026 revenue of $5.775B-$5.825B while raising adjusted EBITDA outlook to $2.275B-$2.305B,seekingalpha/TKO,,,2026-09-22 17:17:49
2026-08-04,WAT,Waters Corporation (WAT) Q2 2026 Earnings Call Transcript,seekingalpha/WAT,,,2026-09-22 17:17:49
2026-08-04,WAT,"Waters Non-GAAP EPS of $3.05 beats by $0.04, revenue of $1.65B beats by $30M",seekingalpha/WAT,,,2026-09-22 17:17:49
2026-08-04,WAT,Waters outlines 2026 adjusted EPS of $14.45-$14.65 while raising organic growth outlook to 7%-9%,seekingalpha/WAT,,,2026-09-22 17:17:49
2026-08-04,WEC,WEC Energy cut at Ladenburg Thalmann on Wisconsin election jitters,seekingalpha/WEC,,,2026-09-22 17:17:49
2026-08-04,WMB,The Williams Companies: Haynesville Dominance And Blackstone JV Fuel Long-Term Setup,seekingalpha/WMB,,,2026-09-22 17:17:49
2026-08-04,ZBH,Zimmer Biomet Q2 2026 Earnings Preview,seekingalpha/ZBH,,,2026-09-22 17:17:49
2026-08-04,ZBRA,Zebra Changed Its Stripes: The $460 Stampede Is Just Beginning,seekingalpha/ZBRA,,,2026-09-22 17:17:49
2026-08-04,ZBRA,Zebra Technologies Corporation (ZBRA) Q2 2026 Earnings Call Transcript,seekingalpha/ZBRA,,,2026-09-22 17:17:49
2026-08-04,ZBRA,Zebra Technologies Corporation 2026 Q2 - Results - Earnings Call Presentation,seekingalpha/ZBRA,,,2026-09-22 17:17:49
2026-08-04,ZBRA,Zebra expects $20.75-$21.25 non-GAAP EPS in 2026 while projecting at least $1B free cash flow,seekingalpha/ZBRA,,,2026-09-22 17:17:49
2026-08-05,ADP,Automatic Data Processing declares $1.70 dividend,seekingalpha/ADP,,,2026-09-22 17:17:49
2026-08-05,AEP,American Electric Power: Contracted Load And Rate Base Growth,seekingalpha/AEP,,,2026-09-22 17:17:49
2026-08-05,AIZ,"Assurant signals mid-single-digit 2026 adjusted EBITDA and EPS growth, with buybacks toward upper end of $300M-$350M",seekingalpha/AIZ,,,2026-09-22 17:17:49
2026-08-05,AIZ,"Assurant, Inc. (AIZ) Q2 2026 Earnings Call Transcript",seekingalpha/AIZ,,,2026-09-22 17:17:49
2026-08-05,AJG,Arthur J. Gallagher announces Apollo Insurance acquisition,seekingalpha/AJG,,,2026-09-22 17:17:49
2026-08-05,APTV,"Aptiv: Q2 Highlights My Forecasted Risks, Still A Buy",seekingalpha/APTV,,,2026-09-22 17:17:49
2026-08-05,ATO,Atmos Energy EPS of $7.33,seekingalpha/ATO,,,2026-09-22 17:17:49
2026-08-05,ATO,Atmos Energy declares $1.00 dividend,seekingalpha/ATO,,,2026-09-22 17:17:49
2026-08-05,BEN,Franklin Resources prices $750M senior notes offering,seekingalpha/BEN,,,2026-09-22 17:17:49
2026-08-05,CDW,CDW Corporation (CDW) Q2 2026 Earnings Call Transcript,seekingalpha/CDW,,,2026-09-22 17:17:49
2026-08-05,CDW,CDW raises 2026 outlook to high end of high single-digit EPS growth as AI infrastructure demand drives backlog,seekingalpha/CDW,,,2026-09-22 17:17:49
2026-08-05,CL,Colgate-Palmolive: The Reasons I Am Still Not A Buyer After The Q2 Results,seekingalpha/CL,,,2026-09-22 17:17:49
2026-08-05,COR,Cencora outlines fiscal 2026 EPS of $17.75-$17.95 while maintaining ~$3B free cash flow target,seekingalpha/COR,,,2026-09-22 17:17:49
2026-08-05,CRL,Charles River outlines 2026 EPS of $11.15-$11.45 while raising free cash flow to $400M-$420M,seekingalpha/CRL,,,2026-09-22 17:17:49
2026-08-05,CSGP,CoStar forecasts industrial demand to outpace supply by late 2027,seekingalpha/CSGP,,,2026-09-22 17:17:49
2026-08-05,DOC,Healthpeak Properties declares $0.1017 dividend,seekingalpha/DOC,,,2026-09-22 17:17:49
2026-08-05,DOC,"Healthpeak Properties, Inc. (DOC) Q2 2026 Earnings Call Transcript",seekingalpha/DOC,,,2026-09-22 17:17:49
2026-08-05,DOC,Healthpeak raises 2026 FFO as adjusted guidance to $1.73-$1.77 as Brookfield JV delivers $1B proceeds,seekingalpha/DOC,,,2026-09-22 17:17:49
2026-08-05,ED,Consolidated Edison Q2 2026 Earnings Preview,seekingalpha/ED,,,2026-09-22 17:17:49
2026-08-05,EOG,EOG outlines 2026 plan for 5% oil growth and $6.5B capex while advancing UAE unconventional appraisal,seekingalpha/EOG,,,2026-09-22 17:17:49
2026-08-05,GPN,Global Payments Inc. (GPN) Q2 2026 Earnings Call Transcript,seekingalpha/GPN,,,2026-09-22 17:17:49
2026-08-05,GPN,Global Payments anticipates 2026 EPS of $13.60-$13.80 as Middle East travel impact assumed through year-end,seekingalpha/GPN,,,2026-09-22 17:17:49
2026-08-05,HII,CBO: Trump's proposed nuclear battleship fleet could cost $275B,seekingalpha/HII,,,2026-09-22 17:17:49
2026-08-05,HSIC,"Henry Schein, Inc. 2026 Q2 - Results - Earnings Call Presentation",seekingalpha/HSIC,,,2026-09-22 17:17:49
2026-08-05,IFF,IFF outlines $7.4B-$7.6B 2026 sales outlook while planning $2.5B share repurchases,seekingalpha/IFF,,,2026-09-22 17:17:49
2026-08-05,IFF,International Flavors & Fragrances Inc. (IFF) Q2 2026 Earnings Call Transcript,seekingalpha/IFF,,,2026-09-22 17:17:49
2026-08-05,IT,"Gartner Q2 Review: A Better Quarter, But Still Not Enticing Enough",seekingalpha/IT,,,2026-09-22 17:17:49
2026-08-05,J,Jacobs Solutions Inc. 2026 Q3 - Results - Earnings Call Presentation,seekingalpha/J,,,2026-09-22 17:17:49
2026-08-05,MAR,Marriott: The Loyalty Engine Is Outgrowing The Hotel Cycle,seekingalpha/MAR,,,2026-09-22 17:17:49
2026-08-05,MET,"MetLife's Q2 earnings gain from favorable underwriting, volume growth",seekingalpha/MET,,,2026-09-22 17:17:49
2026-08-05,MOS,Mosaic outlines $300M-$500M working capital release as it guides Q3 sulfur at $700-$710 per ton,seekingalpha/MOS,,,2026-09-22 17:17:49
2026-08-05,NWS,News Corp targets $1b Dow Jones EBITDA by fiscal '30 while signaling further margin expansion,seekingalpha/NWS,,,2026-09-22 17:17:49
2026-08-05,NWSA,News Corp targets $1b Dow Jones EBITDA by fiscal '30 while signaling further margin expansion,seekingalpha/NWSA,,,2026-09-22 17:17:49
2026-08-05,NWSA,News declares $0.10 dividend,seekingalpha/NWSA,,,2026-09-22 17:17:49
2026-08-05,PGR,The Progressive Corporation 2026 Q2 - Results - Earnings Call Presentation,seekingalpha/PGR,,,2026-09-22 17:17:49
2026-08-05,PODD,Insulet downgraded at Oppenheimer on growing risks,seekingalpha/PODD,,,2026-09-22 17:17:49
2026-08-05,SOLV,Solventum Corporation (SOLV) Q2 2026 Earnings Call Transcript,seekingalpha/SOLV,,,2026-09-22 17:17:49
2026-08-05,SOLV,Solventum Corporation 2026 Q2 - Results - Earnings Call Presentation,seekingalpha/SOLV,,,2026-09-22 17:17:49
2026-08-05,SOLV,Solventum outlines HIS separation and raises 2026 EPS guide to $7.10-$7.20,seekingalpha/SOLV,,,2026-09-22 17:17:49
2026-08-05,STE,"Steris Non-GAAP EPS of $2.59 beats by $0.10, revenue of $1.5B in-line",seekingalpha/STE,,,2026-09-22 17:17:49
2026-08-05,TPL,"Texas Pacific Land GAAP EPS of $2.23 beats by $0.05, revenue of $246.1M misses by $0.9M",seekingalpha/TPL,,,2026-09-22 17:17:49
2026-08-05,TPL,Texas Pacific Land declares $0.60 dividend,seekingalpha/TPL,,,2026-09-22 17:17:49
2026-08-05,WYNN,"Wynn Resorts, Limited 2026 Q2 - Results - Earnings Call Presentation",seekingalpha/WYNN,,,2026-09-22 17:17:49
2026-08-05,ZBH,"Zimmer Biomet Holdings, Inc. (ZBH) Q2 2026 Earnings Call Transcript",seekingalpha/ZBH,,,2026-09-22 17:17:49
2026-08-05,ZBH,"Zimmer Biomet Non-GAAP EPS of $2.07 beats by $0.06, revenue of $2.18B beats by $40M",seekingalpha/ZBH,,,2026-09-22 17:17:49
2026-08-05,ZBH,Zimmer Biomet forecasts 2026 adjusted EPS of $8.47-$8.59 as it raises organic revenue growth to 2.25%-3.25%,seekingalpha/ZBH,,,2026-09-22 17:17:49
2026-08-06,AIZ,"Assurant, Inc. 2026 Q2 - Results - Earnings Call Presentation",seekingalpha/AIZ,,,2026-09-22 17:17:49
2026-08-06,ATO,Atmos Energy Corporation (ATO) Q3 2026 Earnings Call Transcript,seekingalpha/ATO,,,2026-09-22 17:17:49
2026-08-06,ATO,Atmos Energy Corporation 2026 Q3 - Results - Earnings Call Presentation,seekingalpha/ATO,,,2026-09-22 17:17:49
2026-08-06,ATO,Atmos reaffirms $8.40-$8.50 EPS outlook while APT spreads narrow and targets $4.2B capex,seekingalpha/ATO,,,2026-09-22 17:17:49
2026-08-06,BDX,BD raises FY 2026 adjusted EPS guidance to $12.62-$12.72 while targeting 90% free cash flow conversion,seekingalpha/BDX,,,2026-09-22 17:17:49
2026-08-06,BDX,"Becton, Dickinson and Company (BDX) Q3 2026 Earnings Call Transcript",seekingalpha/BDX,,,2026-09-22 17:17:49
2026-08-06,BDX,"Becton, Dickinson and Company 2026 Q3 - Results - Earnings Call Presentation",seekingalpha/BDX,,,2026-09-22 17:17:49
2026-08-06,BNY,Large-cap financials: Most and least shorted stocks at July-end,seekingalpha/BNY,,,2026-09-22 17:17:49
2026-08-06,CB,Large-cap financials: Most and least shorted stocks at July-end,seekingalpha/CB,,,2026-09-22 17:17:49
2026-08-06,CMI,Cummins Q2 Review: Riding The Momentum Of AI And Trucking Recovery,seekingalpha/CMI,,,2026-09-22 17:17:49
2026-08-06,CPAY,"Corpay, Inc. 2026 Q2 - Results - Earnings Call Presentation",seekingalpha/CPAY,,,2026-09-22 17:17:49
2026-08-06,EBAY,"eBay: Hiking GMV Expectations, $125 Buyout Offer Remains Compelling Catalysts",seekingalpha/EBAY,,,2026-09-22 17:17:49
2026-08-06,ECHO,Fox tops communications services stocks in short interest; Alphabet sees the lowest exposure,seekingalpha/ECHO,,,2026-09-22 17:17:49
2026-08-06,ECL,Ecolab declares $0.73 dividend,seekingalpha/ECL,,,2026-09-22 17:17:49
2026-08-06,ED,Consolidated Edison Non-GAAP EPS of $0.83 beats by $0.06,seekingalpha/ED,,,2026-09-22 17:17:49
2026-08-06,ED,Consolidated Edison: I'm Expecting Double-Digit Annual Returns For The Long Term,seekingalpha/ED,,,2026-09-22 17:17:49
2026-08-06,EMR,Emerson Electric: Strong Organic Growth Coupled With An Attractive Valuation,seekingalpha/EMR,,,2026-09-22 17:17:49
2026-08-06,EMR,Missouri voters reject measure to end income tax,seekingalpha/EMR,,,2026-09-22 17:17:49
2026-08-06,EVRG,"Evergy, Inc. 2026 Q2 - Results - Earnings Call Presentation",seekingalpha/EVRG,,,2026-09-22 17:17:49
2026-08-06,FRT,Federal Realty OP launches $400M exchangeable notes offering,seekingalpha/FRT,,,2026-09-22 17:17:49
2026-08-06,GEN,Gen Digital Inc. (GEN) Q1 2027 Earnings Call Transcript,seekingalpha/GEN,,,2026-09-22 17:17:49
2026-08-06,GEN,Gen Digital Inc. 2027 Q1 - Results - Earnings Call Presentation,seekingalpha/GEN,,,2026-09-22 17:17:49
2026-08-06,GEN,Gen projects 9% to 11% revenue growth and 14% to 18% non-GAAP EPS growth for fiscal 2027 as it raises outlook,seekingalpha/GEN,,,2026-09-22 17:17:49
2026-08-06,GL,Globe Life declares $0.33 dividend,seekingalpha/GL,,,2026-09-22 17:17:49
2026-08-06,GPN,Global Payments raised to Buy equivalent at Wolfe Research,seekingalpha/GPN,,,2026-09-22 17:17:49
2026-08-06,GWW,W.W. Grainger: Why I Bought The Post-Earnings Pullback,seekingalpha/GWW,,,2026-09-22 17:17:49
2026-08-06,HST,Host Hotels raises 2026 RevPAR growth outlook to 4.75%-5.25% while guiding $1.830B adjusted EBITDAre midpoint,seekingalpha/HST,,,2026-09-22 17:17:49
2026-08-06,IFF,International Flavors & Fragrances Inc. 2026 Q2 - Results - Earnings Call Presentation,seekingalpha/IFF,,,2026-09-22 17:17:49
2026-08-06,IRM,Iron Mountain Incorporated 2026 Q2 - Results - Earnings Call Presentation,seekingalpha/IRM,,,2026-09-22 17:17:49
2026-08-06,MAR,Marriott declares $0.73 dividend,seekingalpha/MAR,,,2026-09-22 17:17:49
2026-08-06,MCO,Financial firms targeted by ransom-seeking hackers - report,seekingalpha/MCO,,,2026-09-22 17:17:49
2026-08-06,MET,MetLife outlines new $3B buyback authorization while keeping MIM at $240M-$280M for 2026,seekingalpha/MET,,,2026-09-22 17:17:49
2026-08-06,MET,MetLife's Q2 Earnings Beat Reaffirms The Buy Case As Organic Growth Stands Out,seekingalpha/MET,,,2026-09-22 17:17:49
2026-08-06,MET,"MetLife, Inc. (MET) Q2 2026 Earnings Call Transcript",seekingalpha/MET,,,2026-09-22 17:17:49
2026-08-06,MET,"MetLife, Inc. 2026 Q2 - Results - Earnings Call Presentation",seekingalpha/MET,,,2026-09-22 17:17:49
2026-08-06,MNST,Monster Beverage Corporation (MNST) Q2 2026 Earnings Call Transcript,seekingalpha/MNST,,,2026-09-22 17:17:49
2026-08-06,MNST,"Monster outlines selective Q4 2026 pricing actions while planning Dec. 1, 2026 investor meeting",seekingalpha/MNST,,,2026-09-22 17:17:49
2026-08-06,NCLH,"Norwegian Cruise Line: Revenue Is Cruising, But Profitability Is Drifting - Hold",seekingalpha/NCLH,,,2026-09-22 17:17:49
2026-08-06,NRG,NRG Energy: Aggressive GW Expansion (Rating Upgrade),seekingalpha/NRG,,,2026-09-22 17:17:49
2026-08-06,NWS,News Corporation declares $0.10 dividend,seekingalpha/NWS,,,2026-09-22 17:17:49
2026-08-06,OXY,Occidental expects flat production and capex in 2027,seekingalpha/OXY,,,2026-09-22 17:17:49
2026-08-06,PH,Parker-Hannifin Corporation (PH) Q4 2026 Earnings Call Transcript,seekingalpha/PH,,,2026-09-22 17:17:49
2026-08-06,PH,Parker-Hannifin Corporation 2026 Q4 - Results - Earnings Call Presentation,seekingalpha/PH,,,2026-09-22 17:17:49
2026-08-06,PH,Parker-Hannifin targets 30% adjusted segment operating margin by FY ’31 while forecasting $34.75 FY ’27 adjusted EPS,seekingalpha/PH,,,2026-09-22 17:17:49
2026-08-06,PH,Parker-Hannifin: Powering On,seekingalpha/PH,,,2026-09-22 17:17:49
2026-08-06,PODD,Insulet Corporation Is Getting Closer To An Upgrade After Its Large Plunge,seekingalpha/PODD,,,2026-09-22 17:17:49
2026-08-06,PSA,Public Storage declares $3.00 dividend,seekingalpha/PSA,,,2026-09-22 17:17:49
2026-08-06,RCL,Royal Caribbean announces pricing of $1.25B senior unsecured notes due 2034,seekingalpha/RCL,,,2026-09-22 17:17:49
2026-08-06,RL,Ralph Lauren raises FY2027 revenue growth outlook to 5%-6% with operating margin expansion of 60-80 bps,seekingalpha/RL,,,2026-09-22 17:17:49
2026-08-06,RMD,ResMed expects FY 2027 revenue of $5.75B-$5.85B and non-GAAP EPS of $12-$12.25 while accelerating $1.85B+ shareholder returns,seekingalpha/RMD,,,2026-09-22 17:17:49
2026-08-06,RSG,Republic Services projects 2026 adjusted EPS of $7.23-$7.28 as it raises full-year guidance,seekingalpha/RSG,,,2026-09-22 17:17:49
2026-08-06,RSG,"Republic Services, Inc. (RSG) Q2 2026 Earnings Call Transcript",seekingalpha/RSG,,,2026-09-22 17:17:49
2026-08-06,SNA,Snap-On declares $2.44 dividend,seekingalpha/SNA,,,2026-09-22 17:17:49
2026-08-06,STE,STERIS plc (STE) Q1 2027 Earnings Call Transcript,seekingalpha/STE,,,2026-09-22 17:17:49
2026-08-06,STE,Steris maintains fiscal 2027 EPS $11.10-$11.30 while planning $600M North Carolina chemistry center of excellence,seekingalpha/STE,,,2026-09-22 17:17:49
2026-08-06,TPL,Texas Pacific Land Corporation (TPL) Q2 2026 Earnings Call Transcript,seekingalpha/TPL,,,2026-09-22 17:17:49
2026-08-06,TPL,Tpl outlines 25 gw of power-and-compute discussions while reaffirming $65m-$75m capex guide,seekingalpha/TPL,,,2026-09-22 17:17:49
2026-08-06,TRGP,Targa expects 2026 adjusted EBITDA toward top end of $5.7B-$5.9B range as Permian volumes rise 450 MMcf/d vs. Q1,seekingalpha/TRGP,,,2026-09-22 17:17:49
2026-08-06,TSCO,Tractor Supply declares $0.24 dividend,seekingalpha/TSCO,,,2026-09-22 17:17:49
2026-08-06,VTRS,Viatris Inc. (VTRS) Q2 2026 Earnings Call Transcript,seekingalpha/VTRS,,,2026-09-22 17:17:49
2026-08-06,VTRS,Viatris Inc. 2026 Q2 - Results - Earnings Call Presentation,seekingalpha/VTRS,,,2026-09-22 17:17:49
2026-08-06,VTRS,Viatris raises 2026 outlook while targeting $500M peak sales for fast-acting meloxicam,seekingalpha/VTRS,,,2026-09-22 17:17:49
2026-08-06,WYNN,"Wynn Resorts: Slow In Las Vegas, Strong In Macau",seekingalpha/WYNN,,,2026-09-22 17:17:49
2026-08-06,ZBRA,Zebra Technologies: Buying After A Big Move,seekingalpha/ZBRA,,,2026-09-22 17:17:49
2026-08-07,AFL,Aflac Incorporated (AFL) Q2 2026 Earnings Call Transcript,seekingalpha/AFL,,,2026-09-22 17:17:49
2026-08-07,AFL,Aflac Incorporated 2026 Q2 - Results - Earnings Call Presentation,seekingalpha/AFL,,,2026-09-22 17:17:49
2026-08-07,AFL,Aflac expects Japan 2026 benefit ratio at high end of 60%-63% range while targeting $50M+ run-rate lift from portfolio repositioning,seekingalpha/AFL,,,2026-09-22 17:17:49
2026-08-07,AIG,AIG targets general insurance expense ratio below 30% in 2027 while contracting Lexington property,seekingalpha/AIG,,,2026-09-22 17:17:49
2026-08-07,AIG,"American International Group, Inc. (AIG) Q2 2026 Earnings Call Transcript",seekingalpha/AIG,,,2026-09-22 17:17:49
2026-08-07,AIG,"American International Group, Inc. 2026 Q2 - Results - Earnings Call Presentation",seekingalpha/AIG,,,2026-09-22 17:17:49
2026-08-07,ALGN,Align Technology: A Structurally Better Business Trading At A Structurally Lower Multiple,seekingalpha/ALGN,,,2026-09-22 17:17:49
2026-08-07,AME,Ametek declares $0.34 dividend,seekingalpha/AME,,,2026-09-22 17:17:49
2026-08-07,CDW,CDW Corporation: Operating Leverage Fading As The Sales Shift,seekingalpha/CDW,,,2026-09-22 17:17:49
2026-08-07,CTSH,"Cognizant: Cognizant Of AI Fears, But Also Of The Opportunity",seekingalpha/CTSH,,,2026-09-22 17:17:49
2026-08-07,DD,U.S. court approves New Jersey PFAS settlements totaling $2.5B,seekingalpha/DD,,,2026-09-22 17:17:49
2026-08-07,DOC,Healthpeak Properties: The Market Still Underestimates Its Recovery Potential,seekingalpha/DOC,,,2026-09-22 17:17:49
2026-08-07,FRT,Federal Realty prices $400M senior notes offering,seekingalpha/FRT,,,2026-09-22 17:17:49
2026-08-07,ITW,Illinois Tool Works Inc. raises quarterly dividend by 6.8% to  $1.72/share,seekingalpha/ITW,,,2026-09-22 17:17:49
2026-08-07,MPWR,"Monolithic Power Systems, Inc. 2026 Q2 - Results - Earnings Call Presentation",seekingalpha/MPWR,,,2026-09-22 17:17:49
2026-08-07,MSCI,"MSCI: The Market Can't Settle On A Stable Price, Driving Opportunity",seekingalpha/MSCI,,,2026-09-22 17:17:49
2026-08-07,PCAR,PACCAR Inc 2026 Q2 - Results - Earnings Call Presentation,seekingalpha/PCAR,,,2026-09-22 17:17:49
2026-08-07,PPL,PPL Corporation (PPL) Q2 2026 Earnings Call Transcript,seekingalpha/PPL,,,2026-09-22 17:17:49
2026-08-07,PPL,PPL projects 6% to 8% annual EPS growth through at least 2029 as signed Pennsylvania data center agreements reach 32 GW,seekingalpha/PPL,,,2026-09-22 17:17:49
2026-08-07,RMD,ResMed drops despite quarterly beats,seekingalpha/RMD,,,2026-09-22 17:17:49
2026-08-07,RMD,ResMed raises dividend by 10% to $0.66,seekingalpha/RMD,,,2026-09-22 17:17:49
2026-08-07,RSG,Republic Services raises dividend by 7.2% to $0.67,seekingalpha/RSG,,,2026-09-22 17:17:49
2026-08-07,TAP,Molson Coors Beverage Company 2026 Q2 - Results - Earnings Call Presentation,seekingalpha/TAP,,,2026-09-22 17:17:49
2026-08-07,WAT,Waters Corporation 2026 Q2 - Results - Earnings Call Presentation,seekingalpha/WAT,,,2026-09-22 17:17:49
2026-08-07,WEC,WEC Energy Group Q2: New Entry Prices For A Key AI Data Center Power Play,seekingalpha/WEC,,,2026-09-22 17:17:49
2026-08-08,EOG,Earnings Scorecard: All 12 S&P 500 Energy stocks beat EPS estimates this week,seekingalpha/EOG,,,2026-09-22 17:17:49
2026-08-08,MCK,McKesson: Solid Q1 Earnings And Management Execution (Rating Upgrade),seekingalpha/MCK,,,2026-09-22 17:17:49
2026-08-08,OKE,Earnings Scorecard: All 12 S&P 500 Energy stocks beat EPS estimates this week,seekingalpha/OKE,,,2026-09-22 17:17:49
2026-08-08,OXY,Earnings Scorecard: All 12 S&P 500 Energy stocks beat EPS estimates this week,seekingalpha/OXY,,,2026-09-22 17:17:49
2026-08-08,PNC,PNC Financial: Coast-To-Coast Banking Expansion Continues,seekingalpha/PNC,,,2026-09-22 17:17:49
2026-08-08,PSA,Public Storage: Preferred Shares Poised To Benefit From Lower Interest Rates,seekingalpha/PSA,,,2026-09-22 17:17:49
2026-08-08,RSG,Republic Services: A Good Quarter And More Attractive Valuation,seekingalpha/RSG,,,2026-09-22 17:17:49
2026-08-08,STE,Earnings Scorecard: 95% of healthcare firms deliver EPS wins this week,seekingalpha/STE,,,2026-09-22 17:17:49
2026-08-08,VXUS,VXUS: Why I Wouldn't Retire With U.S. Stocks Alone,seekingalpha/VXUS,,,2026-09-22 17:17:49
2026-08-09,AFL,"Aflac: Reliable Dividend Compounder, Premium Justified, But Meaningful Upside Unlikely",seekingalpha/AFL,,,2026-09-22 17:17:49
2026-08-09,FSLR,"Solar tariffs are major boost for First Solar, analysts say",seekingalpha/FSLR,,,2026-09-22 17:17:49
2026-08-09,PLD,"Key deals this week: Bending Spoons, Advanced Micro Devices, Visa, Prologis, and more",seekingalpha/PLD,,,2026-09-22 17:17:49
2026-08-09,RL,"Ralph Lauren Posts Another Earnings Beat, As Bull Case Is Reaffirmed On Durability",seekingalpha/RL,,,2026-09-22 17:17:49
2026-08-10,AIG,American International Group: Execution Is The Key,seekingalpha/AIG,,,2026-09-22 17:17:49
2026-08-10,BEN,Franklin Resources: A Better Business At A Higher Price,seekingalpha/BEN,,,2026-09-22 17:17:49
2026-08-10,BR,Broadridge's Distributed Ledger Repo transactions rise 28% Y/Y in July,seekingalpha/BR,,,2026-09-22 17:17:49
2026-08-10,CNP,CenterPoint Energy: Not Exciting After The Pullback,seekingalpha/CNP,,,2026-09-22 17:17:49
2026-08-10,DOV,Dover raises dividend by 1% to $0.525,seekingalpha/DOV,,,2026-09-22 17:17:49
2026-08-10,DUK,Duke Energy launches $1.75B equity units offering,seekingalpha/DUK,,,2026-09-22 17:17:49
2026-08-10,EBAY,GameStop's Cohen reportedly pulling eBay offer -- Bloomberg,seekingalpha/EBAY,,,2026-09-22 17:17:49
2026-08-10,EBAY,Wall Street Lunch: GameStop CEO Ryan Cohen Reconsiders EBay Takeover: Bloomberg,seekingalpha/EBAY,,,2026-09-22 17:17:49
2026-08-10,FERG,"Ferguson Delivers Another Solid Quarter, Despite A Muted Macro",seekingalpha/FERG,,,2026-09-22 17:17:49
2026-08-10,FERG,Ferguson Enterprises Inc. (FERG) Q2 2026 Earnings Call Transcript,seekingalpha/FERG,,,2026-09-22 17:17:49
2026-08-10,FERG,Ferguson Enterprises Inc. 2026 Q2 - Results - Earnings Call Presentation,seekingalpha/FERG,,,2026-09-22 17:17:49
2026-08-10,FERG,Ferguson Enterprises beats top-line and bottom-line estimates; updates FY26 outlook,seekingalpha/FERG,,,2026-09-22 17:17:49
2026-08-10,FERG,Ferguson targets 9.5%-9.8% FY2026 operating margin while planning $1.6B FloWorks deal,seekingalpha/FERG,,,2026-09-22 17:17:49
2026-08-10,GL,Globe Life sets $2.5B stock buyback plan,seekingalpha/GL,,,2026-09-22 17:17:49
2026-08-10,HII,Huntington Ingalls: The Submarine Boom Is Not Priced In,seekingalpha/HII,,,2026-09-22 17:17:49
2026-08-10,HST,"Host Hotels & Resorts, Inc. 2026 Q2 - Results - Earnings Call Presentation",seekingalpha/HST,,,2026-09-22 17:17:49
2026-08-10,INVH,Invitation Homes: The Market Is Still Undervaluing This Housing REIT,seekingalpha/INVH,,,2026-09-22 17:17:49
2026-08-10,MAR,Ryman Hospitality Properties to buy Grande Lakes Orlando Resort for $1.38B,seekingalpha/MAR,,,2026-09-22 17:17:49
2026-08-10,MLM,Martin Marietta Materials: Aggregate Player Gradually Gains My Interest,seekingalpha/MLM,,,2026-09-22 17:17:49
2026-08-10,RCL,Royal Caribbean added as new long idea at Hedgeye,seekingalpha/RCL,,,2026-09-22 17:17:49
2026-08-10,TDY,Teledyne to acquire Varex Imaging in $1.1B cash deal; VREX shares soar 47%,seekingalpha/TDY,,,2026-09-22 17:17:49
2026-08-10,XYL,Xylem: The Rebound Battles Sentiment,seekingalpha/XYL,,,2026-09-22 17:17:49
2026-08-11,BLDR,Builders FirstSource: An Interesting Public Leveraged Buyout,seekingalpha/BLDR,,,2026-09-22 17:17:49
2026-08-11,CHRW,"C.H. Robinson Worldwide, Inc. (CHRW) Presents at Deutsche Bank's Chicago Industrials Summit Transcript",seekingalpha/CHRW,,,2026-09-22 17:17:49
2026-08-11,DUK,Duke Energy prices $1.75B equity units offering,seekingalpha/DUK,,,2026-09-22 17:17:49
2026-08-11,EOG,EOG Resources: Upgrading To Buy,seekingalpha/EOG,,,2026-09-22 17:17:49
2026-08-11,ETR,Who benefits as AI data centers create a power shortage?,seekingalpha/ETR,,,2026-09-22 17:17:49
2026-08-11,FERG,Ferguson prices $1.2B senior notes offering,seekingalpha/FERG,,,2026-09-22 17:17:49
2026-08-11,FSLR,First Solar raised to Buy at Baird as Section 232 decision clears path for bookings to resume,seekingalpha/FSLR,,,2026-09-22 17:17:49
2026-08-11,GDDY,"GoDaddy Inc. (GDDY) Presents at Oppenheimer 29th Annual Technology, Internet & Communications Conference Transcript",seekingalpha/GDDY,,,2026-09-22 17:17:49
2026-08-11,GPC,Genuine Parts declares $1.0625 dividend,seekingalpha/GPC,,,2026-09-22 17:17:49
2026-08-11,JBHT,"J.B. Hunt Transport Services, Inc. (JBHT) Presents at Deutsche Bank's Chicago Industrials Summit Transcript",seekingalpha/JBHT,,,2026-09-22 17:17:49
2026-08-11,JBL,"AI, chip stocks mixed after Nvidia's $500B AI financing deal",seekingalpha/JBL,,,2026-09-22 17:17:49
2026-08-11,JBL,Jabil: The AI Infrastructure Bottleneck Is Moving Into Its Factory Network,seekingalpha/JBL,,,2026-09-22 17:17:49
2026-08-11,KMI,"Phillips 66, Kinder Morgan, HF Sinclair to move forward with $5B Western Gateway Pipeline",seekingalpha/KMI,,,2026-09-22 17:17:49
2026-08-11,LII,Lennox International Inc. (LII) Presents at Deutsche Bank's Chicago Industrials Summit Transcript,seekingalpha/LII,,,2026-09-22 17:17:49
2026-08-11,LVS,Portfolio check: The biggest SA Quant downgrades over the past week,seekingalpha/LVS,,,2026-09-22 17:17:49
2026-08-11,MAS,Masco Corporation (MAS) Presents at Deutsche Bank's Chicago Industrials Summit Transcript,seekingalpha/MAS,,,2026-09-22 17:17:49
2026-08-11,MPWR,Monolithic Power initiated with a Buy rating at GF Securities,seekingalpha/MPWR,,,2026-09-22 17:17:49
2026-08-11,NEM,Newmont’s rally is running hot: Stock gains 12% in one week; more upside ahead?,seekingalpha/NEM,,,2026-09-22 17:17:49
2026-08-11,NI,NiSource declares $0.30 dividend,seekingalpha/NI,,,2026-09-22 17:17:49
2026-08-11,ROP,"Roper Technologies, Inc. (ROP) Presents at Oppenheimer 29th Annual Technology, Internet & Communications Conference Transcript",seekingalpha/ROP,,,2026-09-22 17:17:49
2026-08-11,SOLV,"Curreen Capital adds Optimum Communications, and Green Dot; exits four positions",seekingalpha/SOLV,,,2026-09-22 17:17:49
2026-08-11,TDY,Teledyne: More And Larger M&A Efforts With Varex,seekingalpha/TDY,,,2026-09-22 17:17:49
2026-08-11,TDY,Teledyne: Varex Acquisition Strengthens The Buy Case,seekingalpha/TDY,,,2026-09-22 17:17:49
2026-08-11,TPL,Texas Pacific Land: Priced For Perfection,seekingalpha/TPL,,,2026-09-22 17:17:49
2026-08-11,XYL,Xylem to buy Cornell Pump and Roper Pump in $1.46B deal,seekingalpha/XYL,,,2026-09-22 17:17:49
2026-08-12,ALGN,Align wins China patent ruling against Angelalign,seekingalpha/ALGN,,,2026-09-22 17:17:49
2026-08-12,APTV,Aptiv PLC (APTV) Presents at J.P. Morgan Automotive Conference Transcript,seekingalpha/APTV,,,2026-09-22 17:17:49
2026-08-12,BNY,BNY strategist's 'Katsu Curry Index' shows massive yen disconnect,seekingalpha/BNY,,,2026-09-22 17:17:49
2026-08-12,BR,Broadridge Financial: Monetizing Its Own Disruption,seekingalpha/BR,,,2026-09-22 17:17:49
2026-08-12,BXP,"BXP, Inc.: Fundamentals Moving In The Right Direction",seekingalpha/BXP,,,2026-09-22 17:17:49
2026-08-12,COR,Cencora dips on loss of some Walgreens business,seekingalpha/COR,,,2026-09-22 17:17:49
2026-08-12,DGX,Quest Diagnostics declares $0.86 dividend,seekingalpha/DGX,,,2026-09-22 17:17:49
2026-08-12,DHI,Trump administration mulls cut to capital gains tax on home sales - report,seekingalpha/DHI,,,2026-09-22 17:17:49
2026-08-12,EG,Everest Group declares $2.00 dividend,seekingalpha/EG,,,2026-09-22 17:17:49
2026-08-12,ESS,Trump administration mulls cut to capital gains tax on home sales - report,seekingalpha/ESS,,,2026-09-22 17:17:49
2026-08-12,EW,"Edwards Lifesciences: Cheap Against Itself, Expensive Against Everything Else",seekingalpha/EW,,,2026-09-22 17:17:49
2026-08-12,EW,"Edwards Lifesciences: Strong Execution, But Little Room For Error At $90",seekingalpha/EW,,,2026-09-22 17:17:49
2026-08-12,FANG,Diamondback Energy: Strong Oil Leverage And Low Production Costs,seekingalpha/FANG,,,2026-09-22 17:17:49
2026-08-12,GPN,Global Payments: The Market Is Still Far Too Pessimistic,seekingalpha/GPN,,,2026-09-22 17:17:49
2026-08-12,IR,Ingersoll Rand Inc. (IR) Presents at Deutsche Bank's Chicago Industrials Summit Transcript,seekingalpha/IR,,,2026-09-22 17:17:49
2026-08-12,ISRG,Intuitive Surgical upgraded at Oppenheimer on robotic surgery market growth,seekingalpha/ISRG,,,2026-09-22 17:17:49
2026-08-12,IVZ,"Goldman, JPMorgan, Invesco test blockchain for day-to-day trading",seekingalpha/IVZ,,,2026-09-22 17:17:49
2026-08-12,IVZ,"Nelson Peltz's Trian ups GE HealthCare, Wendy's stake",seekingalpha/IVZ,,,2026-09-22 17:17:49
2026-08-12,MAS,Masco declares $0.32 dividend,seekingalpha/MAS,,,2026-09-22 17:17:49
2026-08-12,MLM,Martin Marietta prices $5.5B debt offering,seekingalpha/MLM,,,2026-09-22 17:17:49
2026-08-12,MSCI,Over 80% of country ETFs are above 50-day MAs as the global rally broadens,seekingalpha/MSCI,,,2026-09-22 17:17:49
2026-08-12,PCAR,Einride partners with PACCAR to advance Level 4 autonomous plans,seekingalpha/PCAR,,,2026-09-22 17:17:49
2026-08-12,PHM,PulteGroup enters repurchase pact to finance mortgage originations,seekingalpha/PHM,,,2026-09-22 17:17:49
2026-08-12,PHM,Trump administration mulls cut to capital gains tax on home sales - report,seekingalpha/PHM,,,2026-09-22 17:17:49
2026-08-12,SWK,Stanley Black & Decker to invest $1B in U.S. through 2028,seekingalpha/SWK,,,2026-09-22 17:17:49
2026-08-12,TECH,"Bio-Techne Non-GAAP EPS of $0.52 in-line, revenue of $321.19M beats by $6.67M",seekingalpha/TECH,,,2026-09-22 17:17:49
2026-08-12,TECH,Bio-Techne declares $0.08 dividend,seekingalpha/TECH,,,2026-09-22 17:17:49
2026-08-12,TRMB,Trimble Inc. (TRMB) Q2 2026 Earnings Call Transcript,seekingalpha/TRMB,,,2026-09-22 17:17:49
2026-08-12,TRMB,Trimble Inc. 2026 Q2 - Results - Earnings Call Presentation,seekingalpha/TRMB,,,2026-09-22 17:17:49
2026-08-12,TRMB,Trimble raises 2026 guidance to $3.925B revenue and $3.65 EPS while launching strategic review of Transportation & logistics,seekingalpha/TRMB,,,2026-09-22 17:17:49
2026-08-12,TYL,"Tyler Technologies, Inc. (TYL) Presents at Oppenheimer 29th Annual Technology, Internet & Communications Conference Transcript",seekingalpha/TYL,,,2026-09-22 17:17:49
2026-08-12,XYL,"Xylem: A Strong Order Intake, More M&A",seekingalpha/XYL,,,2026-09-22 17:17:49
2026-08-13,AIZ,Assurant declares $0.88 dividend,seekingalpha/AIZ,,,2026-09-22 17:17:49
2026-08-13,ALL,Allstate: Priced For A 94.1 Combined Ratio It Has Never Sustained,seekingalpha/ALL,,,2026-09-22 17:17:49
2026-08-13,AMCR,Amcor: This Dividend Aristocrat Still Looks Deeply Undervalued,seekingalpha/AMCR,,,2026-09-22 17:17:49
2026-08-13,AVY,"Industrial recovery broadens as capex, pricing and demand improve, UBS says",seekingalpha/AVY,,,2026-09-22 17:17:49
2026-08-13,BALL,"Industrial recovery broadens as capex, pricing and demand improve, UBS says",seekingalpha/BALL,,,2026-09-22 17:17:49
2026-08-13,BDX,"Becton, Dickinson: An Earnings Beat Again As Diverse Clinical Portfolio Keeps On Growing",seekingalpha/BDX,,,2026-09-22 17:17:49
2026-08-13,BEN,Aggregate assets under management fall in July as broader markets pull back,seekingalpha/BEN,,,2026-09-22 17:17:49
2026-08-13,CB,Chubb declares $1.02 dividend,seekingalpha/CB,,,2026-09-22 17:17:49
2026-08-13,DOV,"Industrial recovery broadens as capex, pricing and demand improve, UBS says",seekingalpha/DOV,,,2026-09-22 17:17:49
2026-08-13,EMR,Emerson awarded BP automation contract for $2.9B Shah Deniz project,seekingalpha/EMR,,,2026-09-22 17:17:49
2026-08-13,FDS,FactSet Research Systems declares $1.16 dividend,seekingalpha/FDS,,,2026-09-22 17:17:49
2026-08-13,FDXF,"FedEx Freight Holding Company, Inc. (FDXF) Presents at Deutsche Bank's Chicago Industrials Summit Transcript",seekingalpha/FDXF,,,2026-09-22 17:17:49
2026-08-13,HII,Trump orders Navy to return to steam catapults on future Ford-class carriers,seekingalpha/HII,,,2026-09-22 17:17:49
2026-08-13,HLT,Hilton Worldwide attracts a new bull rating from Deutsche Bank amid strong RevPAR trends,seekingalpha/HLT,,,2026-09-22 17:17:49
2026-08-13,IP,"Industrial recovery broadens as capex, pricing and demand improve, UBS says",seekingalpha/IP,,,2026-09-22 17:17:49
2026-08-13,IR,"Industrial recovery broadens as capex, pricing and demand improve, UBS says",seekingalpha/IR,,,2026-09-22 17:17:49
2026-08-13,IVZ,Aggregate assets under management fall in July as broader markets pull back,seekingalpha/IVZ,,,2026-09-22 17:17:49
2026-08-13,JCI,"Industrial recovery broadens as capex, pricing and demand improve, UBS says",seekingalpha/JCI,,,2026-09-22 17:17:49
2026-08-13,KEY,KeyCorp: Assessing The Appeal Of Its Preferred Shares At Current Trajectory,seekingalpha/KEY,,,2026-09-22 17:17:49
2026-08-13,LYV,Live Nation Entertainment: Demand Remains Strong,seekingalpha/LYV,,,2026-09-22 17:17:49
2026-08-13,OXY,Occidental Petroleum: Fundamental Improvements Are Still Underappreciated,seekingalpha/OXY,,,2026-09-22 17:17:49
2026-08-13,PH,"Industrial recovery broadens as capex, pricing and demand improve, UBS says",seekingalpha/PH,,,2026-09-22 17:17:49
2026-08-13,PKG,"Industrial recovery broadens as capex, pricing and demand improve, UBS says",seekingalpha/PKG,,,2026-09-22 17:17:49
2026-08-13,PWR,"Industrial recovery broadens as capex, pricing and demand improve, UBS says",seekingalpha/PWR,,,2026-09-22 17:17:49
2026-08-13,SW,"Industrial recovery broadens as capex, pricing and demand improve, UBS says",seekingalpha/SW,,,2026-09-22 17:17:49
2026-08-13,TECH,Bio-Techne declares $0.08 dividend,seekingalpha/TECH,,,2026-09-22 17:17:49
2026-08-13,TECH,"Earnings optimism broadens: health care, industrials, and real estate join tech",seekingalpha/TECH,,,2026-09-22 17:17:49
2026-08-13,TPR,Tapestry raises dividend by 15.6% to $0.4625,seekingalpha/TPR,,,2026-09-22 17:17:49
2026-08-13,TROW,Aggregate assets under management fall in July as broader markets pull back,seekingalpha/TROW,,,2026-09-22 17:17:49
2026-08-13,TT,"Industrial recovery broadens as capex, pricing and demand improve, UBS says",seekingalpha/TT,,,2026-09-22 17:17:49
2026-08-13,URI,"Industrial recovery broadens as capex, pricing and demand improve, UBS says",seekingalpha/URI,,,2026-09-22 17:17:49
2026-08-13,WTW,"Seth Klarman's Baupost adds Pershing Square in Q2; boosts Amazon, Alphabet",seekingalpha/WTW,,,2026-09-22 17:17:49
2026-08-13,XYL,Xylem declares $0.43 dividend,seekingalpha/XYL,,,2026-09-22 17:17:49
2026-08-14,ADP,Automatic Data Processing: Scoop Up This Dividend Growth Gem Now,seekingalpha/ADP,,,2026-09-22 17:17:49
2026-08-14,AEE,Ameren declares $0.75 dividend,seekingalpha/AEE,,,2026-09-22 17:17:49
2026-08-14,AEP,"Soros adds American Electric Power, exits Salesforce, boosts Entergy stake, among Q2 trades",seekingalpha/AEP,,,2026-09-22 17:17:49
2026-08-14,ALB,Lithium At $20/Kg: Why Albemarle Still Has Room To Run,seekingalpha/ALB,,,2026-09-22 17:17:49
2026-08-14,BDX,"Starboard adds Dynatrace, Flowserve, and exits Beckton Dickson, among top Q2 trades",seekingalpha/BDX,,,2026-09-22 17:17:49
2026-08-14,CB,"Dividend Roundup: Microsoft, Chevron, Dow, Chubb, and more",seekingalpha/CB,,,2026-09-22 17:17:49
2026-08-14,CSGP,"Corvex adds Vistra, Planet Fitness, exits CoStar, and Lionsgate among Q2 trades",seekingalpha/CSGP,,,2026-09-22 17:17:49
2026-08-14,DHR,Danaher: 2027 Growth Reacceleration Should Drive Upside,seekingalpha/DHR,,,2026-09-22 17:17:49
2026-08-14,DOW,"Dividend Roundup: Microsoft, Chevron, Dow, Chubb, and more",seekingalpha/DOW,,,2026-09-22 17:17:49
2026-08-14,DPZ,Domino's Pizza: Consumer Weakness Is The Opportunity,seekingalpha/DPZ,,,2026-09-22 17:17:49
2026-08-14,DPZ,Domino's Pizza: Don't Overlook Its Growth And Potential Upside,seekingalpha/DPZ,,,2026-09-22 17:17:49
2026-08-14,DPZ,Domino's Pizza: Franchise Performance Divergence Is Starting To Bite (Downgrade),seekingalpha/DPZ,,,2026-09-22 17:17:49
2026-08-14,ESS,Essex Property Trust: Premium Is The Point,seekingalpha/ESS,,,2026-09-22 17:17:49
2026-08-14,ETR,"Soros adds American Electric Power, exits Salesforce, boosts Entergy stake, among Q2 trades",seekingalpha/ETR,,,2026-09-22 17:17:49
2026-08-14,IDXX,"IDEXX Laboratories, Inc. (IDXX) Analyst/Investor Day - Slideshow",seekingalpha/IDXX,,,2026-09-22 17:17:49
2026-08-14,LYB,LyondellBasell declares $0.69 dividend,seekingalpha/LYB,,,2026-09-22 17:17:49
2026-08-14,MLM,Martin Marietta Materials raises dividend to $0.84 per share,seekingalpha/MLM,,,2026-09-22 17:17:49
2026-08-14,MSCI,MSCI's new index rules could lead to 3 stock deletions and put 3 on the watchlist,seekingalpha/MSCI,,,2026-09-22 17:17:49
2026-08-14,NWSA,"Starboard adds Dynatrace, Flowserve, and exits Beckton Dickson, among top Q2 trades",seekingalpha/NWSA,,,2026-09-22 17:17:49
2026-08-14,ROL,Rollins: The Selloff Has Created A Compelling Opportunity,seekingalpha/ROL,,,2026-09-22 17:17:49
2026-08-14,STLD,Steel Dynamics declares $0.53 dividend,seekingalpha/STLD,,,2026-09-22 17:17:49
2026-08-14,UPS,"UPS: Amazon Scale Down Done, But Growth Still Capped",seekingalpha/UPS,,,2026-09-22 17:17:49
2026-08-14,VXUS,"ETF giants BlackRock, Vanguard, and State Street see inflows slide as competition explodes",seekingalpha/VXUS,,,2026-09-22 17:17:49
2026-08-14,WY,Weyerhaeuser declares $0.21 dividend,seekingalpha/WY,,,2026-09-22 17:17:49
2026-08-15,AKAM,"Notable tech headlines for the week: Super Micro, Intel, Workday in focus",seekingalpha/AKAM,,,2026-09-22 17:17:49
2026-08-15,AMCR,Earnings Scoreboard: 9 of 10 key S&P 500 reporting firms top EPS estimates and deliver Y/Y growth,seekingalpha/AMCR,,,2026-09-22 17:17:49
2026-08-15,CAH,Earnings Scoreboard: 9 of 10 key S&P 500 reporting firms top EPS estimates and deliver Y/Y growth,seekingalpha/CAH,,,2026-09-22 17:17:49
2026-08-15,CBRE,"CBRE: A Diversified Real Estate Brand Worth Holding, As Q2 Saw Meaningful Growth",seekingalpha/CBRE,,,2026-09-22 17:17:49
2026-08-15,FSLR,"Notable tech headlines for the week: Super Micro, Intel, Workday in focus",seekingalpha/FSLR,,,2026-09-22 17:17:49
2026-08-15,KEY,"KeyCorp: Aggressive Share Buyback Boosts EPS, Preferred Shares Are Interesting",seekingalpha/KEY,,,2026-09-22 17:17:49
2026-08-15,NWS,Remember MySpace? The social media pioneer eyes a comeback for the ages,seekingalpha/NWS,,,2026-09-22 17:17:49
2026-08-15,SPG,Earnings Scoreboard: 9 of 10 key S&P 500 reporting firms top EPS estimates and deliver Y/Y growth,seekingalpha/SPG,,,2026-09-22 17:17:49
2026-08-15,TPR,Earnings Scoreboard: 9 of 10 key S&P 500 reporting firms top EPS estimates and deliver Y/Y growth,seekingalpha/TPR,,,2026-09-22 17:17:49
2026-08-15,TPR,Tapestry: Stock Price Pessimism Following FY26 Results Is Unwarranted,seekingalpha/TPR,,,2026-09-22 17:17:49
2026-08-15,TRMB,Earnings Scoreboard: 9 of 10 key S&P 500 reporting firms top EPS estimates and deliver Y/Y growth,seekingalpha/TRMB,,,2026-09-22 17:17:49
2026-08-15,UDR,UDR: Almost A Coastal REIT,seekingalpha/UDR,,,2026-09-22 17:17:49
2026-08-15,WTW,Willis Towers Watson: Newfound AI Optimism Reflected In Shares (Rating Downgrade),seekingalpha/WTW,,,2026-09-22 17:17:49
2026-08-16,ALB,Albemarle: Covering My Short As Cost Cuts Drive An Attractive Valuation (Rating Upgrade),seekingalpha/ALB,,,2026-09-22 17:17:49
2026-08-16,AOS,U.S. air-conditioner shipments jump in June as H1 growth remains modest,seekingalpha/AOS,,,2026-09-22 17:17:49
2026-08-16,APA,"APA Corporation: Five Years Of Portfolio Discipline, One Deepwater Bet",seekingalpha/APA,,,2026-09-22 17:17:49
2026-08-16,CARR,U.S. air-conditioner shipments jump in June as H1 growth remains modest,seekingalpha/CARR,,,2026-09-22 17:17:49
2026-08-16,CHD,Church & Dwight: Volume-Driven Growth And Margin Recovery Support A Buy,seekingalpha/CHD,,,2026-09-22 17:17:49
2026-08-16,ECHO,Charlie Ergen’s CONX to acquire control of MobileX in $200M deal,seekingalpha/ECHO,,,2026-09-22 17:17:49
2026-08-16,JCI,U.S. air-conditioner shipments jump in June as H1 growth remains modest,seekingalpha/JCI,,,2026-09-22 17:17:49
2026-08-16,LII,U.S. air-conditioner shipments jump in June as H1 growth remains modest,seekingalpha/LII,,,2026-09-22 17:17:49
2026-08-16,TMO,Thermo Fisher Scientific: Biopharma Recovery And Share Gains Support The Upside,seekingalpha/TMO,,,2026-09-22 17:17:49
2026-08-16,TPR,Tapestry: The Selloff Misprices Coach's Next Phase,seekingalpha/TPR,,,2026-09-22 17:17:49
2026-08-16,TT,U.S. air-conditioner shipments jump in June as H1 growth remains modest,seekingalpha/TT,,,2026-09-22 17:17:49
2026-08-17,ALGN,Align Technology: DCF Signals Overvaluation Despite Long-Term Growth Potential,seekingalpha/ALGN,,,2026-09-22 17:17:49
2026-08-17,APA,APA Corporation: Fundamentals Keep Improving As The Re-Rating Case Gets Stronger,seekingalpha/APA,,,2026-09-22 17:17:49
2026-08-17,BXP,BXP’s operating partnership plans $700M debt offering to repay 2026 notes,seekingalpha/BXP,,,2026-09-22 17:17:49
2026-08-17,CBOE,Cboe Global Markets: Record Results Depend On Elevated Trading Activity,seekingalpha/CBOE,,,2026-09-22 17:17:49
2026-08-17,CRH,"Quant ratings on Third Point’s top Q2 holdings: AMZN, XYZ, COF, KEYS, FLEX",seekingalpha/CRH,,,2026-09-22 17:17:49
2026-08-17,HBAN,Huntington Bancshares scores Overweight rating at Wells Fargo,seekingalpha/HBAN,,,2026-09-22 17:17:49
2026-08-17,LYV,"Quant ratings on Third Point’s top Q2 holdings: AMZN, XYZ, COF, KEYS, FLEX",seekingalpha/LYV,,,2026-09-22 17:17:49
2026-08-17,MGM,Bulls and bears hash it out on MGM Resorts,seekingalpha/MGM,,,2026-09-22 17:17:49
2026-08-17,MRSH,"Meta, BlackRock's $14B Texas data center faces insurance risks - FT",seekingalpha/MRSH,,,2026-09-22 17:17:49
2026-08-17,NSC,"Quant ratings on Third Point’s top Q2 holdings: AMZN, XYZ, COF, KEYS, FLEX",seekingalpha/NSC,,,2026-09-22 17:17:49
2026-08-17,ROK,Rockwell Automation: Durable Margin Expansion And Reshoring Momentum Support $564 Price Target,seekingalpha/ROK,,,2026-09-22 17:17:49
2026-08-17,SYF,Synchrony works with OpenAI to advance agentic commerce,seekingalpha/SYF,,,2026-09-22 17:17:49
2026-08-17,TAP,Molson Coors' Undervaluation Is Too Hard To Justify,seekingalpha/TAP,,,2026-09-22 17:17:49
2026-08-17,TRGP,"Targa Resources signs 20-year midstream deals with Exxon, plans three new Permian gas plants",seekingalpha/TRGP,,,2026-09-22 17:17:49
2026-08-17,TSCO,Tractor Supply files mixed-securities shelf registration,seekingalpha/TSCO,,,2026-09-22 17:17:49
2026-08-17,TT,"Trane Technologies, Eaton unveil power and cooling design for AI data centers",seekingalpha/TT,,,2026-09-22 17:17:49
2026-08-17,TXT,Textron Systems wins $231.5M contract modification to build two LCAC-100 crafts,seekingalpha/TXT,,,2026-09-22 17:17:49
2026-08-17,WMB,Williams: Play The New Growth Cycle For Natural Gas,seekingalpha/WMB,,,2026-09-22 17:17:49
2026-08-18,AIZ,Assurant: Service-Led Growth Supports Further Upside,seekingalpha/AIZ,,,2026-09-22 17:17:49
2026-08-18,APA,APA Corporation (APA) Presents at 31st Annual EnerCom Energy Investment Conference - Slideshow,seekingalpha/APA,,,2026-09-22 17:17:49
2026-08-18,CARR,HVAC stocks slide as rising Treasury yields hit AI infrastructure trade,seekingalpha/CARR,,,2026-09-22 17:17:49
2026-08-18,CMI,Cummins Is Becoming The Power Bottleneck's Toll Collector,seekingalpha/CMI,,,2026-09-22 17:17:49
2026-08-18,CVNA,Carvana drops amid concern investor Mark Walter could sell shares,seekingalpha/CVNA,,,2026-09-22 17:17:49
2026-08-18,DOV,Dover to acquire Indian cryogenic-valve maker Leistung Engineering,seekingalpha/DOV,,,2026-09-22 17:17:49
2026-08-18,ECL,The Do Nothing Club: 10 S&P 500 giants that haven't gone anywhere in a year,seekingalpha/ECL,,,2026-09-22 17:17:49
2026-08-18,EME,HVAC stocks slide as rising Treasury yields hit AI infrastructure trade,seekingalpha/EME,,,2026-09-22 17:17:49
2026-08-18,FIX,HVAC stocks slide as rising Treasury yields hit AI infrastructure trade,seekingalpha/FIX,,,2026-09-22 17:17:49
2026-08-18,GEHC,GE HealthCare rises after “swift” CFO transition,seekingalpha/GEHC,,,2026-09-22 17:17:49
2026-08-18,GEHC,The Do Nothing Club: 10 S&P 500 giants that haven't gone anywhere in a year,seekingalpha/GEHC,,,2026-09-22 17:17:49
2026-08-18,GPN,The Do Nothing Club: 10 S&P 500 giants that haven't gone anywhere in a year,seekingalpha/GPN,,,2026-09-22 17:17:49
2026-08-18,IDXX,"IDEXX Laboratories, Inc. (IDXX) Analyst/Investor Day Transcript",seekingalpha/IDXX,,,2026-09-22 17:17:49
2026-08-18,IDXX,"IDEXX Labs Executing, But Valuation Continues To Weigh On That Execution",seekingalpha/IDXX,,,2026-09-22 17:17:49
2026-08-18,IFF,International Flavors & Fragrances: 2026 Confirms Poor Capital Allocation,seekingalpha/IFF,,,2026-09-22 17:17:49
2026-08-18,IRM,Iron Mountain snaps six-session winning streak,seekingalpha/IRM,,,2026-09-22 17:17:49
2026-08-18,J,The Do Nothing Club: 10 S&P 500 giants that haven't gone anywhere in a year,seekingalpha/J,,,2026-09-22 17:17:49
2026-08-18,JCI,HVAC stocks slide as rising Treasury yields hit AI infrastructure trade,seekingalpha/JCI,,,2026-09-22 17:17:49
2026-08-18,LII,HVAC stocks slide as rising Treasury yields hit AI infrastructure trade,seekingalpha/LII,,,2026-09-22 17:17:49
2026-08-18,LNT,Interstate Power and Light prices $500M of senior debentures due 2031,seekingalpha/LNT,,,2026-09-22 17:17:49
2026-08-18,LYB,LyondellBasell Industries N.V. 2026 Q2 - Results - Earnings Call Presentation,seekingalpha/LYB,,,2026-09-22 17:17:49
2026-08-18,MSCI,The Do Nothing Club: 10 S&P 500 giants that haven't gone anywhere in a year,seekingalpha/MSCI,,,2026-09-22 17:17:49
2026-08-18,MSI,The Do Nothing Club: 10 S&P 500 giants that haven't gone anywhere in a year,seekingalpha/MSI,,,2026-09-22 17:17:49
2026-08-18,MTB,M&T Bank declares $1.50 dividend,seekingalpha/MTB,,,2026-09-22 17:17:49
2026-08-18,NDAQ,The Do Nothing Club: 10 S&P 500 giants that haven't gone anywhere in a year,seekingalpha/NDAQ,,,2026-09-22 17:17:49
2026-08-18,PEG,Public Service Enterprise Group: Regulated Growth And Nuclear Upside Option,seekingalpha/PEG,,,2026-09-22 17:17:49
2026-08-18,PHM,The Do Nothing Club: 10 S&P 500 giants that haven't gone anywhere in a year,seekingalpha/PHM,,,2026-09-22 17:17:49
2026-08-18,RL,Ralph Lauren: The Brand Elevation Flywheel Still Has Room To Run,seekingalpha/RL,,,2026-09-22 17:17:49
2026-08-18,SHW,The Do Nothing Club: 10 S&P 500 giants that haven't gone anywhere in a year,seekingalpha/SHW,,,2026-09-22 17:17:49
2026-08-18,SYF,"Credit card delinquencies tick up, net charge-offs decline: July Credit Pulse",seekingalpha/SYF,,,2026-09-22 17:17:49
2026-08-18,TKO,TKO Group Holdings: WWE And UFC Are The Jewels,seekingalpha/TKO,,,2026-09-22 17:17:49
2026-08-18,TRGP,Targa Resources rips to all-time high as analysts praise positive midstream deal with Exxon,seekingalpha/TRGP,,,2026-09-22 17:17:49
2026-08-18,TT,HVAC stocks slide as rising Treasury yields hit AI infrastructure trade,seekingalpha/TT,,,2026-09-22 17:17:49
2026-08-18,VMRK,"AvalonBay, Equity Residential to divest two buildings in settlement with Massachusetts AG",seekingalpha/VMRK,,,2026-09-22 17:17:49
2026-08-19,AES,AES Corporation: Spread Plus Dividend Still Pays 10.7% Annualized,seekingalpha/AES,,,2026-09-22 17:17:49
2026-08-19,AMCR,Portfolio check: The biggest SA Quant downgrades over the past week,seekingalpha/AMCR,,,2026-09-22 17:17:49
2026-08-19,APA,"Aker BP to buy Apache, ConocoPhillips stakes offshore Norway",seekingalpha/APA,,,2026-09-22 17:17:49
2026-08-19,BAX,Baxter names John Rogers as CFO,seekingalpha/BAX,,,2026-09-22 17:17:49
2026-08-19,CAH,Cardinal Health a new outperform at RBC on higher margin services,seekingalpha/CAH,,,2026-09-22 17:17:49
2026-08-19,CAH,Cardinal Health: Precision Medicine Drives A Sustained Revenue Growth Path,seekingalpha/CAH,,,2026-09-22 17:17:49
2026-08-19,COP,Portfolio check: The biggest SA Quant upgrades over the past week,seekingalpha/COP,,,2026-09-22 17:17:49
2026-08-19,COR,Cardinal Health a new outperform at RBC on higher margin services,seekingalpha/COR,,,2026-09-22 17:17:49
2026-08-19,CVNA,Carvana gains on report Mark Walter's shares pledged to Citi,seekingalpha/CVNA,,,2026-09-22 17:17:49
2026-08-19,D,Dominion Energy upgraded at TD Cowen on favorable merger odds,seekingalpha/D,,,2026-09-22 17:17:49
2026-08-19,D,"New England governors warn NextEra-Dominion merger could impact energy costs, competition",seekingalpha/D,,,2026-09-22 17:17:49
2026-08-19,EFX,Equifax declares $0.56 dividend,seekingalpha/EFX,,,2026-09-22 17:17:49
2026-08-19,EXR,Extra Space Storage declares $1.62 dividend,seekingalpha/EXR,,,2026-09-22 17:17:49
2026-08-19,FANG,"Suncor Energy raised on recent weakness, Diamondback downgraded at Morgan Stanley",seekingalpha/FANG,,,2026-09-22 17:17:49
2026-08-19,IFF,International Flavors & Fragrances: Not Liking The Smell Of It,seekingalpha/IFF,,,2026-09-22 17:17:49
2026-08-19,IRM,Iron Mountain Is Running Hot,seekingalpha/IRM,,,2026-09-22 17:17:49
2026-08-19,IRM,Iron Mountain: Momentum Peaks - Wait For My Buy Zones,seekingalpha/IRM,,,2026-09-22 17:17:49
2026-08-19,KEYS,"Keysight Technologies, Inc. 2026 Q3 - Results - Earnings Call Presentation",seekingalpha/KEYS,,,2026-09-22 17:17:49
2026-08-19,KEYS,Keysight Technologies: AI Windfall Shows No Sign Of Slowing,seekingalpha/KEYS,,,2026-09-22 17:17:49
2026-08-19,KEYS,Keysight falls after execs highlight supply chain constraints; analysts remain bullish,seekingalpha/KEYS,,,2026-09-22 17:17:49
2026-08-19,KIM,Portfolio check: The biggest SA Quant downgrades over the past week,seekingalpha/KIM,,,2026-09-22 17:17:49
2026-08-19,LYV,Portfolio check: The biggest SA Quant upgrades over the past week,seekingalpha/LYV,,,2026-09-22 17:17:49
2026-08-19,MCK,Cardinal Health a new outperform at RBC on higher margin services,seekingalpha/MCK,,,2026-09-22 17:17:49
2026-08-19,MSI,Motorola Solutions declares $1.21 dividend,seekingalpha/MSI,,,2026-09-22 17:17:49
2026-08-19,NEM,StrikePoint to buy Nevada gold project from Newmont in $70M deal,seekingalpha/NEM,,,2026-09-22 17:17:49
2026-08-19,NRG,NRG Energy a potential bidder for West Virginia coal plant in bankruptcy - Reuters,seekingalpha/NRG,,,2026-09-22 17:17:49
2026-08-19,NSC,Full steam ahead: The Union Pacific-Norfolk Southern merger review is moving forward,seekingalpha/NSC,,,2026-09-22 17:17:49
2026-08-19,PGR,"Progressive posts 5% premium growth in July, but earnings take a hit",seekingalpha/PGR,,,2026-09-22 17:17:49
2026-08-19,PPL,Portfolio check: The biggest SA Quant upgrades over the past week,seekingalpha/PPL,,,2026-09-22 17:17:49
2026-08-19,Q,Qnity Electronics: A High-Moat Semiconductor Materials Play,seekingalpha/Q,,,2026-09-22 17:17:49
2026-08-19,SCHW,"Charles Schwab plans to employ 2,000 at new capability center in India - report",seekingalpha/SCHW,,,2026-09-22 17:17:49
2026-08-19,SPG,Portfolio check: The biggest SA Quant downgrades over the past week,seekingalpha/SPG,,,2026-09-22 17:17:49
2026-08-19,STLD,"Tentative trade deal would cut Canada steel, aluminum tariffs by half - reports",seekingalpha/STLD,,,2026-09-22 17:17:49
2026-08-19,VLTO,Veralto to acquire Cleanwater1 for $465M,seekingalpha/VLTO,,,2026-09-22 17:17:49
2026-08-19,WEC,WEC Energy signs 20-year power purchase agreement for Wisconsin nuclear plant,seekingalpha/WEC,,,2026-09-22 17:17:49
2026-08-20,CI,Employer healthcare costs to rise 9.5% in 2027 - Aon,seekingalpha/CI,,,2026-09-22 17:17:49
2026-08-20,CMS,CMS Energy: Preferred Stock Still Preferred,seekingalpha/CMS,,,2026-09-22 17:17:49
2026-08-20,EBAY,"Rosenblatt sees further upside for eBay, Etsy, and Wayfair",seekingalpha/EBAY,,,2026-09-22 17:17:49
2026-08-20,FTV,Fortive raises quarterly dividend by 16.7% to  $0.07/share,seekingalpha/FTV,,,2026-09-22 17:17:49
2026-08-20,HST,Host Hotels & Resorts: Impressive Earnings Make This A Buy,seekingalpha/HST,,,2026-09-22 17:17:49
2026-08-20,HUM,Humana names Dr. Shantanu Nundy as CMO,seekingalpha/HUM,,,2026-09-22 17:17:49
2026-08-20,IRM,Iron Mountain: Data Center Leasing Is The Main Growth Driver,seekingalpha/IRM,,,2026-09-22 17:17:49
2026-08-20,IVZ,Invesco cuts fees by 20% to stem surge in real estate fund redemption requests - report,seekingalpha/IVZ,,,2026-09-22 17:17:49
2026-08-20,MGM,The Oakland A's are coming to Las Vegas - these stocks may benefit down the road,seekingalpha/MGM,,,2026-09-22 17:17:49
2026-08-20,NDSN,Nordson Corporation (NDSN) Q3 2026 Earnings Call Transcript,seekingalpha/NDSN,,,2026-09-22 17:17:49
2026-08-20,NDSN,Nordson Corporation 2026 Q3 - Results - Earnings Call Presentation,seekingalpha/NDSN,,,2026-09-22 17:17:49
2026-08-20,NDSN,Nordson forecasts $3.035B-$3.075B in FY2026 sales and $11.80-$12.00 in adjusted EPS as backlog rises 35%,seekingalpha/NDSN,,,2026-09-22 17:17:49
2026-08-20,NTRS,Northern Trust expands First Sentier mandate for $14B Irish fund structure,seekingalpha/NTRS,,,2026-09-22 17:17:49
2026-08-20,RJF,Raymond James reports 17% Y/Y growth in client assets for July,seekingalpha/RJF,,,2026-09-22 17:17:49
2026-08-20,ROP,Roper Technologies' $3.2 Billion Bet On Itself Looks Smart,seekingalpha/ROP,,,2026-09-22 17:17:49
2026-08-20,SYK,"Stryker: The Sell-Off Creates A Better Entry Point, But Q2 Wasn't Perfect",seekingalpha/SYK,,,2026-09-22 17:17:49
2026-08-20,TPL,Buy Texas Pacific Land - They're Not Making It Any More,seekingalpha/TPL,,,2026-09-22 17:17:49
2026-08-20,TRGP,Targa Resources: Reloading The Chamber For Growth With ExxonMobil Deal,seekingalpha/TRGP,,,2026-09-22 17:17:49
2026-08-20,TROW,"T. Rowe Price announces F/m Investments acquisition, terms undisclosed",seekingalpha/TROW,,,2026-09-22 17:17:49
2026-08-20,TSCO,Tractor Supply added as a new long idea at Hedgeye,seekingalpha/TSCO,,,2026-09-22 17:17:49
2026-08-20,TT,2 Quality Stocks Showing An Entry Point: Trane Technologies And AltaGas,seekingalpha/TT,,,2026-09-22 17:17:49
2026-08-20,URI,Architectural billings slump persists as smaller construction projects face pressure,seekingalpha/URI,,,2026-09-22 17:17:49
2026-08-20,VLTO,Veralto: A Stronger Performance And Interesting M&A,seekingalpha/VLTO,,,2026-09-22 17:17:49
2026-08-21,AJG,"16% And Climbing, Why Fundamentals Matter: Arthur J. Gallagher",seekingalpha/AJG,,,2026-09-22 17:17:49
2026-08-21,CINF,Cincinnati Financial declares $0.094 dividend,seekingalpha/CINF,,,2026-09-22 17:17:49
2026-08-21,CLX,Clorox: Shares Aren't Cheap Enough To Offer Clean Upside,seekingalpha/CLX,,,2026-09-22 17:17:49
2026-08-21,DECK,Deckers: HOKA Brand Momentum And Share Gains Vs. Nike Can't Be Denied,seekingalpha/DECK,,,2026-09-22 17:17:49
2026-08-21,FDX,FedEx declares $1.22 dividend,seekingalpha/FDX,,,2026-09-22 17:17:49
2026-08-21,HD,"Dividend Roundup: Home Depot, Sysco, 3M, T-Mobile, and more",seekingalpha/HD,,,2026-09-22 17:17:49
2026-08-21,ISRG,Intuitive Surgical: Stock Price Too High Even For Great Business,seekingalpha/ISRG,,,2026-09-22 17:17:49
2026-08-21,MCHP,Nvidia receives 'top pick' as BMO initiates coverage on array of semiconductor stocks,seekingalpha/MCHP,,,2026-09-22 17:17:49
2026-08-21,MCHP,"Nvidia, Micron among 10 stocks initiated with bullish views at BMO Capital",seekingalpha/MCHP,,,2026-09-22 17:17:49
2026-08-21,MGM,MGM Resorts International Is Worth Betting On,seekingalpha/MGM,,,2026-09-22 17:17:49
2026-08-21,MPC,Refiner stocks are turning into one of this year's biggest winners,seekingalpha/MPC,,,2026-09-22 17:17:49
2026-08-21,PH,Parker-Hannifin declares $2.00 dividend,seekingalpha/PH,,,2026-09-22 17:17:49
2026-08-21,PPL,PPL declares $0.285 dividend,seekingalpha/PPL,,,2026-09-22 17:17:49
2026-08-21,PSX,Refiner stocks are turning into one of this year's biggest winners,seekingalpha/PSX,,,2026-09-22 17:17:49
2026-08-21,Q,Qnity appoints semiconductor finance veteran Ken Rizvi as CFO,seekingalpha/Q,,,2026-09-22 17:17:49
2026-08-21,ROST,Wall Street Breakfast Podcast: Ross Finds Value In Value,seekingalpha/ROST,,,2026-09-22 17:17:49
2026-08-21,UPS,UPS and FedEx update on government delivery contracts,seekingalpha/UPS,,,2026-09-22 17:17:49
2026-08-21,WYNN,Wynn Resorts faces a potential employee strike at its Boston property,seekingalpha/WYNN,,,2026-09-22 17:17:49
2026-08-22,AKAM,"Notable tech headlines for the week: Nvidia, Micron, Broadcom in focus",seekingalpha/AKAM,,,2026-09-22 17:17:49
2026-08-22,GEN,Gen Digital: A Cheap Stock With An Underappreciated Growth Opportunity,seekingalpha/GEN,,,2026-09-22 17:17:49
2026-08-22,GEN,Gen Digital: Too Cheap For Double-Digit Growth,seekingalpha/GEN,,,2026-09-22 17:17:49
2026-08-22,HD,Earnings Scoreboard: All 12 key S&P 500 reporting firms top EPS estimates; 11 deliver Y/Y growth,seekingalpha/HD,,,2026-09-22 17:17:49
2026-08-22,IT,"Notable tech headlines for the week: Nvidia, Micron, Broadcom in focus",seekingalpha/IT,,,2026-09-22 17:17:49
2026-08-22,JBL,"Notable tech headlines for the week: Nvidia, Micron, Broadcom in focus",seekingalpha/JBL,,,2026-09-22 17:17:49
2026-08-22,LOW,Earnings Scoreboard: All 12 key S&P 500 reporting firms top EPS estimates; 11 deliver Y/Y growth,seekingalpha/LOW,,,2026-09-22 17:17:49
2026-08-22,ROST,Earnings Scoreboard: All 12 key S&P 500 reporting firms top EPS estimates; 11 deliver Y/Y growth,seekingalpha/ROST,,,2026-09-22 17:17:49
2026-08-22,TJX,Earnings Scoreboard: All 12 key S&P 500 reporting firms top EPS estimates; 11 deliver Y/Y growth,seekingalpha/TJX,,,2026-09-22 17:17:49
2026-08-22,TYL,"Notable tech headlines for the week: Nvidia, Micron, Broadcom in focus",seekingalpha/TYL,,,2026-09-22 17:17:49
2026-08-22,VLTO,"Key deals this week: Stripe, KKR, Virtu and more",seekingalpha/VLTO,,,2026-09-22 17:17:49
2026-08-23,CPAY,Corpay's Corporate Payments Push Could Unlock Its Next Growth Phase,seekingalpha/CPAY,,,2026-09-22 17:17:49
2026-08-23,ROP,Roper Technologies: A Cautious Buy Despite The Risks,seekingalpha/ROP,,,2026-09-22 17:17:49
2026-08-24,ADM,Archer-Daniels-Midland: A Toll Collector Crushing Q2 Like Its Seed Oils,seekingalpha/ADM,,,2026-09-22 17:17:49
2026-08-24,ADM,U.S. RIN prices plunge after EPA delays biofuel compliance deadline - Reuters,seekingalpha/ADM,,,2026-09-22 17:17:49
2026-08-24,AES,"AES Corporation: GIP And EQT See Long-Term Value, But Shareholders Are Capped At $15",seekingalpha/AES,,,2026-09-22 17:17:49
2026-08-24,BG,U.S. RIN prices plunge after EPA delays biofuel compliance deadline - Reuters,seekingalpha/BG,,,2026-09-22 17:17:49
2026-08-24,DPZ,"Baird upgrades Darden, lowers Chipotle, Domino's, Black Rock Coffee on industry trends, risk/reward",seekingalpha/DPZ,,,2026-09-22 17:17:49
2026-08-24,DRI,"Baird upgrades Darden, lowers Chipotle, Domino's, Black Rock Coffee on industry trends, risk/reward",seekingalpha/DRI,,,2026-09-22 17:17:49
2026-08-24,EXC,Illinois Commerce Commission approves ComEd transmission line plan,seekingalpha/EXC,,,2026-09-22 17:17:49
2026-08-24,EXR,Extra Space Storage names Noah Springer as company's next CEO,seekingalpha/EXR,,,2026-09-22 17:17:49
2026-08-24,HAL,Halliburton declares  0.17 dividend,seekingalpha/HAL,,,2026-09-22 17:17:49
2026-08-24,HST,Host Hotels & Resorts: Valuation Still Looks Attractive,seekingalpha/HST,,,2026-09-22 17:17:49
2026-08-24,IP,"International Paper: H2 Recovery Looks Too Ambitious, Sell Rating Confirmed",seekingalpha/IP,,,2026-09-22 17:17:49
2026-08-24,JKHY,Jack Henry & Associates declares $0.61 dividend,seekingalpha/JKHY,,,2026-09-22 17:17:49
2026-08-24,LDOS,Leidos wins $301M Army contract to defend military networks,seekingalpha/LDOS,,,2026-09-22 17:17:49
2026-08-24,LYB,"Shell said to draw interest from Exxon, LyondellBasell for its U.S. chemicals assets",seekingalpha/LYB,,,2026-09-22 17:17:49
2026-08-24,NDSN,"Nordson: AI Chip Tailwinds Drive Durable Growth, But This Is Priced For Perfection",seekingalpha/NDSN,,,2026-09-22 17:17:49
2026-08-24,NI,Indiana governor calls for investigation of NIPSCO over slow storm response,seekingalpha/NI,,,2026-09-22 17:17:49
2026-08-24,PHM,PulteGroup raised to Outperform at Wolfe on favorable consumer segment mix,seekingalpha/PHM,,,2026-09-22 17:17:49
2026-08-24,STLD,"Steel Dynamics, Nucor surge on S&P leaderboard as U.S.-Canada trade fight escalates",seekingalpha/STLD,,,2026-09-22 17:17:49
2026-08-24,STZ,Constellation Brands: Berkshire's Exit Doesn't Change Anything,seekingalpha/STZ,,,2026-09-22 17:17:49
2026-08-24,SYY,Sysco: Concerns About The Acquisition And Slowing Dividend Growth,seekingalpha/SYY,,,2026-09-22 17:17:49
2026-08-24,TXT,Textron names Brian Rohloff to lead aviation business as Ron Draper retires,seekingalpha/TXT,,,2026-09-22 17:17:49
2026-08-24,UPS,UPS invests more than $2B to expand global logistics network,seekingalpha/UPS,,,2026-09-22 17:17:49
2026-08-24,UPS,"UPS targets $2B to strengthen its international, healthcare, and supply chain solutions businesses",seekingalpha/UPS,,,2026-09-22 17:17:49
2026-08-25,ALB,"Albemarle tops S&P 500 losers as JPM cuts earnings estimates, price target",seekingalpha/ALB,,,2026-09-22 17:17:49
2026-08-25,BLDR,"Builders FirstSource, Digs partner on AI-powered homebuilding",seekingalpha/BLDR,,,2026-09-22 17:17:49
2026-08-25,CBOE,Kalshi seeks to delay Cboe's binary options contracts on specific line items in earnings reports - report,seekingalpha/CBOE,,,2026-09-22 17:17:49
2026-08-25,CEG,Constellation Energy: The Scarcity Platform The Market Still Underestimates,seekingalpha/CEG,,,2026-09-22 17:17:49
2026-08-25,COP,"More Arctic drilling activity 'inevitable,' ConocoPhillips exec says",seekingalpha/COP,,,2026-09-22 17:17:49
2026-08-25,CTAS,"Cintas: An Impressive Performer, Gradually Trading At A More Reasonable Price",seekingalpha/CTAS,,,2026-09-22 17:17:49
2026-08-25,EOG,EOG Resources: Failing To Keep Its Word Or Playing It Safe?,seekingalpha/EOG,,,2026-09-22 17:17:49
2026-08-25,FISV,"Fiserv: Potential Asset Sales, Activists, And Clover Outweigh Missteps",seekingalpha/FISV,,,2026-09-22 17:17:49
2026-08-25,FIX,Comfort Systems USA: Market Forecast 2026 As The Peak Growth Rate,seekingalpha/FIX,,,2026-09-22 17:17:49
2026-08-25,FIX,Comfort Systems USA: Quality At A More Compelling Price,seekingalpha/FIX,,,2026-09-22 17:17:49
2026-08-25,GEN,Gen Digital: MoneyLion Opens A New Growth Channel At A Low Valuation,seekingalpha/GEN,,,2026-09-22 17:17:49
2026-08-25,HAL,Halliburton wins contract from BP for Bumerangue appraisal campaign,seekingalpha/HAL,,,2026-09-22 17:17:49
2026-08-25,KLAC,ASML And KLA: Both Winning The AI Buildout - Only The Former Is Still Worth Buying,seekingalpha/KLAC,,,2026-09-22 17:17:49
2026-08-25,LDOS,Leidos highlights $56M Navy health research contract first announced in 2025,seekingalpha/LDOS,,,2026-09-22 17:17:49
2026-08-25,LYB,"LyondellBasell: Less Generous And Smaller, But In A Better State Now (Rating Upgrade)",seekingalpha/LYB,,,2026-09-22 17:17:49
2026-08-25,MAA,Mid-America Apartment Communities: The Risks And Valuation Offset The Catalysts,seekingalpha/MAA,,,2026-09-22 17:17:49
2026-08-25,MCK,McKesson to acquire Precision Medicine Group for ~$2.25 billion,seekingalpha/MCK,,,2026-09-22 17:17:49
2026-08-25,MCO,Moody's brings credit ratings intelligence to Google's Gemini Enterprise,seekingalpha/MCO,,,2026-09-22 17:17:49
2026-08-25,MDLZ,"Mondelez: Quality At A Reasonable Price, Regardless Of Cocoa Noise",seekingalpha/MDLZ,,,2026-09-22 17:17:49
2026-08-25,MDLZ,Mondelēz plays into the high protein trend with a new Clif bar,seekingalpha/MDLZ,,,2026-09-22 17:17:49
2026-08-25,MSCI,"MSCI Inc.: The Wait Is Over, The Growth Is Coming After 5 Years",seekingalpha/MSCI,,,2026-09-22 17:17:49
2026-08-25,NDAQ,Nasdaq: 23-Hour Trading Is The Now; Global Financial Infrastructure Is The Future,seekingalpha/NDAQ,,,2026-09-22 17:17:49
2026-08-25,REGN,Regeneron: Why I Still See Upside After The Rally,seekingalpha/REGN,,,2026-09-22 17:17:49
2026-08-25,ROST,Ross Stores: Forget The Tariff Tailwind; Organic Growth Is Even More Impressive,seekingalpha/ROST,,,2026-09-22 17:17:49
2026-08-25,SLB,SLB gains access to Venezuela oilfield data through contract - Reuters,seekingalpha/SLB,,,2026-09-22 17:17:49
2026-08-25,SWK,Stanley Black & Decker Is Tooling Up For More Upside,seekingalpha/SWK,,,2026-09-22 17:17:49
2026-08-25,TDY,Teledyne FLIR selected for Army program to advance thermal imaging,seekingalpha/TDY,,,2026-09-22 17:17:49
2026-08-25,TER,Teradyne: An Excellent Company To Buy On Declines,seekingalpha/TER,,,2026-09-22 17:17:49
2026-08-25,TTWO,"Take-Two Interactive Software: GTA Tailwind Is Priced In, Mobile Declines Aren't",seekingalpha/TTWO,,,2026-09-22 16:55:06
2026-08-25,VMRK,Vivmark Residential: The Merger Does Not Change The Story,seekingalpha/VMRK,,,2026-09-22 17:17:49
2026-08-25,WM,Waste Management declares $0.945 dividend,seekingalpha/WM,,,2026-09-22 17:17:49
2026-08-25,XEL,Xcel Energy: Punching Above Its Weight As Stable Income Play,seekingalpha/XEL,,,2026-09-22 17:17:49
2026-08-26,A,"Agilent Technologies, Inc. (A) Q3 2026 Earnings Call Transcript",seekingalpha/A,,,2026-09-22 17:17:49
2026-08-26,A,Agilent forecasts FY2026 revenue of $7.49B-$7.51B and EPS of $6.18-$6.21 as China returns to 9% growth,seekingalpha/A,,,2026-09-22 17:17:49
2026-08-26,BEN,Franklin Templeton declares $0.33 dividend,seekingalpha/BEN,,,2026-09-22 17:17:49
2026-08-26,CF,"CHS, OCP propose $450M Louisiana fertilizer plant",seekingalpha/CF,,,2026-09-22 17:17:49
2026-08-26,COP,Trans-Alaska oil pipeline owners seeking early renewal of federal land rights - Bloomberg,seekingalpha/COP,,,2026-09-22 17:17:49
2026-08-26,DAL,Delta Air Lines and United Airlines to resume flights to Israel,seekingalpha/DAL,,,2026-09-22 17:17:49
2026-08-26,DDOG,"Palo Alto CEO considered deals to buy Datadog, Okta - The Information",seekingalpha/DDOG,,,2026-09-22 17:17:49
2026-08-26,DE,Deere declares $1.62 dividend,seekingalpha/DE,,,2026-09-22 17:17:49
2026-08-26,EQT,EQT Corporation: An Attractive Long‑Term Opportunity Driven By Structural Tailwinds,seekingalpha/EQT,,,2026-09-22 17:17:49
2026-08-26,FDX,"FedEx: The Stock Delivered, But The Best Package May Be Next",seekingalpha/FDX,,,2026-09-22 17:17:49
2026-08-26,GL,"Globe Life Q2: Solid Fundamentals, But GL.PR.D Offers A Better Risk-Adjusted Yield Near 7.8%",seekingalpha/GL,,,2026-09-22 17:17:49
2026-08-26,GWW,Grainger buys AWM technology assets for $210M,seekingalpha/GWW,,,2026-09-22 17:17:49
2026-08-26,KHC,Kraft Heinz is packing its bags for a new listing on the NYSE,seekingalpha/KHC,,,2026-09-22 17:17:49
2026-08-26,KMI,Kinder Morgan: The Consolidation Is An Opportunity Before The Next Leg Higher,seekingalpha/KMI,,,2026-09-22 17:17:49
2026-08-26,KVUE,Kimberly-Clark files with European antitrust regulator for review of Kenvue deal,seekingalpha/KVUE,,,2026-09-22 17:17:49
2026-08-26,MOS,"CHS, OCP propose $450M Louisiana fertilizer plant",seekingalpha/MOS,,,2026-09-22 17:17:49
2026-08-26,NEM,Newmont: Investors Punished Barrick For This Deal,seekingalpha/NEM,,,2026-09-22 17:17:49
2026-08-26,NEM,Newmont: The Risks Associated With A Premature Share Price Rally,seekingalpha/NEM,,,2026-09-22 17:17:49
2026-08-26,PFG,Principal Financial's Equity Sensitivity Supports The Rally,seekingalpha/PFG,,,2026-09-22 17:17:49
2026-08-26,PGR,Progressive: July Results Show The Growth Mix Is Changing,seekingalpha/PGR,,,2026-09-22 17:17:49
2026-08-26,ROST,Retail check: TJX is downgraded at Jefferies as Ross Stores continues to outperform,seekingalpha/ROST,,,2026-09-22 17:17:49
2026-08-26,TJX,Retail check: TJX is downgraded at Jefferies as Ross Stores continues to outperform,seekingalpha/TJX,,,2026-09-22 17:17:49
2026-08-26,UAL,Delta Air Lines and United Airlines to resume flights to Israel,seekingalpha/UAL,,,2026-09-22 17:17:49
2026-08-26,WM,WM names John Morris CEO as Jim Fish to retire,seekingalpha/WM,,,2026-09-22 17:17:49
2026-08-26,WSM,"Williams-Sonoma Non-GAAP EPS of $2.10 beats by $0.03, revenue of $1.96B beats by $30M, raises FY guidance",seekingalpha/WSM,,,2026-09-22 17:17:49
2026-08-26,WSM,Williams-Sonoma forecasts 4% to 6.5% comp growth and 17.8% to 18.2% operating margin in fiscal '26,seekingalpha/WSM,,,2026-09-22 17:17:49
2026-08-26,WSM,"Williams-Sonoma raises FY26 outlook but sees tariff, housing woes lingering",seekingalpha/WSM,,,2026-09-22 17:17:49
2026-08-27,A,"Agilent Technologies, Inc. 2026 Q3 - Results - Earnings Call Presentation",seekingalpha/A,,,2026-09-22 17:17:49
2026-08-27,A,"Agilent Technologies: Q3 Growth, Expanding Margins, And Raised Guidance",seekingalpha/A,,,2026-09-22 17:17:49
2026-08-27,AMP,"Ameriprise Financial Proves Its Bull Case Is Durable, As Market Momentum Returns",seekingalpha/AMP,,,2026-09-22 17:17:49
2026-08-27,AMP,Ameriprise Financial: Improving Macro Justifies The Rally (Downgrade),seekingalpha/AMP,,,2026-09-22 17:17:49
2026-08-27,BBY,"Amazon, Walmart lean into onsite ads for bottom-of-funnel sales",seekingalpha/BBY,,,2026-09-22 17:17:49
2026-08-27,BKNG,"Take A Vacation, Own Booking Holdings",seekingalpha/BKNG,,,2026-09-22 17:17:49
2026-08-27,CI,"James Talarico, Mark Cuban joining forces on healthcare plan",seekingalpha/CI,,,2026-09-22 17:17:49
2026-08-27,CPAY,"Corpay, Inc. (CPAY) Presents at Deutsche Bank 2026 Technology Conference Transcript",seekingalpha/CPAY,,,2026-09-22 17:17:49
2026-08-27,DDOG,Datadog: Growing Into A 400x P/E Will Be Difficult,seekingalpha/DDOG,,,2026-09-22 17:17:49
2026-08-27,DG,Dollar General declares $0.59 dividend,seekingalpha/DG,,,2026-09-22 17:17:49
2026-08-27,DLTR,"Dollar Tree: Positive Traffic Trends, Raised Guidance, Shares Fairly Valued (Rating Downgrade)",seekingalpha/DLTR,,,2026-09-22 17:17:49
2026-08-27,DLTR,Dollar Tree: The Margin Of Safety Is Finally Gone (Downgrade),seekingalpha/DLTR,,,2026-09-22 17:17:49
2026-08-27,ELV,"James Talarico, Mark Cuban joining forces on healthcare plan",seekingalpha/ELV,,,2026-09-22 17:17:49
2026-08-27,FSLR,First Solar raised at BMO as post-Section 232 selloff looks overdone,seekingalpha/FSLR,,,2026-09-22 17:17:49
2026-08-27,HCA,"James Talarico, Mark Cuban joining forces on healthcare plan",seekingalpha/HCA,,,2026-09-22 17:17:49
2026-08-27,KLAC,KLA: The AI Yield Bottleneck Is Becoming More Valuable,seekingalpha/KLAC,,,2026-09-22 17:17:49
2026-08-27,KMI,AI Infrastructure Dividend Powerhouses: Why Enbridge Beats Kinder Morgan,seekingalpha/KMI,,,2026-09-22 17:17:49
2026-08-27,MGM,Las Vegas records another month of gaming win growth as the hot streak continues,seekingalpha/MGM,,,2026-09-22 17:17:49
2026-08-27,MMM,3M Doing The Right Things And Still Leveraged To Cyclical Recovery,seekingalpha/MMM,,,2026-09-22 17:17:49
2026-08-27,MOS,Mosaic declares $0.22 dividend,seekingalpha/MOS,,,2026-09-22 17:17:49
2026-08-27,NDSN,Nordson raises dividend by 14.6% to $0.94,seekingalpha/NDSN,,,2026-09-22 17:17:49
2026-08-27,NEM,Newmont: The Market Has Finally Caught Up (Rating Downgrade),seekingalpha/NEM,,,2026-09-22 17:17:49
2026-08-27,PGR,"Progressive: Strong Underwriting, But Limited Margin Of Safety",seekingalpha/PGR,,,2026-09-22 17:17:49
2026-08-27,PWR,Quanta Services Dropped But Earnings Just Changed The Narrative,seekingalpha/PWR,,,2026-09-22 17:17:49
2026-08-27,PWR,Quanta Services: Recent Selloff Creates Compelling Buy,seekingalpha/PWR,,,2026-09-22 17:17:49
2026-08-27,Q,"Qnity Electronics, Inc. (Q) Presents at Deutsche Bank 2026 Technology Conference Transcript",seekingalpha/Q,,,2026-09-22 17:17:49
2026-08-27,RF,Regions Financial cut to Hold at Deutsche Bank as upside catalysts remain unclear,seekingalpha/RF,,,2026-09-22 17:17:49
2026-08-27,RJF,Raymond James Financial declares $0.54 dividend,seekingalpha/RJF,,,2026-09-22 17:17:49
2026-08-27,ROST,"Ross Q2: Dressed For Continued Outperformance, Shares Fairly Valued",seekingalpha/ROST,,,2026-09-22 17:17:49
2026-08-27,SCHW,Charles Schwab adds three new tokens to crypto platform,seekingalpha/SCHW,,,2026-09-22 17:17:49
2026-08-27,TER,Teradyne: AI Is Turning Test Into A Structural Growth Market,seekingalpha/TER,,,2026-09-22 17:17:49
2026-08-27,TTWO,"Bright lights, big city: Netflix will stream a special Grand Theft Auto 6 preview",seekingalpha/TTWO,,,2026-09-22 16:55:06
2026-08-27,TTWO,"Take-Two Interactive Software, Inc. 2027 Q1 - Results - Earnings Call Presentation",seekingalpha/TTWO,,,2026-09-22 16:55:06
2026-08-27,UHS,"James Talarico, Mark Cuban joining forces on healthcare plan",seekingalpha/UHS,,,2026-09-22 17:17:49
2026-08-27,UHS,The Pricing Power Prescription: Unlocking Universal Health Services' Hidden Fair Value,seekingalpha/UHS,,,2026-09-22 17:17:49
2026-08-27,ULTA,Ulta Beauty continues to outperform despite signs of consumer fatigue,seekingalpha/ULTA,,,2026-09-22 17:17:49
2026-08-27,ULTA,"Ulta Beauty, Inc. (ULTA) Q2 2026 Earnings Call Transcript",seekingalpha/ULTA,,,2026-09-22 17:17:49
2026-08-27,ULTA,"Ulta Beauty, Inc. 2026 Q2 - Results - Earnings Call Presentation",seekingalpha/ULTA,,,2026-09-22 17:17:49
2026-08-27,WAT,Waters upgraded at Piper Sandler on strong replacement cycle,seekingalpha/WAT,,,2026-09-22 17:17:49
2026-08-27,WDAY,Workday signals FY 2028 subscription revenue growth near 11% while targeting at least 2 points of non-GAAP margin expansion,seekingalpha/WDAY,,,2026-09-22 17:17:49
2026-08-27,WDAY,"Workday, Inc. (WDAY) Q2 2027 Earnings Call Transcript",seekingalpha/WDAY,,,2026-09-22 17:17:49
2026-08-27,WM,"Waste Management: A Business I Want To Own Badly, Just Not At This Price",seekingalpha/WM,,,2026-09-22 17:17:49
2026-08-27,WTW,Willis Towers Watson declares $0.96 dividend,seekingalpha/WTW,,,2026-09-22 17:17:49
2026-08-28,AES,AES Corp. receives CFIUS approval for sale to consortium,seekingalpha/AES,,,2026-09-22 17:17:49
2026-08-28,ALL,Argus steps to the sidelines on Allstate following stock rally and slowing premium growth,seekingalpha/ALL,,,2026-09-22 17:17:49
2026-08-28,BBY,Best Buy declares $0.96 dividend,seekingalpha/BBY,,,2026-09-22 17:17:49
2026-08-28,BG,Why Bunge Is A Buy On The Pullback Due To Global Agriculture Demand (Upgrade),seekingalpha/BG,,,2026-09-22 17:17:49
2026-08-28,CCL,Carnival Corporation: This Cruise Is Cheap Enough To Hop On,seekingalpha/CCL,,,2026-09-22 17:17:49
2026-08-28,CCL,Carnival: The Cruise Is Too Slow And Far Away,seekingalpha/CCL,,,2026-09-22 17:17:49
2026-08-28,CDNS,PayPal tops Nasdaq weekly decliners as deal talks fall off; CrowdStrike leads gainers after stellar results,seekingalpha/CDNS,,,2026-09-22 17:17:49
2026-08-28,DE,"Dividend Roundup: Nvidia, Altria, Nike, Qualcomm, and more",seekingalpha/DE,,,2026-09-22 17:17:49
2026-08-28,DLTR,"SA analyst upgrades/downgrades: NVDA, ZM, SOFI, DLTR",seekingalpha/DLTR,,,2026-09-22 17:17:49
2026-08-28,FITB,"Truist, Fifth Third pause distribution of products tied to Mark Walter's Delaware Life",seekingalpha/FITB,,,2026-09-22 17:17:49
2026-08-28,GILD,Gilead once-daily HIV pill approved in U.S.,seekingalpha/GILD,,,2026-09-22 17:17:49
2026-08-28,HAL,"Chevron, Halliburton in talks to invest billions in Venezuela’s oil fields - WSJ",seekingalpha/HAL,,,2026-09-22 17:17:49
2026-08-28,HRL,Blowback from ranchers and farmers leads to new Trump Administration proposal on food processing,seekingalpha/HRL,,,2026-09-22 17:17:49
2026-08-28,HRL,Hormel Foods: A Protein Powerhouse With A Secure 5.5% Yield And Long-Term Value,seekingalpha/HRL,,,2026-09-22 17:17:49
2026-08-28,ICE,NYSE opens Texas headquarters in Dallas,seekingalpha/ICE,,,2026-09-22 17:17:49
2026-08-28,LOW,Lowe's declares $1.25 dividend,seekingalpha/LOW,,,2026-09-22 17:17:49
2026-08-28,NDSN,"Dividend Roundup: Nvidia, Altria, Nike, Qualcomm, and more",seekingalpha/NDSN,,,2026-09-22 17:17:49
2026-08-28,NWS,Fox And News Corporation: The Better Trade May Be In The Share Classes,seekingalpha/NWS,,,2026-09-22 17:17:49
2026-08-28,NWS,"News Corp., Fox considering recombining - Reuters (update)",seekingalpha/NWS,,,2026-09-22 17:17:49
2026-08-28,NWSA,Fox And News Corporation: The Better Trade May Be In The Share Classes,seekingalpha/NWSA,,,2026-09-22 17:17:49
2026-08-28,NWSA,"News Corp., Fox considering recombining - Reuters (update)",seekingalpha/NWSA,,,2026-09-22 17:17:49
2026-08-28,NXPI,NXP Semiconductors declares $1.014 dividend,seekingalpha/NXPI,,,2026-09-22 17:17:49
2026-08-28,OKE,ONEOK: This 4.5%-Yielding AI Energy Play Is Still Undervalued,seekingalpha/OKE,,,2026-09-22 17:17:49
2026-08-28,ROK,Rockwell Automation: Accelerating Growth And AI Optionality,seekingalpha/ROK,,,2026-09-22 17:17:49
2026-08-28,ROK,"Rockwell Automation: Solid Growth Prospects, But Margin Expansion May Moderate And Valuation Remains High",seekingalpha/ROK,,,2026-09-22 17:17:49
2026-08-28,SJM,The J. M. Smucker Company (SJM) Q1 2027 Earnings Call Prepared Remarks Transcript,seekingalpha/SJM,,,2026-09-22 17:17:49
2026-08-28,STX,Seagate: Not A Time To Be Greedy - More Consolidation Ahead,seekingalpha/STX,,,2026-09-22 17:17:49
2026-08-28,TFC,"Truist, Fifth Third pause distribution of products tied to Mark Walter's Delaware Life",seekingalpha/TFC,,,2026-09-22 17:17:49
2026-08-28,ULTA,Ulta Beauty targets 6.7% to 7.2% FY2026 sales growth and $1.8B in buybacks following raised EPS outlook,seekingalpha/ULTA,,,2026-09-22 17:17:49
2026-08-28,WDAY,Workday's Q2 results show AI products gaining momentum: analysts,seekingalpha/WDAY,,,2026-09-22 17:17:49
2026-08-28,WELL,Welltower: Put On Your Running Shoes (Rating Downgrade),seekingalpha/WELL,,,2026-09-22 17:17:49
2026-08-28,XEL,Xcel Energy: Texas And New Mexico Could Become Its Next Growth Engine,seekingalpha/XEL,,,2026-09-22 17:17:49
2026-08-28,ZBH,Zimmer Biomet declares $0.24 dividend,seekingalpha/ZBH,,,2026-09-22 17:17:49
2026-08-29,BBY,Earnings Scoreboard: All 18 S&P 500 firms top EPS estimates as Y/Y growth holds,seekingalpha/BBY,,,2026-09-22 17:17:49
2026-08-29,DUK,Duke Energy: Newly Issued Equity Units Are An Interesting Option,seekingalpha/DUK,,,2026-09-22 17:17:49
2026-08-29,FTNT,"Notable tech headlines for the week: Nvidia, Salesforce, Marvell in focus",seekingalpha/FTNT,,,2026-09-22 17:17:49
2026-08-29,HD,"Insider trades: Alibaba, IBM, Coca-Cola among major names",seekingalpha/HD,,,2026-09-22 17:17:49
2026-08-29,MPC,Trump seeking ways to shield farmers from expansion of refinery biofuel waivers - report,seekingalpha/MPC,,,2026-09-22 17:17:49
2026-08-29,OXY,Occidental Petroleum: An Improved Balance Sheet Results In A Great Opportunity,seekingalpha/OXY,,,2026-09-22 17:17:49
2026-08-29,PG,"Insider trades: Alibaba, IBM, Coca-Cola among major names",seekingalpha/PG,,,2026-09-22 17:17:49
2026-08-29,PODD,Insulet Corporation: Strong Growth Meets A New Execution Problem,seekingalpha/PODD,,,2026-09-22 17:17:49
2026-08-29,PSX,Trump seeking ways to shield farmers from expansion of refinery biofuel waivers - report,seekingalpha/PSX,,,2026-09-22 17:17:49
2026-08-29,Q,"Notable tech headlines for the week: Nvidia, Salesforce, Marvell in focus",seekingalpha/Q,,,2026-09-22 17:17:49
2026-08-29,SBAC,"SBA Communications Corporation: Fast-Growing Dividend, Undervalued",seekingalpha/SBAC,,,2026-09-22 17:17:49
2026-08-29,TER,"Notable tech headlines for the week: Nvidia, Salesforce, Marvell in focus",seekingalpha/TER,,,2026-09-22 17:17:49
2026-08-29,TGT,"Insider trades: Alibaba, IBM, Coca-Cola among major names",seekingalpha/TGT,,,2026-09-22 17:17:49
2026-08-29,VTI,"The 1-Minute Market Report, August 29, 2026",seekingalpha/VTI,,,2026-09-22 17:17:49
2026-08-29,WDAY,"Workday, Inc. 2027 Q2 - Results - Earnings Call Presentation",seekingalpha/WDAY,,,2026-09-22 17:17:49
2026-08-29,WRB,"W. R. Berkley Corporation Q2: Financial Stability, Dividends, And Baby Bonds Opportunities",seekingalpha/WRB,,,2026-09-22 17:17:49
2026-08-30,CVNA,Carvana: Automotive E-commerce Leader Negated By Hefty Growth Premium,seekingalpha/CVNA,,,2026-09-22 17:17:49
2026-08-30,OKE,ONEOK to buy Permian Basin assets from Brazos Midstream in $4.42B deal,seekingalpha/OKE,,,2026-09-22 17:17:49
2026-08-30,SNPS,"Synopsys Crushed Earnings, But I'm Downgrading The Stock (Rating Downgrade)",seekingalpha/SNPS,,,2026-09-22 17:17:49
2026-08-30,TDG,TransDigm Group: A Premium Option For Private-Equity-Like Exposure,seekingalpha/TDG,,,2026-09-22 17:17:49
2026-08-31,AKAM,Akamai upgraded to Overweight due to gains in Compute segment,seekingalpha/AKAM,,,2026-09-22 17:17:49
2026-08-31,ALB,Albemarle's Chile workers vote to strike at lithium operations,seekingalpha/ALB,,,2026-09-22 17:17:49
2026-08-31,AON,Aon falls 10% on $17B USI acquisition,seekingalpha/AON,,,2026-09-22 17:17:49
2026-08-31,AON,Aon plc (AON) M&A Call Transcript,seekingalpha/AON,,,2026-09-22 17:17:49
2026-08-31,AON,Aon: Remaining Cautious Amid USI Acquisition,seekingalpha/AON,,,2026-09-22 17:17:49
2026-08-31,BLDR,"Builders FirstSource: Weak Today, But The Bottom Is Near (Rating Upgrade)",seekingalpha/BLDR,,,2026-09-22 17:17:49
2026-08-31,CBOE,Hyperliquid's open interest reaches over $13B; exchange reportedly in talks with Kraken parent,seekingalpha/CBOE,,,2026-09-22 17:17:49
2026-08-31,CDNS,Cadence Design Systems: Buy The Dip Opportunity (Technical Analysis),seekingalpha/CDNS,,,2026-09-22 17:17:49
2026-08-31,CHTR,Charter names Kevin Howard interim CFO following Jessica Fischer's departure,seekingalpha/CHTR,,,2026-09-22 17:17:49
2026-08-31,CME,Hyperliquid's open interest reaches over $13B; exchange reportedly in talks with Kraken parent,seekingalpha/CME,,,2026-09-22 17:17:49
2026-08-31,CMG,Chipotle has two limited-time menu offerings running for the first time ever,seekingalpha/CMG,,,2026-09-22 17:17:49
2026-08-31,DE,"Deere, Agco gain as Baird predicts farm-equipment recovery in 2027",seekingalpha/DE,,,2026-09-22 17:17:49
2026-08-31,DG,"Dollar General: Excellent Company, Limited Upside At This Price",seekingalpha/DG,,,2026-09-22 17:17:49
2026-08-31,GD,"General Dynamics, Lockheed Martin secure 7-yr missile agreements",seekingalpha/GD,,,2026-09-22 17:17:49
2026-08-31,HWM,Howmet Aerospace retreats 8% after SpaceX in-house turbine plan,seekingalpha/HWM,,,2026-09-22 17:17:49
2026-08-31,ISRG,Intuitive Surgical Vs. SS Innovations: Why You Should Buy The Lesser-Known Indian Competitor,seekingalpha/ISRG,,,2026-09-22 17:17:49
2026-08-31,JKHY,"Jack Henry discloses cyber incident, says operations unaffected",seekingalpha/JKHY,,,2026-09-22 17:17:49
2026-08-31,KEY,KeyCorp names new strategy chief and deputy CFO,seekingalpha/KEY,,,2026-09-22 17:17:49
2026-08-31,LRCX,Lam Research: Buy The Summer Pullback (Rating Upgrade),seekingalpha/LRCX,,,2026-09-22 17:17:49
2026-08-31,LVS,"Amazon stands out among large, mega-cap quant-rated consumer stocks; XPeng lags",seekingalpha/LVS,,,2026-09-22 17:17:49
2026-08-31,MDLZ,Cocoa prices are soaring again on weather-related supply concerns,seekingalpha/MDLZ,,,2026-09-22 17:17:49
2026-08-31,MPC,EPA grants refiners highest level of biofuel waivers since 2017,seekingalpha/MPC,,,2026-09-22 17:17:49
2026-08-31,NXPI,China freezes $300M of Dutch chipmaker Nexperia's assets in Wingtech legal battle: report,seekingalpha/NXPI,,,2026-09-22 17:17:49
2026-08-31,OKE,ONEOK: Don't Chase The Price Or Yield And Forget Valuation (Downgrade),seekingalpha/OKE,,,2026-09-22 17:17:49
2026-08-31,PEG,Public Service Enterprise: A Prime Candidate For Utility Exposure,seekingalpha/PEG,,,2026-09-22 17:17:49
2026-08-31,SLB,SLB N.V. (SLB) Kelvion Inc. - M&A Call - Slideshow,seekingalpha/SLB,,,2026-09-22 17:17:49
2026-08-31,SLB,SLB N.V. (SLB) M&A Call Transcript,seekingalpha/SLB,,,2026-09-22 17:17:49
2026-08-31,SLB,"SLB to buy Kelvion from Apollo in $4.1B deal, expanding data center business",seekingalpha/SLB,,,2026-09-22 17:17:49
2026-08-31,SLB,SLB: A New Growth Chapter Is Just Getting Started,seekingalpha/SLB,,,2026-09-22 17:17:49
2026-08-31,SRE,"PG&E, Edison, Sempra sink as California's SB 492 fails to include liability protection for utilities",seekingalpha/SRE,,,2026-09-22 17:17:49
2026-08-31,TTWO,Take-Two Interactive Software: The Street Is Missing The Big Picture,seekingalpha/TTWO,,,2026-09-22 16:55:06
2026-08-31,TTWO,Take-Two Interactive dips 7% amid heavy trading volume,seekingalpha/TTWO,,,2026-09-22 16:55:06
2026-08-31,USB,U.S. Bancorp expands business banking presence,seekingalpha/USB,,,2026-09-22 17:17:49
2026-09-01,ADM,Which large-cap consumer staples stocks lead on Quant Ratings?,seekingalpha/ADM,,,2026-09-22 17:17:49
2026-09-01,ALB,"Materials stocks diverge on quant signals; Nucor leads among large, mega-cap quant-rated stocks, Albemarle lags",seekingalpha/ALB,,,2026-09-22 17:17:49
2026-09-01,AME,Ametek: The Quiet Control Layer Behind The Next Industrial Investment Cycle,seekingalpha/AME,,,2026-09-22 17:17:49
2026-09-01,AOS,A. O. Smith: Earnings Trough And Attractive Valuation Creates Upside,seekingalpha/AOS,,,2026-09-22 17:17:49
2026-09-01,ARES,Ares Management: Resilient Business Model Reflected In Valuation (Downgrade),seekingalpha/ARES,,,2026-09-22 17:17:49
2026-09-01,ARES,Ares and Scion Group acquire student housing portfolio for ~$435M,seekingalpha/ARES,,,2026-09-22 17:17:49
2026-09-01,ARES,Ares secures record $3.8B for Japan logistics fund,seekingalpha/ARES,,,2026-09-22 17:17:49
2026-09-01,BBY,"Best Buy Q2: Raised Forward Guidance, Shares Fairly Valued",seekingalpha/BBY,,,2026-09-22 17:17:49
2026-09-01,BG,Which large-cap consumer staples stocks lead on Quant Ratings?,seekingalpha/BG,,,2026-09-22 17:17:49
2026-09-01,CAT,Michael Burry’s portfolio: How his bullish and bearish bets fared In August,seekingalpha/CAT,,,2026-09-22 17:17:49
2026-09-01,CELH,Which mid-cap consumer staple stocks rank highest on quant ratings?,seekingalpha/CELH,,,2026-09-22 16:55:06
2026-09-01,CFG,Citizens Financial Group: Diversified Growth Supports Q2 2026 Earnings,seekingalpha/CFG,,,2026-09-22 17:17:49
2026-09-01,CHTR,Sphere Entertainment tops communications services stocks in short interest; IHS Holding sees the lowest exposure,seekingalpha/CHTR,,,2026-09-22 17:17:49
2026-09-01,CLX,Which large-cap consumer staples stocks lead on Quant Ratings?,seekingalpha/CLX,,,2026-09-22 17:17:49
2026-09-01,COF,"BofA, Citi, Goldman Sachs, 18 others to create new stablecoin company",seekingalpha/COF,,,2026-09-22 17:17:49
2026-09-01,CSCO,Deutsche Bank names its top AI hardware 'pick-and-shovel' stocks,seekingalpha/CSCO,,,2026-09-22 17:17:49
2026-09-01,CSX,"Union Pacific, Norfolk Southern drop as state AGs raise concerns over combination",seekingalpha/CSX,,,2026-09-22 17:17:49
2026-09-01,DDOG,Nasdaq rebounds 3.9% in August as strong tech earnings outweigh late-month volatility,seekingalpha/DDOG,,,2026-09-22 17:17:49
2026-09-01,DG,Dollar General Corporation (DG) Q2 2026 Earnings Call Transcript,seekingalpha/DG,,,2026-09-22 17:17:49
2026-09-01,DLTR,"Dollar Tree, Inc. (DLTR) Q2 2026 Earnings Call Transcript",seekingalpha/DLTR,,,2026-09-22 17:17:49
2026-09-01,DLTR,Which large-cap consumer staples stocks lead on Quant Ratings?,seekingalpha/DLTR,,,2026-09-22 17:17:49
2026-09-01,DPZ,The pizza chain king of the 1980s in America officially goes private,seekingalpha/DPZ,,,2026-09-22 17:17:49
2026-09-01,EIX,California Assembly to adjourn without voting on wildfire bill,seekingalpha/EIX,,,2026-09-22 17:17:49
2026-09-01,EL,Estée Lauder attracts an upgrade from CICC as the turnaround hits a new phase,seekingalpha/EL,,,2026-09-22 17:17:49
2026-09-01,EMR,"Emerson Electric: A Better Business, But Not Yet A Cheap Stock",seekingalpha/EMR,,,2026-09-22 17:17:49
2026-09-01,EVRG,Evergy: Need A Better Price To Make This Story Compelling,seekingalpha/EVRG,,,2026-09-22 17:17:49
2026-09-01,EXPE,"Expedia launches new enhancements for Vrbo, Escapia partners",seekingalpha/EXPE,,,2026-09-22 17:17:49
2026-09-01,EXPE,Expedia: Great Valuation As Bookings Improve Versus Peers,seekingalpha/EXPE,,,2026-09-22 17:17:49
2026-09-01,FISV,Michael Burry’s portfolio: How his bullish and bearish bets fared In August,seekingalpha/FISV,,,2026-09-22 17:17:49
2026-09-01,GM,SA Asks: How would Trump's 50% Canadian tariff impact automakers?,seekingalpha/GM,,,2026-09-22 17:17:49
2026-09-01,GRMN,Garmin: Stellar Margins Can't Last,seekingalpha/GRMN,,,2026-09-22 17:17:49
2026-09-01,HD,Most and least shorted consumer discretionary stocks with more than $2B market cap,seekingalpha/HD,,,2026-09-22 17:17:49
2026-09-01,HON,Nasdaq rebounds 3.9% in August as strong tech earnings outweigh late-month volatility,seekingalpha/HON,,,2026-09-22 17:17:49
2026-09-01,HUM,Highest and lowest quant-rated healthcare stocks above $10B cap after earnings season,seekingalpha/HUM,,,2026-09-22 17:17:49
2026-09-01,HWM,Citi calls Howmet selloff buying opportunity after SpaceX turbine plans,seekingalpha/HWM,,,2026-09-22 17:17:49
2026-09-01,IBKR,UBS initiates Interactive Brokers with Hold equivalent rating,seekingalpha/IBKR,,,2026-09-22 17:17:49
2026-09-01,LRCX,"Lam Research: AI Growth Is Strong, But The Valuation Demands More",seekingalpha/LRCX,,,2026-09-22 17:17:49
2026-09-01,NSC,"Union Pacific, Norfolk Southern drop as state AGs raise concerns over combination",seekingalpha/NSC,,,2026-09-22 17:17:49
2026-09-01,NUE,"Materials stocks diverge on quant signals; Nucor leads among large, mega-cap quant-rated stocks, Albemarle lags",seekingalpha/NUE,,,2026-09-22 17:17:49
2026-09-01,PNC,"BofA, Citi, Goldman Sachs, 18 others to create new stablecoin company",seekingalpha/PNC,,,2026-09-22 17:17:49
2026-09-01,PSX,Phillips 66: Reaping The Harvest At The Top Of The Cyclical Swing (Downgrade),seekingalpha/PSX,,,2026-09-22 17:17:49
2026-09-01,RCL,Royal Caribbean Cruises declares $1.50 dividend,seekingalpha/RCL,,,2026-09-22 17:17:49
2026-09-01,SLB,SLB: Downgrading To A Hold After A 60% Rally,seekingalpha/SLB,,,2026-09-22 17:17:49
2026-09-01,SRE,California lawmakers set to vote on wildfire liability bill,seekingalpha/SRE,,,2026-09-22 17:17:49
2026-09-01,SRE,Sempra raised to Buy at Jefferies as 'darkest before dawn in Texas and California',seekingalpha/SRE,,,2026-09-22 17:17:49
2026-09-01,TDG,TransDigm Group: High-Leverage Excellence Fueling Exceptional Equity Returns,seekingalpha/TDG,,,2026-09-22 17:17:49
2026-09-01,TXT,U.S. approves potential $800M helicopter sale to Iraq,seekingalpha/TXT,,,2026-09-22 17:17:49
2026-09-01,UNP,Union Pacific Corporation (UNP) Discusses State of the Railroad and Progress on UPO Southern Merger Transcript,seekingalpha/UNP,,,2026-09-22 17:17:49
2026-09-01,VEEV,Highest and lowest quant-rated healthcare stocks above $10B cap after earnings season,seekingalpha/VEEV,,,2026-09-22 17:17:49
2026-09-01,YUM,The pizza chain king of the 1980s in America officially goes private,seekingalpha/YUM,,,2026-09-22 17:17:49
2026-09-01,ZBH,Zimmer Biomet: Showing Signs Of Life,seekingalpha/ZBH,,,2026-09-22 17:17:49
2026-09-02,A,"Agilent: The Recovery Is Real, But So Is The Valuation",seekingalpha/A,,,2026-09-22 17:17:49
2026-09-02,AES,"KKR's $10B AI joint venture hires from Equinix, AES for key roles - report",seekingalpha/AES,,,2026-09-22 17:17:49
2026-09-02,AIG,"AIG’s Peter Zaffino to step down as executive chair, join Palantir",seekingalpha/AIG,,,2026-09-22 17:17:49
2026-09-02,ALLE,Allegion declares $0.55 dividend,seekingalpha/ALLE,,,2026-09-22 17:17:49
2026-09-02,CB,Chubb: The Best Large-Cap P&C Franchise Is Already Fairly Priced,seekingalpha/CB,,,2026-09-22 17:17:49
2026-09-02,CDW,CDW to acquire Lovelytics for $525M to expand data & AI services,seekingalpha/CDW,,,2026-09-22 17:17:49
2026-09-02,CF,"CF Industries: Still Misunderstood, Still Undervalued",seekingalpha/CF,,,2026-09-22 17:17:49
2026-09-02,CHTR,Most shorted stocks on Wall Street,seekingalpha/CHTR,,,2026-09-22 17:17:49
2026-09-02,CL,Colgate-Palmolive: Don't Ignore This Resilient Dividend King,seekingalpha/CL,,,2026-09-22 17:17:49
2026-09-02,CLX,"Consumer staples short interest: Clorox tops list, Walmart at the bottom",seekingalpha/CLX,,,2026-09-22 17:17:49
2026-09-02,CME,CME's August daily volume up 6% Y/Y,seekingalpha/CME,,,2026-09-22 17:17:49
2026-09-02,CMG,Asia aspirations: Chipotle breaks into a new continent with a restaurant in South Korea,seekingalpha/CMG,,,2026-09-22 17:17:49
2026-09-02,CMG,"Monthly top ideas from Oppenheimer include MA, MRVL, CMG, and more",seekingalpha/CMG,,,2026-09-22 17:17:49
2026-09-02,COF,Capital One: Resilient Consumer Trends Make Shares Attractive,seekingalpha/COF,,,2026-09-22 17:17:49
2026-09-02,COF,Senator asks Capital One for details on anti-money laundering review linked to debanking Trump accounts - report,seekingalpha/COF,,,2026-09-22 17:17:49
2026-09-02,CPAY,"Scotiabank initiates coverage of eight fintechs; Chime, SoFi, Affirm, Robinhood in top picks",seekingalpha/CPAY,,,2026-09-22 17:17:49
2026-09-02,CRH,J.P. Morgan sees construction materials stocks stuck in neutral,seekingalpha/CRH,,,2026-09-22 17:17:49
2026-09-02,DE,"Deere, CNH upgraded at Evercore on signs of farm equipment recovery",seekingalpha/DE,,,2026-09-22 17:17:49
2026-09-02,DLR,Quant ratings: Hyperscaler stocks to watch as Berkshire bets on AI’s energy needs,seekingalpha/DLR,,,2026-09-22 17:17:49
2026-09-02,EQIX,"Equinix to launch AI Inference Exchange for enterprises with Nvidia, Together AI",seekingalpha/EQIX,,,2026-09-22 17:17:49
2026-09-02,EQIX,"KKR's $10B AI joint venture hires from Equinix, AES for key roles - report",seekingalpha/EQIX,,,2026-09-22 17:17:49
2026-09-02,EQIX,Quant ratings: Hyperscaler stocks to watch as Berkshire bets on AI’s energy needs,seekingalpha/EQIX,,,2026-09-22 17:17:49
2026-09-02,EQT,EQT Corporation: A Rainy Day Idea,seekingalpha/EQT,,,2026-09-22 17:17:49
2026-09-02,EVRG,Evergy: Data Centers Are Accelerating The Company's Growth,seekingalpha/EVRG,,,2026-09-22 17:17:49
2026-09-02,EXPD,"Expeditors International of Washington, Inc. (EXPD) Discusses Impact of AI Investment Boom on Global Freight Markets and Supply Chains Transcript",seekingalpha/EXPD,,,2026-09-22 17:17:49
2026-09-02,GIS,"Consumer staples short interest: Clorox tops list, Walmart at the bottom",seekingalpha/GIS,,,2026-09-22 17:17:49
2026-09-02,HLT,Hyatt has an edge over Hilton as luxury travel powers lodging segment -- Wolfe,seekingalpha/HLT,,,2026-09-22 17:17:49
2026-09-02,HUM,Humana declares $0.885 dividend,seekingalpha/HUM,,,2026-09-22 17:17:49
2026-09-02,IBM,Carlos Alcaraz leads US Open men’s singles winner odds at 37%: Kalshi,seekingalpha/IBM,,,2026-09-22 17:17:49
2026-09-02,IBM,Quant ratings: Hyperscaler stocks to watch as Berkshire bets on AI’s energy needs,seekingalpha/IBM,,,2026-09-22 17:17:49
2026-09-02,KVUE,Kimberly-Clark is asked to divest in Australia and New Zealand to clear the Kenvue acquisition,seekingalpha/KVUE,,,2026-09-22 17:17:49
2026-09-02,LIN,MP Materials leads shorts among $2B+ materials stocks; SQM at bottom,seekingalpha/LIN,,,2026-09-22 17:17:49
2026-09-02,LOW,"Lowe's Companies, Inc. (LOW) Q2 2026 Earnings Call Transcript",seekingalpha/LOW,,,2026-09-22 17:17:49
2026-09-02,LYB,LyondellBasell: The Market Ignores A Massive Earnings Recovery,seekingalpha/LYB,,,2026-09-22 17:17:49
2026-09-02,MA,"Monthly top ideas from Oppenheimer include MA, MRVL, CMG, and more",seekingalpha/MA,,,2026-09-22 17:17:49
2026-09-02,MLM,J.P. Morgan sees construction materials stocks stuck in neutral,seekingalpha/MLM,,,2026-09-22 17:17:49
2026-09-02,ODFL,Old Dominion Freight Line: Best-In-Class Execution Comes At A Price,seekingalpha/ODFL,,,2026-09-22 17:17:49
2026-09-02,OMC,Omnicom extends slide after PepsiCo moves global media account to Publicis,seekingalpha/OMC,,,2026-09-22 17:17:49
2026-09-02,PG,"Consumer staples short interest: Clorox tops list, Walmart at the bottom",seekingalpha/PG,,,2026-09-22 17:17:49
2026-09-02,PHM,PulteGroup declares $0.26 dividend,seekingalpha/PHM,,,2026-09-22 17:17:49
2026-09-02,PKG,Packaging declares $1.50 dividend,seekingalpha/PKG,,,2026-09-22 17:17:49
2026-09-02,PLD,Prologis declares $1.07 dividend,seekingalpha/PLD,,,2026-09-22 17:17:49
2026-09-02,PWR,Quanta Services declares $0.11 dividend,seekingalpha/PWR,,,2026-09-22 17:17:49
2026-09-02,SCHW,Schwab puts stricter limits on tax-aware long-short accounts - report,seekingalpha/SCHW,,,2026-09-22 17:17:49
2026-09-02,SMCI,Dell’s AI-driven growth puts high-momentum hardware stocks in focus,seekingalpha/SMCI,,,2026-09-22 17:17:49
2026-09-02,SNPS,"SA analyst upgrades/downgrades: SNPS, NIO, HOOD, GPRO",seekingalpha/SNPS,,,2026-09-22 17:17:49
2026-09-02,SPG,Simon Property Group extends losing streak to seven sessions,seekingalpha/SPG,,,2026-09-22 17:17:49
2026-09-02,STX,Dell’s AI-driven growth puts high-momentum hardware stocks in focus,seekingalpha/STX,,,2026-09-22 17:17:49
2026-09-02,TMUS,Activist Elliott builds stake in Deutsche Telekom - Bloomberg,seekingalpha/TMUS,,,2026-09-22 17:17:49
2026-09-02,TXN,Texas Instruments: Rating Upgrade On Stronger Sales Outlook,seekingalpha/TXN,,,2026-09-22 17:17:49
2026-09-02,UNP,Union Pacific Corporation (UNP) Discusses State of the Railroad and Progress on UPO Southern Merger - Slideshow,seekingalpha/UNP,,,2026-09-22 17:17:49
2026-09-02,VMC,J.P. Morgan sees construction materials stocks stuck in neutral,seekingalpha/VMC,,,2026-09-22 17:17:49
2026-09-02,WSM,"Williams-Sonoma, Inc. (WSM) Q2 2026 Earnings Call Transcript",seekingalpha/WSM,,,2026-09-22 17:17:49
2026-09-02,WYNN,"Wynn Resorts, Red Rock, and Churchill Downs are called casino stock winners by Wolfe Research",seekingalpha/WYNN,,,2026-09-22 17:17:49
2026-09-03,ABT,Stocks with the lowest short interest on Wall Street,seekingalpha/ABT,,,2026-09-22 17:17:49
2026-09-03,AEP,From Talen Energy to Southern: 10 utilities stocks with the biggest CapEx growth,seekingalpha/AEP,,,2026-09-22 17:17:49
2026-09-03,ALB,"Albemarle names BHP's Udd as new CEO effective February 1, succeeding Masters",seekingalpha/ALB,,,2026-09-22 17:17:49
2026-09-03,AXP,American Express Still Earns Its Premium,seekingalpha/AXP,,,2026-09-22 17:17:49
2026-09-03,AXP,"American Express: Cheaper Than Peers, Better Than You Think",seekingalpha/AXP,,,2026-09-22 17:17:49
2026-09-03,BKR,Baker Hughes wins contract from Pakistan's OGDC to maximize existing well production,seekingalpha/BKR,,,2026-09-22 17:17:49
2026-09-03,CARR,"PG&E teams up with Google, Tesla, Sunrun on Bay Area virtual power plant",seekingalpha/CARR,,,2026-09-22 17:17:49
2026-09-03,CCL,"Trump meets executives from American Airlines, Marriott, and MGM on tourism decline",seekingalpha/CCL,,,2026-09-22 17:17:49
2026-09-03,CEG,From Talen Energy to Southern: 10 utilities stocks with the biggest CapEx growth,seekingalpha/CEG,,,2026-09-22 17:17:49
2026-09-03,CTAS,"Cintas: An Excellent Business, But The Stock Is Fully Valued",seekingalpha/CTAS,,,2026-09-22 17:17:49
2026-09-03,D,"Dominion Energy, NextEra shareholders easily approve merger deal",seekingalpha/D,,,2026-09-22 17:17:49
2026-09-03,DG,Dollar General: A Countercyclical Business That Still Has Room To Run,seekingalpha/DG,,,2026-09-22 17:17:49
2026-09-03,ECL,Stocks with the lowest short interest on Wall Street,seekingalpha/ECL,,,2026-09-22 17:17:49
2026-09-03,EIX,"Edison International: Cheap For A Reason, But Should Be Able To Handle Fire Claims",seekingalpha/EIX,,,2026-09-22 17:17:49
2026-09-03,EL,Estée Lauder reshuffles brand management ahead of senior exec's retirement,seekingalpha/EL,,,2026-09-22 17:17:49
2026-09-03,ESS,Essex Property Trust declares $2.59 dividend,seekingalpha/ESS,,,2026-09-22 17:17:49
2026-09-03,EVRG,From Talen Energy to Southern: 10 utilities stocks with the biggest CapEx growth,seekingalpha/EVRG,,,2026-09-22 17:17:49
2026-09-03,EXE,"Expand Energy: Short-Term Protection From Hedges, Long-Term Upside",seekingalpha/EXE,,,2026-09-22 17:17:49
2026-09-03,EXPD,"Expeditors International of Washington, Inc. (EXPD) Discusses Canada's New Counter Tariffs and Preparing Import Supply Chains Transcript",seekingalpha/EXPD,,,2026-09-22 17:17:49
2026-09-03,EXPD,"Expeditors International of Washington, Inc. (EXPD) Discusses Impact of AI Investment Boom on Freight Markets and Global Supply Chains Transcript",seekingalpha/EXPD,,,2026-09-22 17:17:49
2026-09-03,EXPD,"Expeditors International of Washington, Inc. (EXPD) Discusses Impact of AI Investment Boom on Freight Markets and Supply Chains Transcript",seekingalpha/EXPD,,,2026-09-22 17:17:49
2026-09-03,FFIV,F5: Governing AI Will Be Lucrative If Executed Correctly,seekingalpha/FFIV,,,2026-09-22 17:17:49
2026-09-03,FIS,Fidelity National Information launches its first embedded banking platform,seekingalpha/FIS,,,2026-09-22 17:17:49
2026-09-03,FLEX,Flex to acquire EPC Power for $4.4B,seekingalpha/FLEX,,,2026-09-22 17:17:49
2026-09-03,GD,General Dynamics unit wins $194.14M U.S. Navy contract modification,seekingalpha/GD,,,2026-09-22 17:17:49
2026-09-03,GIS,General Mills continues to get leaner with yet another asset sale,seekingalpha/GIS,,,2026-09-22 17:17:49
2026-09-03,HD,Stocks with the lowest short interest on Wall Street,seekingalpha/HD,,,2026-09-22 17:17:49
2026-09-03,HLT,Hilton Vs. Hyatt: Another Buy For Hilton As Portfolio Durability Strengthens In Q2,seekingalpha/HLT,,,2026-09-22 17:17:49
2026-09-03,HWM,Howmet Aerospace: The SpaceX Turbine Scare Is A Buying Opportunity,seekingalpha/HWM,,,2026-09-22 17:17:49
2026-09-03,ICE,Intercontinental Exchange's daily volume up 14% Y/Y in August,seekingalpha/ICE,,,2026-09-22 17:17:49
2026-09-03,ICE,New York Stock Exchange and Korea Exchange to collaborate,seekingalpha/ICE,,,2026-09-22 17:17:49
2026-09-03,INTU,Intuit: The Recovery Is Only Beginning,seekingalpha/INTU,,,2026-09-22 17:17:49
2026-09-03,KEYS,Keysight Technologies: The Hidden Toll Collector On AI's Rising Test Intensity,seekingalpha/KEYS,,,2026-09-22 17:17:49
2026-09-03,LIN,Stocks with the lowest short interest on Wall Street,seekingalpha/LIN,,,2026-09-22 17:17:49
2026-09-03,LVS,Las Vegas Sands boosts its stake in Sands China to over 75%,seekingalpha/LVS,,,2026-09-22 17:17:49
2026-09-03,MAR,"Trump meets executives from American Airlines, Marriott, and MGM on tourism decline",seekingalpha/MAR,,,2026-09-22 17:17:49
2026-09-03,MCO,"Moody's: AAA Business, Highly Valued",seekingalpha/MCO,,,2026-09-22 17:17:49
2026-09-03,MGM,"Trump meets executives from American Airlines, Marriott, and MGM on tourism decline",seekingalpha/MGM,,,2026-09-22 17:17:49
2026-09-03,MMM,3M: Commercial Excellence And Productivity Initiatives Support A Compelling Turnaround,seekingalpha/MMM,,,2026-09-22 17:17:49
2026-09-03,MOS,"Mosaic: Potash Is Holding Up, But Phosphate Economics Keep Me On The Sidelines",seekingalpha/MOS,,,2026-09-22 17:17:49
2026-09-03,NDAQ,Nasdaq trading volume U.S. matched equity volume in August slips 11% from July,seekingalpha/NDAQ,,,2026-09-22 17:17:49
2026-09-03,NI,From Talen Energy to Southern: 10 utilities stocks with the biggest CapEx growth,seekingalpha/NI,,,2026-09-22 17:17:49
2026-09-03,NRG,From Talen Energy to Southern: 10 utilities stocks with the biggest CapEx growth,seekingalpha/NRG,,,2026-09-22 17:17:49
2026-09-03,NTAP,NetApp declares $0.52 dividend,seekingalpha/NTAP,,,2026-09-22 17:17:49
2026-09-03,NTAP,"NetApp tumbles as Wall Street sees 'mixed bag' with results, guidance",seekingalpha/NTAP,,,2026-09-22 17:17:49
2026-09-03,ODFL,Old Dominion August revenue per day rises 12.4%,seekingalpha/ODFL,,,2026-09-22 17:17:49
2026-09-03,PAYX,Paychex's AI Potential Could Produce A Nice Payday,seekingalpha/PAYX,,,2026-09-22 17:17:49
2026-09-03,PCG,"PG&E teams up with Google, Tesla, Sunrun on Bay Area virtual power plant",seekingalpha/PCG,,,2026-09-22 17:17:49
2026-09-03,PFG,Principal Financial Group rises 7% to set a new 52-week high,seekingalpha/PFG,,,2026-09-22 17:17:49
2026-09-03,PG,Stocks with the lowest short interest on Wall Street,seekingalpha/PG,,,2026-09-22 17:17:49
2026-09-03,PGR,Stocks with the lowest short interest on Wall Street,seekingalpha/PGR,,,2026-09-22 17:17:49
2026-09-03,PPL,From Talen Energy to Southern: 10 utilities stocks with the biggest CapEx growth,seekingalpha/PPL,,,2026-09-22 17:17:49
2026-09-03,PSX,Stocks with the lowest short interest on Wall Street,seekingalpha/PSX,,,2026-09-22 17:17:49
2026-09-03,ROST,"Ross Stores, Inc. (ROST) Q2 2026 Earnings Call Transcript",seekingalpha/ROST,,,2026-09-22 17:17:49
2026-09-03,SO,From Talen Energy to Southern: 10 utilities stocks with the biggest CapEx growth,seekingalpha/SO,,,2026-09-22 17:17:49
2026-09-03,SRE,Sempra declares $0.6575 dividend,seekingalpha/SRE,,,2026-09-22 17:17:49
2026-09-03,TKO,TKO Group Holdings declares $0.79 dividend,seekingalpha/TKO,,,2026-09-22 17:17:49
2026-09-03,TMUS,T-Mobile taps former Shell CFO Jessica Uhl as its new finance chief,seekingalpha/TMUS,,,2026-09-22 17:17:49
2026-09-03,TXN,"SA analyst upgrades/downgrades: DELL, PLTR, MRVL, TXN",seekingalpha/TXN,,,2026-09-22 17:17:49
2026-09-03,VEEV,"Burry remains bullish on Veeva, calls Snowflake overvalued",seekingalpha/VEEV,,,2026-09-22 17:17:49
2026-09-03,VLO,Valero Energy: Market Pricing Closed Russian Flows (Downgrade To Hold),seekingalpha/VLO,,,2026-09-22 17:17:49
2026-09-03,VRT,Why I Think A 38x P/E Is Not Expensive For Vertiv,seekingalpha/VRT,,,2026-09-22 17:17:49
2026-09-03,WEC,From Talen Energy to Southern: 10 utilities stocks with the biggest CapEx growth,seekingalpha/WEC,,,2026-09-22 17:17:49
2026-09-03,WSM,Williams-Sonoma Is Eating The Competition,seekingalpha/WSM,,,2026-09-22 17:17:49
2026-09-03,XEL,From Talen Energy to Southern: 10 utilities stocks with the biggest CapEx growth,seekingalpha/XEL,,,2026-09-22 17:17:49
2026-09-04,ADP,Automatic Data Processing: Recent Tailwinds Are Fully Factored In (Downgrade),seekingalpha/ADP,,,2026-09-22 17:17:49
2026-09-04,APD,"South Korea says Air Products, three other U.S. firms pledge $2B in chip, energy projects",seekingalpha/APD,,,2026-09-22 17:17:49
2026-09-04,ARE,"Alexandria Real Estate: We've Already Seen The Bottom, Next Is The Retest",seekingalpha/ARE,,,2026-09-22 17:17:49
2026-09-04,BMY,"Bristol Myers Squibb: Still Cheap, Despite What The Chart Says",seekingalpha/BMY,,,2026-09-22 17:17:49
2026-09-04,CAT,Caterpillar: Power & Energy Makes This Pullback A Strong Buy,seekingalpha/CAT,,,2026-09-22 17:17:49
2026-09-04,CDNS,Sandisk leads Nasdaq's weekly gainers; Autodesk drags,seekingalpha/CDNS,,,2026-09-22 17:17:49
2026-09-04,DLTR,"Dollar Tree, Inc. 2026 Q2 - Results - Earnings Call Presentation",seekingalpha/DLTR,,,2026-09-22 17:17:49
2026-09-04,EFX,"Pulte orders Fannie, Freddie to let all lenders use VantageScore; FICO drops",seekingalpha/EFX,,,2026-09-22 17:17:49
2026-09-04,ETN,"Eaton: Portfolio Transformation Is Working, But The Stock Is Not Cheap",seekingalpha/ETN,,,2026-09-22 17:17:49
2026-09-04,FFIV,AI Infrastructure Capex Race: These tech stocks are stepping up spending,seekingalpha/FFIV,,,2026-09-22 17:17:49
2026-09-04,FICO,Fair Isaac slumps 17% on VantageScore directive,seekingalpha/FICO,,,2026-09-22 17:17:49
2026-09-04,FOX,Bartiromo's exit from Fox reportedly tied to Trump election claims,seekingalpha/FOX,,,2026-09-22 17:17:49
2026-09-04,FOXA,Bartiromo's exit from Fox reportedly tied to Trump election claims,seekingalpha/FOXA,,,2026-09-22 17:17:49
2026-09-04,GD,General Dynamics wins big with $149.6M U.S. Navy ship contract,seekingalpha/GD,,,2026-09-22 17:17:49
2026-09-04,HII,Huntington Ingalls wins $336M contract for long-lead carrier materials,seekingalpha/HII,,,2026-09-22 17:17:49
2026-09-04,HON,U.S. approves potential $5.75B in weapons sales to Saudi Arabia,seekingalpha/HON,,,2026-09-22 17:17:49
2026-09-04,HRL,Trump signs Executive Order supporting cattle ranchers,seekingalpha/HRL,,,2026-09-22 17:17:49
2026-09-04,HUM,"Dividend Roundup: Broadcom, Salesforce, Dell Technologies, Humana, and more",seekingalpha/HUM,,,2026-09-22 17:17:49
2026-09-04,KIM,Tight Spreads And Low Yields: The Logic Behind The Short Position In Kimco Realty's Preferred Stocks,seekingalpha/KIM,,,2026-09-22 17:17:49
2026-09-04,KLAC,KLA rises 7% amid semiconductor equipment advance,seekingalpha/KLAC,,,2026-09-22 17:17:49
2026-09-04,LUV,The Afterburners Could Kick In Soon On Southwest Airlines Stock - Rating Upgrade,seekingalpha/LUV,,,2026-09-22 17:17:49
2026-09-04,MMM,3M stock losing its footing: What's behind the 4% weekly decline?,seekingalpha/MMM,,,2026-09-22 17:17:49
2026-09-04,PCG,PG&E Corporation (PCG) Discusses Strategic Review and Response to California Wildfire Liability Framework - Slideshow,seekingalpha/PCG,,,2026-09-22 17:17:49
2026-09-04,PG,Procter & Gamble: Minimal EPS Growth On The Horizon Limits The Upside,seekingalpha/PG,,,2026-09-22 17:17:49
2026-09-04,PRU,Prudential Financial's PGIM launches two core equity ETFs,seekingalpha/PRU,,,2026-09-22 17:17:49
2026-09-04,SNPS,Sandisk leads Nasdaq's weekly gainers; Autodesk drags,seekingalpha/SNPS,,,2026-09-22 17:17:49
2026-09-04,TSN,Trump signs Executive Order supporting cattle ranchers,seekingalpha/TSN,,,2026-09-22 17:17:49
2026-09-04,VLO,"Valero Energy: The Peak Is Near, Its Time To Take Profits (Downgrade)",seekingalpha/VLO,,,2026-09-22 17:17:49
2026-09-04,VRT,"Vertiv: AI Infrastructure Growth Impressive, Valuation Reflects High-Growth Expectations",seekingalpha/VRT,,,2026-09-22 17:17:49
2026-09-05,AKAM,"Notable analyst calls this week: Akamai, Robinhood and Nio among top picks",seekingalpha/AKAM,,,2026-09-22 17:17:49
2026-09-05,AON,"Key deals this week: Flex, Nvidia, AbbVie and more",seekingalpha/AON,,,2026-09-22 17:17:49
2026-09-05,AOS,"A. O. Smith: Replacement Demand Supports Long-Term Resilience, Near-Term Headwinds Persist",seekingalpha/AOS,,,2026-09-22 17:17:49
2026-09-05,AWK,American Water Works: A Fantastic Dividend Grower Worth Watching Now (Rating Downgrade),seekingalpha/AWK,,,2026-09-22 17:17:49
2026-09-05,BLK,BlackRock: The Business Is Becoming Much More Than An Asset Manager,seekingalpha/BLK,,,2026-09-22 17:17:49
2026-09-05,BMY,Bristol Myers Squibb's Breakout Is Here: Portfolio Renewal Gaining Momentum,seekingalpha/BMY,,,2026-09-22 17:17:49
2026-09-05,CDNS,"Notable tech headlines for the week: Nvidia, Dell, Broadcom in focus",seekingalpha/CDNS,,,2026-09-22 17:17:49
2026-09-05,CRL,Healthcare August recap: Moderna jumps 156% as biotech shines; DaVita sinks,seekingalpha/CRL,,,2026-09-22 17:17:49
2026-09-05,DVA,Healthcare August recap: Moderna jumps 156% as biotech shines; DaVita sinks,seekingalpha/DVA,,,2026-09-22 17:17:49
2026-09-05,FICO,"Notable tech headlines for the week: Nvidia, Dell, Broadcom in focus",seekingalpha/FICO,,,2026-09-22 17:17:49
2026-09-05,FLEX,"Key deals this week: Flex, Nvidia, AbbVie and more",seekingalpha/FLEX,,,2026-09-22 17:17:49
2026-09-05,HPQ,"Notable tech headlines for the week: Nvidia, Dell, Broadcom in focus",seekingalpha/HPQ,,,2026-09-22 17:17:49
2026-09-05,IBKR,"Interactive Brokers: Buy On Weakness, Not At The Highs",seekingalpha/IBKR,,,2026-09-22 17:17:49
2026-09-05,MDT,Earnings Scoreboard: 7 of 8 key S&P 500 reporting firms top EPS estimates as all 8 post Y/Y profit growth,seekingalpha/MDT,,,2026-09-22 17:17:49
2026-09-05,NOW,"Insider trades: Nvidia, TSMC, and Johnson & Johnson among notable names",seekingalpha/NOW,,,2026-09-22 17:17:49
2026-09-05,NTAP,Earnings Scoreboard: 7 of 8 key S&P 500 reporting firms top EPS estimates as all 8 post Y/Y profit growth,seekingalpha/NTAP,,,2026-09-22 17:17:49
2026-09-05,PODD,Healthcare August recap: Moderna jumps 156% as biotech shines; DaVita sinks,seekingalpha/PODD,,,2026-09-22 17:17:49
2026-09-05,SNPS,"Notable tech headlines for the week: Nvidia, Dell, Broadcom in focus",seekingalpha/SNPS,,,2026-09-22 17:17:49
2026-09-05,T,AT&T Preferred Cumulative Shares Series A And C Seeking A Bid,seekingalpha/T,,,2026-09-22 17:17:49
2026-09-05,TSN,Tyson Foods: Don't Overlook The Opportunity Behind The Beef Crisis,seekingalpha/TSN,,,2026-09-22 17:17:49
2026-09-05,VEEV,Healthcare August recap: Moderna jumps 156% as biotech shines; DaVita sinks,seekingalpha/VEEV,,,2026-09-22 17:17:49
2026-09-05,VLO,"Valero Energy: Diesel Scarcity Lifted Q2, But The Rally Leaves Little Room For Error",seekingalpha/VLO,,,2026-09-22 17:17:49
2026-09-05,VRT,"Key deals this week: Flex, Nvidia, AbbVie and more",seekingalpha/VRT,,,2026-09-22 17:17:49
2026-09-05,VRT,Vertiv: The Backbone Of AI Revolution,seekingalpha/VRT,,,2026-09-22 17:17:49
2026-09-05,VTI,"The 1-Minute Market Report, September 5, 2026",seekingalpha/VTI,,,2026-09-22 17:17:49
2026-09-05,VTRS,Healthcare August recap: Moderna jumps 156% as biotech shines; DaVita sinks,seekingalpha/VTRS,,,2026-09-22 17:17:49
2026-09-05,WFC,Wells Fargo: Stick To High-Yield Preferred Shares During Interest Rate Volatility,seekingalpha/WFC,,,2026-09-22 17:17:49
2026-09-05,WY,Weyerhaeuser: Bottoming Despite Higher Interest Rate Pressure,seekingalpha/WY,,,2026-09-22 17:17:49
2026-09-06,BG,"Consumer staples flat in August as Hormel, Tyson fall; Estée Lauder leads gainers",seekingalpha/BG,,,2026-09-22 17:17:49
2026-09-06,BLDR,"The Trade Desk to leave S&P 500 as Bloom Energy, Everpure, Illumina join index",seekingalpha/BLDR,,,2026-09-22 17:17:49
2026-09-06,CAT,Caterpillar: The Industrial Machine That Just Won't Give Up,seekingalpha/CAT,,,2026-09-22 17:17:49
2026-09-06,CCL,Airbnb tops consumer discretionary gainers even as travel stocks tumble; major cruise lines affected,seekingalpha/CCL,,,2026-09-22 17:17:49
2026-09-06,CMG,Airbnb tops consumer discretionary gainers even as travel stocks tumble; major cruise lines affected,seekingalpha/CMG,,,2026-09-22 17:17:49
2026-09-06,CRH,"CRH: Strong Execution, But Arcosa Raises The Risk For A Hold",seekingalpha/CRH,,,2026-09-22 17:17:49
2026-09-06,CVNA,Airbnb tops consumer discretionary gainers even as travel stocks tumble; major cruise lines affected,seekingalpha/CVNA,,,2026-09-22 17:17:49
2026-09-06,EL,"Consumer staples flat in August as Hormel, Tyson fall; Estée Lauder leads gainers",seekingalpha/EL,,,2026-09-22 17:17:49
2026-09-06,FSLR,"First Solar: Noise Down, Stock Up",seekingalpha/FSLR,,,2026-09-22 17:17:49
2026-09-06,GIS,"Consumer staples flat in August as Hormel, Tyson fall; Estée Lauder leads gainers",seekingalpha/GIS,,,2026-09-22 17:17:49
2026-09-06,HONA,"The Trade Desk to leave S&P 500 as Bloom Energy, Everpure, Illumina join index",seekingalpha/HONA,,,2026-09-22 17:17:49
2026-09-06,HRL,"Consumer staples flat in August as Hormel, Tyson fall; Estée Lauder leads gainers",seekingalpha/HRL,,,2026-09-22 17:17:49
2026-09-06,NCLH,Airbnb tops consumer discretionary gainers even as travel stocks tumble; major cruise lines affected,seekingalpha/NCLH,,,2026-09-22 17:17:49
2026-09-06,PEP,PepsiCo At 16 Times Earnings With A 4.3% Yield Is A Steal,seekingalpha/PEP,,,2026-09-22 17:17:49
2026-09-06,RCL,Airbnb tops consumer discretionary gainers even as travel stocks tumble; major cruise lines affected,seekingalpha/RCL,,,2026-09-22 17:17:49
2026-09-06,TAP,"Consumer staples flat in August as Hormel, Tyson fall; Estée Lauder leads gainers",seekingalpha/TAP,,,2026-09-22 17:17:49
2026-09-06,TAP,"The Trade Desk to leave S&P 500 as Bloom Energy, Everpure, Illumina join index",seekingalpha/TAP,,,2026-09-22 17:17:49
2026-09-06,TJX,Airbnb tops consumer discretionary gainers even as travel stocks tumble; major cruise lines affected,seekingalpha/TJX,,,2026-09-22 17:17:49
2026-09-06,TPR,Airbnb tops consumer discretionary gainers even as travel stocks tumble; major cruise lines affected,seekingalpha/TPR,,,2026-09-22 17:17:49
2026-09-06,TSN,"Consumer staples flat in August as Hormel, Tyson fall; Estée Lauder leads gainers",seekingalpha/TSN,,,2026-09-22 17:17:49
2026-09-07,AEP,American Electric Power: Defensive Income Meets AI-Fueled Growth,seekingalpha/AEP,,,2026-09-22 17:17:49
2026-09-07,AEP,These S&P 500 Utilities stocks trade below their 200-day average,seekingalpha/AEP,,,2026-09-22 17:17:49
2026-09-07,ATO,These S&P 500 Utilities stocks trade below their 200-day average,seekingalpha/ATO,,,2026-09-22 17:17:49
2026-09-07,CMS,These S&P 500 Utilities stocks trade below their 200-day average,seekingalpha/CMS,,,2026-09-22 17:17:49
2026-09-07,CNP,These S&P 500 Utilities stocks trade below their 200-day average,seekingalpha/CNP,,,2026-09-22 17:17:49
2026-09-07,CTSH,Cognizant outlines U.S. AI workforce plans,seekingalpha/CTSH,,,2026-09-22 17:17:49
2026-09-07,DTE,These S&P 500 Utilities stocks trade below their 200-day average,seekingalpha/DTE,,,2026-09-22 17:17:49
2026-09-07,DUK,These S&P 500 Utilities stocks trade below their 200-day average,seekingalpha/DUK,,,2026-09-22 17:17:49
2026-09-07,EIX,These S&P 500 Utilities stocks trade below their 200-day average,seekingalpha/EIX,,,2026-09-22 17:17:49
2026-09-07,EW,Edwards Lifesciences: $20 Billion TAM And A Meaningful Opportunity To Compound,seekingalpha/EW,,,2026-09-22 17:17:49
2026-09-07,EXC,These S&P 500 Utilities stocks trade below their 200-day average,seekingalpha/EXC,,,2026-09-22 17:17:49
2026-09-07,FANG,Diamondback Energy: The Next Catalyst May Have Nothing To Do With Oil,seekingalpha/FANG,,,2026-09-22 17:17:49
2026-09-07,FE,These S&P 500 Utilities stocks trade below their 200-day average,seekingalpha/FE,,,2026-09-22 17:17:49
2026-09-07,LNT,These S&P 500 Utilities stocks trade below their 200-day average,seekingalpha/LNT,,,2026-09-22 17:17:49
2026-09-07,LOW,Lowe's: An Undervalued Dividend King For Long-Term Dividend Growth Investors,seekingalpha/LOW,,,2026-09-22 17:17:49
2026-09-07,MKC,McCormick: An Attractive Opportunity For Long-Term Growth,seekingalpha/MKC,,,2026-09-22 17:17:49
2026-09-07,MNST,Monster Beverage: An Exceptional Business At Full Price,seekingalpha/MNST,,,2026-09-22 17:17:49
2026-09-07,NI,These S&P 500 Utilities stocks trade below their 200-day average,seekingalpha/NI,,,2026-09-22 17:17:49
2026-09-07,NRG,These S&P 500 Utilities stocks trade below their 200-day average,seekingalpha/NRG,,,2026-09-22 17:17:49
2026-09-07,NTAP,"NetApp, Inc. 2027 Q1 - Results - Earnings Call Presentation",seekingalpha/NTAP,,,2026-09-22 17:17:49
2026-09-07,PCG,These S&P 500 Utilities stocks trade below their 200-day average,seekingalpha/PCG,,,2026-09-22 17:17:49
2026-09-07,PEG,These S&P 500 Utilities stocks trade below their 200-day average,seekingalpha/PEG,,,2026-09-22 17:17:49
2026-09-07,PEP,PepsiCo: An Undervalued Dividend Machine Worth A Second Look,seekingalpha/PEP,,,2026-09-22 17:17:49
2026-09-07,PG,Procter & Gamble: A Dividend King Facing A New Consumer Reality,seekingalpha/PG,,,2026-09-22 17:17:49
2026-09-07,PNW,These S&P 500 Utilities stocks trade below their 200-day average,seekingalpha/PNW,,,2026-09-22 17:17:49
2026-09-07,PPL,These S&P 500 Utilities stocks trade below their 200-day average,seekingalpha/PPL,,,2026-09-22 17:17:49
2026-09-07,RF,"Regions Financial Looks More Attractive Again, Regardless Of The Fed's Decision",seekingalpha/RF,,,2026-09-22 17:17:49
2026-09-07,SO,These S&P 500 Utilities stocks trade below their 200-day average,seekingalpha/SO,,,2026-09-22 17:17:49
2026-09-07,SRE,These S&P 500 Utilities stocks trade below their 200-day average,seekingalpha/SRE,,,2026-09-22 17:17:49
2026-09-07,WEC,These S&P 500 Utilities stocks trade below their 200-day average,seekingalpha/WEC,,,2026-09-22 17:17:49
2026-09-07,XEL,These S&P 500 Utilities stocks trade below their 200-day average,seekingalpha/XEL,,,2026-09-22 17:17:49
2026-09-07,XYZ,Block: Banking Actives Build While Merchant GPV Rises,seekingalpha/XYZ,,,2026-09-22 17:17:49
2026-09-08,ABNB,"Airbnb, Inc. (ABNB) Presents at Goldman Sachs Communacopia + Technology Conference 2026 Transcript",seekingalpha/ABNB,,,2026-09-22 17:17:49
2026-09-08,ABT,Abbott granted FDA nod for advanced cardiac ablation catheter,seekingalpha/ABT,,,2026-09-22 17:17:49
2026-09-08,ADP,Automatic Data Processing: Tailwinds At Its Back,seekingalpha/ADP,,,2026-09-22 17:17:49
2026-09-08,AEP,American Electric Power Appears Charged Up For Future Gains,seekingalpha/AEP,,,2026-09-22 17:17:49
2026-09-08,AFL,"Aflac: Scrooge Keeps Compounding, But The Stock Is Fully Valued",seekingalpha/AFL,,,2026-09-22 17:17:49
2026-09-08,ANET,"Arista Networks, Inc. (ANET) Presents at Goldman Sachs Communacopia + Technology Conference 2026 Transcript",seekingalpha/ANET,,,2026-09-22 17:17:49
2026-09-08,APD,"Air Products and Chemicals: Better Margins, Higher Returns, And A More Disciplined Energy Transition Strategy",seekingalpha/APD,,,2026-09-22 17:17:49
2026-09-08,BEN,Franklin Templeton to acquire majority stake in Europe-based Stoneshield Capital,seekingalpha/BEN,,,2026-09-22 17:17:49
2026-09-08,BG,Bunge Global SA (BG) Presents at Barclays 19th Annual Global Consumer Staples Conference Transcript,seekingalpha/BG,,,2026-09-22 17:17:49
2026-09-08,BMY,Bristol Myers succeeds in mid-stage trial for CAR-T cell therapy in multiple myeloma,seekingalpha/BMY,,,2026-09-22 17:17:49
2026-09-08,BMY,FDA names acting heads of drug and vaccine units to permanent roles,seekingalpha/BMY,,,2026-09-22 17:17:49
2026-09-08,BSX,"Boston Scientific says cyberattack will materially hit Q3, full-year results",seekingalpha/BSX,,,2026-09-22 17:17:49
2026-09-08,CDW,CDW Corporation (CDW) Presents at Citi's 2026 Global TMT Conference Transcript,seekingalpha/CDW,,,2026-09-22 17:17:49
2026-09-08,CELH,"Celsius Holdings, Inc. (CELH) Presents at Barclays 19th Annual Global Consumer Staples Conference Transcript",seekingalpha/CELH,,,2026-09-22 16:55:06
2026-09-08,CHRW,"C.H. Robinson Worldwide, Inc. (CHRW) Presents at Citi's 2026 Global TMT Conference Transcript",seekingalpha/CHRW,,,2026-09-22 17:17:49
2026-09-08,CHRW,Citi Research sees a buying opportunity in two transportation stocks,seekingalpha/CHRW,,,2026-09-22 17:17:49
2026-09-08,CME,CME Group to enter European dairy market through EEX deal,seekingalpha/CME,,,2026-09-22 17:17:49
2026-09-08,CMS,CMS Energy: Snatch Up This Future Dividend Aristocrat Now,seekingalpha/CMS,,,2026-09-22 17:17:49
2026-09-08,CNP,CenterPoint Energy Resources launches $350 million tender offers,seekingalpha/CNP,,,2026-09-22 17:17:49
2026-09-08,COR,"Cencora, Inc. (COR) Presents at Wells Fargo 21st Annual Healthcare Conference Transcript",seekingalpha/COR,,,2026-09-22 17:17:49
2026-09-08,CSCO,"Cisco Systems, Inc. (CSCO) Presents at Goldman Sachs Communacopia + Technology Conference 2026 Transcript",seekingalpha/CSCO,,,2026-09-22 17:17:49
2026-09-08,CTSH,Cognizant Technology Solutions Corporation (CTSH) Presents at Citi's 2026 Global TMT Conference Transcript,seekingalpha/CTSH,,,2026-09-22 17:17:49
2026-09-08,DDOG,"Datadog, Inc. (DDOG) Presents at Citi's 2026 Global TMT Conference Transcript",seekingalpha/DDOG,,,2026-09-22 17:17:49
2026-09-08,DVN,Devon Energy: Operations Back In Focus After The Coterra Acquisition,seekingalpha/DVN,,,2026-09-22 17:17:49
2026-09-08,EBAY,eBay Inc. (EBAY) Presents at Goldman Sachs Communacopia + Technology Conference 2026 Transcript,seekingalpha/EBAY,,,2026-09-22 17:17:49
2026-09-08,EBAY,"eBay: Move Over Sotheby's, The Collectibles King Has Arrived",seekingalpha/EBAY,,,2026-09-22 17:17:49
2026-09-08,ECHO,Dish Network creditors ask bankruptcy court for new trustee and counsel,seekingalpha/ECHO,,,2026-09-22 17:17:49
2026-09-08,ECHO,UBS upgrades EchoStar as SpaceX stake boosts asset value,seekingalpha/ECHO,,,2026-09-22 17:17:49
2026-09-08,ETN,"Eaton upgraded at UBS as margins improve, AI power demand accelerates",seekingalpha/ETN,,,2026-09-22 17:17:49
2026-09-08,EW,Baron Asset Fund adds CBRS and EW; exits FICO and FND,seekingalpha/EW,,,2026-09-22 17:17:49
2026-09-08,F,Ford Motor Company (F) Presents at Goldman Sachs Communacopia + Technology Conference 2026 Transcript,seekingalpha/F,,,2026-09-22 17:17:49
2026-09-08,F,Ford's relationship with CATL and Geely is under government scrutiny,seekingalpha/F,,,2026-09-22 17:17:49
2026-09-08,FDX,FedEx Corporation (FDX) Presents at Citi's 2026 Global TMT Conference Transcript,seekingalpha/FDX,,,2026-09-22 17:17:49
2026-09-08,FDX,FedEx Freight's spin-off gives the LTL carrier room to run—J.P. Morgan,seekingalpha/FDX,,,2026-09-22 17:17:49
2026-09-08,FDXF,FedEx Freight's spin-off gives the LTL carrier room to run—J.P. Morgan,seekingalpha/FDXF,,,2026-09-22 17:17:49
2026-09-08,FICO,Baron Asset Fund adds CBRS and EW; exits FICO and FND,seekingalpha/FICO,,,2026-09-22 17:17:49
2026-09-08,FIS,"Fidelity National Information Services, Inc. (FIS) Presents at Goldman Sachs Communacopia + Technology Conference 2026 Transcript",seekingalpha/FIS,,,2026-09-22 17:17:49
2026-09-08,FTNT,"Fortinet, Inc. (FTNT) Presents at Goldman Sachs Communacopia + Technology Conference 2026 Transcript",seekingalpha/FTNT,,,2026-09-22 17:17:49
2026-09-08,GDDY,GoDaddy Inc. (GDDY) Presents at Citi's 2026 Global TMT Conference Transcript,seekingalpha/GDDY,,,2026-09-22 17:17:49
2026-09-08,GIS,General Mills reaffirms FY27 guidance,seekingalpha/GIS,,,2026-09-22 17:17:49
2026-09-08,GIS,"General Mills, Inc. (GIS) Presents at Barclays 19th Annual Global Consumer Staples Conference Transcript",seekingalpha/GIS,,,2026-09-22 17:17:49
2026-09-08,HAS,Hasbro: Magic Can Change What Investors Pay For The Whole Business,seekingalpha/HAS,,,2026-09-22 17:17:49
2026-09-08,HPQ,HP Inc. (HPQ) Presents at Goldman Sachs Communacopia + Technology Conference 2026 Transcript,seekingalpha/HPQ,,,2026-09-22 17:17:49
2026-09-08,HSY,Hershey: The Bitter Environment Is Creating A Sweet Opportunity (Upgrade),seekingalpha/HSY,,,2026-09-22 17:17:49
2026-09-08,HSY,"SA analyst upgrades/downgrades: DELL, BA, KO, HSY",seekingalpha/HSY,,,2026-09-22 17:17:49
2026-09-08,IRM,Iron Mountain Incorporated (IRM) Presents at Goldman Sachs Communacopia + Technology Conference 2026 Transcript,seekingalpha/IRM,,,2026-09-22 17:17:49
2026-09-08,LH,Labcorp buys MLM Medical Labs,seekingalpha/LH,,,2026-09-22 17:17:49
2026-09-08,LHX,L3Harris selected by U.S. Navy to supply counter-drone systems,seekingalpha/LHX,,,2026-09-22 17:17:49
2026-09-08,MCHP,Microchip Technology: This Chip Stock Is Cheaper Than It Seems,seekingalpha/MCHP,,,2026-09-22 17:17:49
2026-09-08,MCK,McKesson Corporation (MCK) Presents at Wells Fargo 21st Annual Healthcare Conference Transcript,seekingalpha/MCK,,,2026-09-22 17:17:49
2026-09-08,MCK,Underestimating The Moat: Why McKesson's Oncology Pivot And Share Buybacks Signal Structural Upside,seekingalpha/MCK,,,2026-09-22 17:17:49
2026-09-08,MDT,Medtronic plc (MDT) Presents at Wells Fargo 21st Annual Healthcare Conference Transcript,seekingalpha/MDT,,,2026-09-22 17:17:49
2026-09-08,MO,Altria Group: My 6.4% Yielding Alternative To High Yield Bonds In This Macro Environment,seekingalpha/MO,,,2026-09-22 17:17:49
2026-09-08,MTB,"M&T Bank upgraded to Buy-equivalent at Morgan Stanley, named Top Pick",seekingalpha/MTB,,,2026-09-22 17:17:49
2026-09-08,NTAP,"NetApp, Inc. (NTAP) Presents at Citi's 2026 Global TMT Conference Transcript",seekingalpha/NTAP,,,2026-09-22 17:17:49
2026-09-08,NTAP,"NetApp, Inc. (NTAP) Presents at Goldman Sachs Communacopia + Technology Conference 2026 Transcript",seekingalpha/NTAP,,,2026-09-22 17:17:49
2026-09-08,NWS,News Corporation (NWSA) Presents at Citi's 2026 Global TMT Conference Transcript,seekingalpha/NWS,,,2026-09-22 17:17:49
2026-09-08,NWSA,News Corporation (NWSA) Presents at Citi's 2026 Global TMT Conference Transcript,seekingalpha/NWSA,,,2026-09-22 17:17:49
2026-09-08,NXPI,Semiconductor sales fall in July as memory revenue drops: UBS,seekingalpha/NXPI,,,2026-09-22 17:17:49
2026-09-08,ODFL,Citi Research sees a buying opportunity in two transportation stocks,seekingalpha/ODFL,,,2026-09-22 17:17:49
2026-09-08,PEP,PepsiCo eyes new food categories as GLP-1s sap snack demand,seekingalpha/PEP,,,2026-09-22 17:17:49
2026-09-08,PM,Philip Morris International Inc. (PM) Presents at Barclays 19th Annual Global Consumer Staples Conference Transcript,seekingalpha/PM,,,2026-09-22 17:17:49
2026-09-08,PM,Philip Morris hikes profit guidance as part of confident outlook,seekingalpha/PM,,,2026-09-22 17:17:49
2026-09-08,RDDT,"Reddit, Inc. (RDDT) Presents at Goldman Sachs Communacopia + Technology Conference 2026 Transcript",seekingalpha/RDDT,,,2026-09-22 17:17:49
2026-09-08,SCHW,Charles Schwab: Hold For Existing Holders; A Buy For New Money On A Pullback,seekingalpha/SCHW,,,2026-09-22 17:17:49
2026-09-08,SJM,The J. M. Smucker Company (SJM) Presents at Barclays 19th Annual Global Consumer Staples Conference Transcript,seekingalpha/SJM,,,2026-09-22 17:17:49
2026-09-08,SMCI,"Super Micro Computer, Inc. (SMCI) Presents at Citi's 2026 Global TMT Conference Transcript",seekingalpha/SMCI,,,2026-09-22 17:17:49
2026-09-08,SNPS,"Morgan Stanley upgrades Synopsys, cuts Infineon; 'time to be more selective'",seekingalpha/SNPS,,,2026-09-22 17:17:49
2026-09-08,STZ,Constellation Brands to redeem $600M notes,seekingalpha/STZ,,,2026-09-22 17:17:49
2026-09-08,STZ,Constellation Brands warns logistics and commodity costs will compress H2 margins,seekingalpha/STZ,,,2026-09-22 17:17:49
2026-09-08,STZ,"Constellation Brands, Inc. (STZ) Presents at Barclays 19th Annual Global Consumer Staples Conference Transcript",seekingalpha/STZ,,,2026-09-22 17:17:49
2026-09-08,SYK,Stryker Corporation (SYK) Presents at Wells Fargo 21st Annual Healthcare Conference Transcript,seekingalpha/SYK,,,2026-09-22 17:17:49
2026-09-08,SYK,Stryker drops after comments on vascular and ortho segments,seekingalpha/SYK,,,2026-09-22 17:17:49
2026-09-08,TGT,"Target's Turnaround Is Shaping Up Nicely, But The Rising Valuation Forces A Downgrade",seekingalpha/TGT,,,2026-09-22 17:17:49
2026-09-08,TKO,"TKO Group Holdings, Inc. (TKO) Presents at Goldman Sachs Communacopia + Technology Conference 2026 Transcript",seekingalpha/TKO,,,2026-09-22 17:17:49
2026-09-08,TRV,"Travelers: Better Underwriting, Better Capital Returns, But Fully Valued",seekingalpha/TRV,,,2026-09-22 17:17:49
2026-09-08,TSCO,Tractor Supply: Don't Mistake A Tough Cycle For A Broken Thesis,seekingalpha/TSCO,,,2026-09-22 17:17:49
2026-09-08,TTWO,GTA 6 download data suggests PlayStation may be extending its lead over Xbox,seekingalpha/TTWO,,,2026-09-22 16:55:06
2026-09-08,TYL,"Tyler Technologies, Inc. (TYL) Presents at Citi's 2026 Global TMT Conference Transcript",seekingalpha/TYL,,,2026-09-22 17:17:49
2026-09-08,UDR,UDR: 10% To 13% Annual Total Return Potential,seekingalpha/UDR,,,2026-09-22 17:17:49
2026-09-08,UHS,"Universal Health Services, Inc. (UHS) Presents at Wells Fargo 21st Annual Healthcare Conference Transcript",seekingalpha/UHS,,,2026-09-22 17:17:49
2026-09-08,V,Visa Inc. (V) Presents at Goldman Sachs Communacopia + Technology Conference 2026 Transcript,seekingalpha/V,,,2026-09-22 17:17:49
2026-09-08,VRT,Vertiv Holdings Co (VRT) Presents at Goldman Sachs Communacopia + Technology Conference 2026 Transcript,seekingalpha/VRT,,,2026-09-22 17:17:49
2026-09-08,WYNN,The worker strike at Wynn's Encore Boston property rolled through the holiday weekend,seekingalpha/WYNN,,,2026-09-22 17:17:49
2026-09-08,XYZ,Block applies to establish non-deposit-taking national trust bank,seekingalpha/XYZ,,,2026-09-22 17:17:49
2026-09-08,XYZ,Block's Richer Fintech Ecosystem Drives Accelerated Growth Prospects - Consolidation Risks Ahead,seekingalpha/XYZ,,,2026-09-22 17:17:49
2026-09-08,YUM,Yum! Brands: Life After The Outbreak,seekingalpha/YUM,,,2026-09-22 17:17:49
2026-09-09,ABBV,AbbVie Inc. (ABBV) Presents at Wells Fargo 21st Annual Healthcare Conference Transcript,seekingalpha/ABBV,,,2026-09-22 17:17:49
2026-09-09,ADI,Analog Devices to Buy Alif Semiconductor for $1.35B cash,seekingalpha/ADI,,,2026-09-22 17:17:49
2026-09-09,ADM,Archer-Daniels-Midland Company (ADM) Presents at Barclays 19th Annual Global Consumer Staples Conference Transcript,seekingalpha/ADM,,,2026-09-22 17:17:49
2026-09-09,ADM,Archer-Daniels-Midland Company: Agro Commodity Supercycle Inflection Unlocks Asymmetric Upside,seekingalpha/ADM,,,2026-09-22 17:17:49
2026-09-09,ADP,"Automatic Data Processing, Inc. (ADP) Presents at Citi's 2026 Global TMT Conference Transcript",seekingalpha/ADP,,,2026-09-22 17:17:49
2026-09-09,ADSK,"Autodesk, Inc. (ADSK) Presents at Citi's 2026 Global TMT Conference Transcript",seekingalpha/ADSK,,,2026-09-22 17:17:49
2026-09-09,ADSK,"Autodesk, Inc. (ADSK) Presents at Goldman Sachs Communacopia + Technology Conference 2026 Transcript",seekingalpha/ADSK,,,2026-09-22 17:17:49
2026-09-09,AEE,Ameren prices $900M junior subordinated notes due 2057,seekingalpha/AEE,,,2026-09-22 17:17:49
2026-09-09,AJG,Arthur J. Gallagher: A Recession- And Inflation-Resilient Business Trading At A Low FCF Multiple,seekingalpha/AJG,,,2026-09-22 17:17:49
2026-09-09,AKAM,"Akamai Technologies, Inc. (AKAM) Presents at Citi's 2026 Global TMT Conference Transcript",seekingalpha/AKAM,,,2026-09-22 17:17:49
2026-09-09,AKAM,"Akamai Technologies, Inc. (AKAM) Presents at Goldman Sachs Communacopia + Technology Conference 2026 Transcript",seekingalpha/AKAM,,,2026-09-22 17:17:49
2026-09-09,AMT,American Tower Corporation (AMT) Presents at Goldman Sachs Communacopia + Technology Conference 2026 Transcript,seekingalpha/AMT,,,2026-09-22 17:17:49
2026-09-09,AMT,American Tower prices $1.6B of senior notes,seekingalpha/AMT,,,2026-09-22 17:17:49
2026-09-09,APH,Amphenol Corporation (APH) Presents at Citi's 2026 Global TMT Conference - Slideshow,seekingalpha/APH,,,2026-09-22 17:17:49
2026-09-09,APH,Amphenol Corporation (APH) Presents at Citi's 2026 Global TMT Conference Transcript,seekingalpha/APH,,,2026-09-22 17:17:49
2026-09-09,APH,Amphenol: Keep A Close Eye On Fed Rate Hikes Amid The Scorching AI Race,seekingalpha/APH,,,2026-09-22 17:17:49
2026-09-09,APH,Amphenol: Priced At A Premium For A Reason,seekingalpha/APH,,,2026-09-22 17:17:49
2026-09-09,ARES,"Ares Management Will Grow Further, But Upside Is Limited",seekingalpha/ARES,,,2026-09-22 17:17:49
2026-09-09,BAX,Baxter International Inc. (BAX) Presents at Wells Fargo 21st Annual Healthcare Conference Transcript,seekingalpha/BAX,,,2026-09-22 17:17:49
2026-09-09,BDX,"Becton, Dickinson and Company (BDX) Presents at Wells Fargo 21st Annual Healthcare Conference Transcript",seekingalpha/BDX,,,2026-09-22 17:17:49
2026-09-09,BIIB,Biogen Inc. (BIIB) Presents at Wells Fargo 21st Annual Healthcare Conference Transcript,seekingalpha/BIIB,,,2026-09-22 17:17:49
2026-09-09,BKNG,Booking Holdings Inc. (BKNG) Presents at Citi's 2026 Global TMT Conference Transcript,seekingalpha/BKNG,,,2026-09-22 17:17:49
2026-09-09,BKNG,Booking Holdings Inc. (BKNG) Presents at Goldman Sachs Communacopia + Technology Conference 2026 Transcript,seekingalpha/BKNG,,,2026-09-22 17:17:49
2026-09-09,BKNG,Booking Holdings loses last chance bid to acquire ETraveli,seekingalpha/BKNG,,,2026-09-22 17:17:49
2026-09-09,BKR,Baker Hughes Company (BKR) Presents at Barclays 40th Annual Energy-Power Conference - Slideshow,seekingalpha/BKR,,,2026-09-22 17:17:49
2026-09-09,BKR,Baker Hughes Company (BKR) Presents at Barclays 40th Annual Energy-Power Conference Transcript,seekingalpha/BKR,,,2026-09-22 17:17:49
2026-09-09,BKR,"Baker Hughes hikes guidance for 2026 revenue, EBITDA to reflect Chart Industries deal",seekingalpha/BKR,,,2026-09-22 17:17:49
2026-09-09,C,Citi eyes first-mover role with 24/7 tokenized payments in Japan,seekingalpha/C,,,2026-09-22 17:17:49
2026-09-09,C,"Citigroup's Restructuring Is Working, And Valuation Has Not Caught Up",seekingalpha/C,,,2026-09-22 17:17:49
2026-09-09,CAH,"Cardinal Health, Inc. (CAH) Presents at Wells Fargo 21st Annual Healthcare Conference Transcript",seekingalpha/CAH,,,2026-09-22 17:17:49
2026-09-09,CASY,Casey's General Stores slides 14% after earnings report,seekingalpha/CASY,,,2026-09-22 17:17:49
2026-09-09,CASY,"Casey's General Stores, Inc. (CASY) Q1 2027 Earnings Call Transcript",seekingalpha/CASY,,,2026-09-22 17:17:49
2026-09-09,CASY,Casey’s targets 120 new stores in FY 2027 as CEFCO remodels show ~30% PF&DB lift,seekingalpha/CASY,,,2026-09-22 17:17:49
2026-09-09,CCI,Crown Castle Inc. (CCI) Presents at Citi's 2026 Global TMT Conference Transcript,seekingalpha/CCI,,,2026-09-22 17:17:49
2026-09-09,CDNS,"Cadence Design Systems, Inc. (CDNS) Presents at Goldman Sachs Communacopia + Technology Conference 2026 Transcript",seekingalpha/CDNS,,,2026-09-22 17:17:49
2026-09-09,CELH,Celsius: The Growth Story Is Far From Over,seekingalpha/CELH,,,2026-09-22 16:55:06
2026-09-09,CHD,"Church & Dwight Co., Inc. (CHD) Presents at Barclays 19th Annual Global Consumer Staples Conference Transcript",seekingalpha/CHD,,,2026-09-22 17:17:49
2026-09-09,CHRW,"C.H. Robinson Worldwide, Inc. (CHRW) Presents at Jefferies Global Industrials Conference 2026 Transcript",seekingalpha/CHRW,,,2026-09-22 17:17:49
2026-09-09,CHRW,C.H. Robinson: The $604 Million Verdict Looks Bigger Than The Economic Risk,seekingalpha/CHRW,,,2026-09-22 17:17:49
2026-09-09,CHTR,"Charter Communications, Inc. (CHTR) Presents at Goldman Sachs Communacopia + Technology Conference 2026 Transcript",seekingalpha/CHTR,,,2026-09-22 17:17:49
2026-09-09,CL,Colgate-Palmolive Company (CL) Presents at Barclays 19th Annual Global Consumer Staples Conference Transcript,seekingalpha/CL,,,2026-09-22 17:17:49
2026-09-09,CLX,The Clorox Company (CLX) Presents at Barclays 19th Annual Global Consumer Staples Conference Transcript,seekingalpha/CLX,,,2026-09-22 17:17:49
2026-09-09,CME,CME Group appoints Jack Tobin as CFO,seekingalpha/CME,,,2026-09-22 17:17:49
2026-09-09,CNC,Centene: Rapid Earnings Recovery And Momentum,seekingalpha/CNC,,,2026-09-22 17:17:49
2026-09-09,COO,Cooper outlines Q4 2026 EPS of $1.05-$1.09 while completing strategic review and adding $1B to buyback authorization,seekingalpha/COO,,,2026-09-22 17:17:49
2026-09-09,CRH,Wells Fargo shuffles building materials ratings as 2027 outlook weakens,seekingalpha/CRH,,,2026-09-22 17:17:49
2026-09-09,CVNA,Carvana: There Is Still Room For More Growth,seekingalpha/CVNA,,,2026-09-22 17:17:49
2026-09-09,DAL,Hyatt and Delta Air Lines to launch dual loyalty program,seekingalpha/DAL,,,2026-09-22 17:17:49
2026-09-09,DOW,Dow is said to consider sale of stake in $20B Saudi chemical venture,seekingalpha/DOW,,,2026-09-22 17:17:49
2026-09-09,DXCM,"DexCom, Inc. (DXCM) Presents at Wells Fargo 21st Annual Healthcare Conference Transcript",seekingalpha/DXCM,,,2026-09-22 17:17:49
2026-09-09,EFX,Equifax Inc. (EFX) Presents at Barclays Virtual Credit Bureau Day - Slideshow,seekingalpha/EFX,,,2026-09-22 17:17:49
2026-09-09,EFX,"FHFA's Pulte includes VantageScore in addition to FICO score in Fannie, Freddie products",seekingalpha/EFX,,,2026-09-22 17:17:49
2026-09-09,EG,Everest Group Should Benefit From A Quiet Atlantic Hurricane Season,seekingalpha/EG,,,2026-09-22 17:17:49
2026-09-09,EG,"Everest Group: Cheap Valuation, But Casualty Reserves Remain A Concern",seekingalpha/EG,,,2026-09-22 17:17:49
2026-09-09,EL,The Estée Lauder Companies Inc. (EL) Presents at Barclays 19th Annual Global Consumer Staples Conference Transcript,seekingalpha/EL,,,2026-09-22 17:17:49
2026-09-09,EME,EMCOR Group: AI-Driven Data Center Growth Supports Strong Revenue And Earnings Upside,seekingalpha/EME,,,2026-09-22 17:17:49
2026-09-09,EOG,"EOG Resources, Inc. (EOG) Presents at Barclays 40th Annual Energy-Power Conference Transcript",seekingalpha/EOG,,,2026-09-22 17:17:49
2026-09-09,ESS,"Essex Property Trust: Strong Quarter, Legal Uncertainty Removed",seekingalpha/ESS,,,2026-09-22 17:17:49
2026-09-09,F,"Ford: Premium Mix, Aluminum Recovery, And Super Duty Capacity Support Earnings Upside",seekingalpha/F,,,2026-09-22 17:17:49
2026-09-09,FAST,Fastenal: Even 16% Earnings Growth Isn't Enough At 39x,seekingalpha/FAST,,,2026-09-22 17:17:49
2026-09-09,FDX,FedEx unveils new digital tools to simplify international shipping,seekingalpha/FDX,,,2026-09-22 17:17:49
2026-09-09,FFIV,"F5, Inc. (FFIV) Presents at Goldman Sachs Communacopia + Technology Conference 2026 Transcript",seekingalpha/FFIV,,,2026-09-22 17:17:49
2026-09-09,FICO,"FHFA's Pulte includes VantageScore in addition to FICO score in Fannie, Freddie products",seekingalpha/FICO,,,2026-09-22 17:17:49
2026-09-09,FOX,Fox Corporation (FOXA) Presents at Goldman Sachs Communacopia + Technology Conference 2026 Transcript,seekingalpha/FOX,,,2026-09-22 17:17:49
2026-09-09,FOX,"Roku, Fox get U.S. Dept. of Justice second request for deal",seekingalpha/FOX,,,2026-09-22 17:17:49
2026-09-09,FOXA,Fox Corporation (FOXA) Presents at Goldman Sachs Communacopia + Technology Conference 2026 Transcript,seekingalpha/FOXA,,,2026-09-22 17:17:49
2026-09-09,FOXA,"Roku, Fox get U.S. Dept. of Justice second request for deal",seekingalpha/FOXA,,,2026-09-22 17:17:49
2026-09-09,FTNT,Fortinet's Next Test Is Sustained Growth,seekingalpha/FTNT,,,2026-09-22 17:17:49
2026-09-09,GDDY,GoDaddy Inc. (GDDY) Presents at Goldman Sachs Communacopia + Technology Conference 2026 Transcript,seekingalpha/GDDY,,,2026-09-22 17:17:49
2026-09-09,GEHC,GE HealthCare Technologies Inc. (GEHC) Presents at Wells Fargo 21st Annual Healthcare Conference Transcript,seekingalpha/GEHC,,,2026-09-22 17:17:49
2026-09-09,HBAN,Huntington appoints Brant Standridge president; move reportedly sets him up for CEO successor role,seekingalpha/HBAN,,,2026-09-22 17:17:49
2026-09-09,HCA,"HCA Healthcare, Inc. (HCA) Presents at Wells Fargo 21st Annual Healthcare Conference Transcript",seekingalpha/HCA,,,2026-09-22 17:17:49
2026-09-09,HONA,Honeywell Aerospace Inc. (HONA) Presents at Jefferies Global Industrials Conference 2026 Transcript,seekingalpha/HONA,,,2026-09-22 17:17:49
2026-09-09,HRL,Hormel Foods Corporation (HRL) Presents at Barclays 19th Annual Global Consumer Staples Conference Transcript,seekingalpha/HRL,,,2026-09-22 17:17:49
2026-09-09,HSY,The Hershey Company (HSY) Presents at Barclays 19th Annual Global Consumer Staples Conference Transcript,seekingalpha/HSY,,,2026-09-22 17:17:49
2026-09-09,HUM,"CVS Health flags elevated medical expenses, sending managed care lower",seekingalpha/HUM,,,2026-09-22 17:17:49
2026-09-09,HWM,Howmet Aerospace Inc. (HWM) Presents at Jefferies Global Industrials Conference 2026 Transcript,seekingalpha/HWM,,,2026-09-22 17:17:49
2026-09-09,IBKR,Interactive Brokers Offers What Robinhood And Schwab Simply Can't,seekingalpha/IBKR,,,2026-09-22 17:17:49
2026-09-09,IBM,International Business Machines Corporation (IBM) Presents at Citi's 2026 Global TMT Conference Transcript,seekingalpha/IBM,,,2026-09-26 01:12:21
2026-09-09,IBM,International Business Machines Corporation (IBM) Presents at Goldman Sachs Communacopia + Technology Conference 2026 Transcript,seekingalpha/IBM,,,2026-09-22 17:17:49
2026-09-09,ICE,"Intercontinental Exchange: AI-Driven Selloff Overdone, The Valuation Case Is Stronger (Rating Upgrade)",seekingalpha/ICE,,,2026-09-22 17:17:49
2026-09-09,INCY,Incyte Corporation (INCY) Presents at Wells Fargo 21st Annual Healthcare Conference Transcript,seekingalpha/INCY,,,2026-09-22 17:17:49
2026-09-09,IQV,IQVIA prices $2B of senior notes due 2034,seekingalpha/IQV,,,2026-09-22 17:17:49
2026-09-09,ISRG,"Intuitive Surgical, Inc. (ISRG) Presents at Wells Fargo 21st Annual Healthcare Conference Transcript",seekingalpha/ISRG,,,2026-09-22 17:17:49
2026-09-09,JCI,Johnson Controls International declares $0.40 dividend,seekingalpha/JCI,,,2026-09-22 17:17:49
2026-09-09,JKHY,"Jack Henry & Associates, Inc. (JKHY) Presents at Goldman Sachs Communacopia + Technology Conference 2026 Transcript",seekingalpha/JKHY,,,2026-09-22 17:17:49
2026-09-09,KHC,Kraft Heinz: Cheap For A Reason,seekingalpha/KHC,,,2026-09-22 17:17:49
2026-09-09,KHC,The Kraft Heinz Company (KHC) Presents at Barclays 19th Annual Global Consumer Staples Conference Transcript,seekingalpha/KHC,,,2026-09-22 17:17:49
2026-09-09,KLAC,KLA Corporation (KLAC) Presents at Citi's 2026 Global TMT Conference Transcript,seekingalpha/KLAC,,,2026-09-22 17:17:49
2026-09-09,KLAC,KLA Corporation Is A Buy The Dip Opportunity (Technical Analysis),seekingalpha/KLAC,,,2026-09-22 17:17:49
2026-09-09,KMI,"Kinder Morgan, Inc. (KMI) Presents at Barclays 40th Annual Energy-Power Conference Transcript",seekingalpha/KMI,,,2026-09-22 17:17:49
2026-09-09,LHX,"L3Harris Technologies, Inc. (LHX) Presents at Jefferies Global Industrials Conference 2026 Transcript",seekingalpha/LHX,,,2026-09-22 17:17:49
2026-09-09,LIN,"Linde: Strong Execution, But Peer Momentum And Higher CapEx Limit The Upside",seekingalpha/LIN,,,2026-09-22 17:17:49
2026-09-09,LRCX,Lam Research Corporation (LRCX) Presents at Citi's 2026 Global TMT Conference Transcript,seekingalpha/LRCX,,,2026-09-22 17:17:49
2026-09-09,LULU,"lululemon: A Bleak Outlook, But The Stock Could Fall Further",seekingalpha/LULU,,,2026-09-22 17:17:49
2026-09-09,LYV,"Live Nation Entertainment, Inc. (LYV) Presents at Goldman Sachs Communacopia + Technology Conference 2026 Transcript",seekingalpha/LYV,,,2026-09-22 17:17:49
2026-09-09,MAR,"Marriott International, Inc. (MAR) Presents at Bank of America Gaming and Lodging Conference 2026 Transcript",seekingalpha/MAR,,,2026-09-22 17:17:49
2026-09-09,MDLZ,"Mondelez International, Inc. (MDLZ) Presents at Barclays 19th Annual Global Consumer Staples Conference Transcript",seekingalpha/MDLZ,,,2026-09-22 17:17:49
2026-09-09,MET,"MetLife, Inc. (MET) Presents at KBW Insurance Conference 2026 Transcript",seekingalpha/MET,,,2026-09-22 17:17:49
2026-09-09,MKC,"McCormick & Company, Incorporated (MKC) Presents at Barclays 19th Annual Global Consumer Staples Conference - Slideshow",seekingalpha/MKC,,,2026-09-22 17:17:49
2026-09-09,MKC,"McCormick & Company, Incorporated (MKC) Presents at Barclays 19th Annual Global Consumer Staples Conference Prepared Remarks Transcript",seekingalpha/MKC,,,2026-09-22 17:17:49
2026-09-09,MLM,Wells Fargo shuffles building materials ratings as 2027 outlook weakens,seekingalpha/MLM,,,2026-09-22 17:17:49
2026-09-09,MO,"Altria: A Strong Dividend Increase After A Shaky Quarter, New Partnership",seekingalpha/MO,,,2026-09-22 17:17:49
2026-09-09,MO,Altria: Inflation Risks Meet Diversified Pricing Position And Durable Cash Flows,seekingalpha/MO,,,2026-09-22 17:17:49
2026-09-09,MOS,The Mosaic Company: Sulfur Prices Are Crushing Margins With No End In Sight,seekingalpha/MOS,,,2026-09-22 17:17:49
2026-09-09,MPWR,GlobalFoundries partners with Monolithic Power to expand manufacturing capacity,seekingalpha/MPWR,,,2026-09-22 17:17:49
2026-09-09,MSI,Motorola Solutions expands share repurchase program by $2B,seekingalpha/MSI,,,2026-09-22 17:17:49
2026-09-09,MSI,"Stocks to watch on Wednesday after hours: AVAV, ENB, MSI",seekingalpha/MSI,,,2026-09-22 17:17:49
2026-09-09,NOW,"ServiceNow, Inc. (NOW) Presents at Citi's 2026 Global TMT Conference Transcript",seekingalpha/NOW,,,2026-09-22 17:17:49
2026-09-09,NOW,"ServiceNow, Inc. (NOW) Presents at Goldman Sachs Communacopia + Technology Conference 2026 Transcript",seekingalpha/NOW,,,2026-09-22 17:17:49
2026-09-09,NOW,ServiceNow: A Gem Beating The SaaSpocalypse Narrative,seekingalpha/NOW,,,2026-09-22 17:17:49
2026-09-09,NOW,ServiceNow: The Agentic AI Frontier,seekingalpha/NOW,,,2026-09-22 17:17:49
2026-09-09,NRG,NRG Energy: Customer Relationship Is Worth More Than Another AI Headline,seekingalpha/NRG,,,2026-09-22 17:17:49
2026-09-09,NSC,Union Pacific Isn't Worth Buying Regardless Of How Its Deal With Norfolk Southern Turns Out,seekingalpha/NSC,,,2026-09-22 17:17:49
2026-09-09,NXPI,NXP Semiconductors N.V. (NXPI) Presents at Goldman Sachs Communacopia + Technology Conference 2026 Transcript,seekingalpha/NXPI,,,2026-09-22 17:17:49
2026-09-09,PEG,"Aramark, Clean Harbors added to BofA US1 list, Public Service Enterprise removed",seekingalpha/PEG,,,2026-09-22 17:17:49
2026-09-09,PEP,"Consumer staples: Private labels, health trends, and who can hold their ground",seekingalpha/PEP,,,2026-09-22 17:17:49
2026-09-09,PODD,Insulet Corporation (PODD) Presents at Wells Fargo 21st Annual Healthcare Conference Transcript,seekingalpha/PODD,,,2026-09-22 17:17:49
2026-09-09,PRU,"Prudential Financial, Inc. (PRU) Presents at KBW Insurance Conference 2026 Transcript",seekingalpha/PRU,,,2026-09-22 17:17:49
2026-09-09,PTC,PTC Inc. (PTC) Presents at Citi's 2026 Global TMT Conference Transcript,seekingalpha/PTC,,,2026-09-22 17:17:49
2026-09-09,PYPL,"PayPal Holdings, Inc. (PYPL) Presents at Goldman Sachs Communacopia + Technology Conference 2026 Transcript",seekingalpha/PYPL,,,2026-09-22 17:17:49
2026-09-09,PYPL,PayPal Is Approaching Its Moment Of Truth,seekingalpha/PYPL,,,2026-09-22 17:17:49
2026-09-09,RDDT,Reddit Vs. Meta: The Better Bet In An AI-Saturated Market,seekingalpha/RDDT,,,2026-09-22 17:17:49
2026-09-09,REGN,"Regeneron Pharmaceuticals, Inc. (REGN) Presents at Wells Fargo 21st Annual Healthcare Conference Transcript",seekingalpha/REGN,,,2026-09-22 17:17:49
2026-09-09,RL,Ralph Lauren: Strong Comps And Clean Inventory,seekingalpha/RL,,,2026-09-22 17:17:49
2026-09-09,ROP,"Roper Technologies, Inc. (ROP) Presents at Goldman Sachs Communacopia + Technology Conference 2026 Transcript",seekingalpha/ROP,,,2026-09-22 17:17:49
2026-09-09,RVTY,Revvity to acquire Human Cell Design,seekingalpha/RVTY,,,2026-09-22 17:17:49
2026-09-09,RVTY,"Revvity, Inc. (RVTY) Presents at Wells Fargo 21st Annual Healthcare Conference Prepared Remarks Transcript",seekingalpha/RVTY,,,2026-09-22 17:17:49
2026-09-09,SBAC,SBA Communications Corporation (SBAC) Presents at Citi's 2026 Global TMT Conference Transcript,seekingalpha/SBAC,,,2026-09-22 17:17:49
2026-09-09,SBAC,SBA Communications Corporation (SBAC) Presents at Goldman Sachs Communacopia + Technology Conference 2026 Transcript,seekingalpha/SBAC,,,2026-09-22 17:17:49
2026-09-09,SJM,The J. M. Smucker Company (SJM) Presents at Barclays 19th Annual Global Consumer Staples Conference - Slideshow,seekingalpha/SJM,,,2026-09-22 17:17:49
2026-09-09,SO,Southern Company's unit signs data center power deal with Keel,seekingalpha/SO,,,2026-09-22 17:17:49
2026-09-09,SOLV,Solventum Corporation (SOLV) Presents at Wells Fargo 21st Annual Healthcare Conference Transcript,seekingalpha/SOLV,,,2026-09-22 17:17:49
2026-09-09,SPG,Simon Property Group sells $800M of senior notes,seekingalpha/SPG,,,2026-09-22 17:17:49
2026-09-09,SPGI,S&P Global: More Simple Yet More Valuable,seekingalpha/SPGI,,,2026-09-22 17:17:49
2026-09-09,STX,Seagate Technology Holdings plc (STX) Presents at Citi's 2026 Global TMT Conference Transcript,seekingalpha/STX,,,2026-09-22 17:17:49
2026-09-09,SYY,Sysco Corporation (SYY) Presents at Barclays 19th Annual Global Consumer Staples Conference - Slideshow,seekingalpha/SYY,,,2026-09-22 17:17:49
2026-09-09,SYY,Sysco Corporation (SYY) Presents at Barclays 19th Annual Global Consumer Staples Conference Prepared Remarks Transcript,seekingalpha/SYY,,,2026-09-22 17:17:49
2026-09-09,SYY,"Sysco unveils $500M AI-powered efficiency plan, raises mid-term growth targets",seekingalpha/SYY,,,2026-09-22 17:17:49
2026-09-09,T,AT&T Inc. (T) Presents at Goldman Sachs Communacopia + Technology Conference 2026 Transcript,seekingalpha/T,,,2026-09-22 17:17:49
2026-09-09,T,AT&T: SpaceX Threat Is Still Exaggerated,seekingalpha/T,,,2026-09-22 17:17:49
2026-09-09,TAP,Molson Coors Beverage Company (TAP) Presents at Barclays 19th Annual Global Consumer Staples Conference Transcript,seekingalpha/TAP,,,2026-09-22 17:17:49
2026-09-09,TAP,Molson Coors: Shaken By Sector Developments,seekingalpha/TAP,,,2026-09-22 17:17:49
2026-09-09,TEL,TE Connectivity plc (TEL) Presents at Citi's 2026 Global TMT Conference Transcript,seekingalpha/TEL,,,2026-09-22 17:17:49
2026-09-09,TER,"Teradyne, Inc. (TER) Presents at Goldman Sachs Communacopia + Technology Conference 2026 Transcript",seekingalpha/TER,,,2026-09-22 17:17:49
2026-09-09,TGT,Target: Weighing The Consolidation Scenario (Rating Downgrade),seekingalpha/TGT,,,2026-09-22 17:17:49
2026-09-09,TKO,TKO Group: The Next Earnings Win Comes From Selling More Around The Show,seekingalpha/TKO,,,2026-09-22 17:17:49
2026-09-09,TMUS,"T-Mobile US, Inc. (TMUS) Presents at Citi's 2026 Global TMT Conference Transcript",seekingalpha/TMUS,,,2026-09-22 17:17:49
2026-09-09,TSCO,Tractor Supply Company (TSCO) Presents at Barclays 19th Annual Global Consumer Staples Conference Transcript,seekingalpha/TSCO,,,2026-09-22 17:17:49
2026-09-09,TXT,"Pentagon seeks $1.5B funding shift for AI, Textron aircraft, drones",seekingalpha/TXT,,,2026-09-22 17:17:49
2026-09-09,TYL,"Tyler Technologies, Inc. (TYL) Presents at Goldman Sachs Communacopia + Technology Conference 2026 Transcript",seekingalpha/TYL,,,2026-09-22 17:17:49
2026-09-09,ULTA,"Ulta Beauty Keeps Growing, But I Am Still Reluctant To Buy - And Here Are The Reasons Why",seekingalpha/ULTA,,,2026-09-22 17:17:49
2026-09-09,UNP,Union Pacific Isn't Worth Buying Regardless Of How Its Deal With Norfolk Southern Turns Out,seekingalpha/UNP,,,2026-09-22 17:17:49
2026-09-09,USB,U.S. Bancorp raises dividend by 3.8% to $0.54,seekingalpha/USB,,,2026-09-22 17:17:49
2026-09-09,V,Visa partners with World Bank for increased access to digital financial services in emerging markets,seekingalpha/V,,,2026-09-22 17:17:49
2026-09-09,VEEV,Veeva Systems Inc. (VEEV) Presents at Wells Fargo 21st Annual Healthcare Conference Transcript,seekingalpha/VEEV,,,2026-09-22 17:17:49
2026-09-09,VMC,"Mexico violated law in Vulcan Materials dispute, international tribunal rules",seekingalpha/VMC,,,2026-09-22 17:17:49
2026-09-09,VMC,Wells Fargo shuffles building materials ratings as 2027 outlook weakens,seekingalpha/VMC,,,2026-09-22 17:17:49
2026-09-09,VTRS,Viatris: Strong Cash Generation And Pipeline Progress Keep The Re-Rating Story Alive,seekingalpha/VTRS,,,2026-09-22 17:17:49
2026-09-09,WAT,Waters Corporation (WAT) Presents at Wells Fargo 21st Annual Healthcare Conference Transcript,seekingalpha/WAT,,,2026-09-22 17:17:49
2026-09-09,WMB,U.S. federal court overturns key New Jersey permit for Williams' NESE gas pipeline,seekingalpha/WMB,,,2026-09-22 17:17:49
2026-09-09,WMB,Williams prices four-tranche $2.75B senior notes offering,seekingalpha/WMB,,,2026-09-22 17:17:49
2026-09-09,XYZ,"Block, Inc. (XYZ) Presents at Goldman Sachs Communacopia + Technology Conference 2026 Transcript",seekingalpha/XYZ,,,2026-09-22 17:17:49
2026-09-09,YUM,"Yum! Brands, Inc. (YUM) Presents at Barclays 19th Annual Global Consumer Staples Conference Transcript",seekingalpha/YUM,,,2026-09-22 17:17:49
2026-09-09,ZBRA,Zebra Technologies Corporation (ZBRA) Presents at Citi's 2026 Global TMT Conference Transcript,seekingalpha/ZBRA,,,2026-09-22 17:17:49
2026-09-10,ABNB,"Airbnb: The ""Great Growth Cycle"" I Forecasted In July Appears To Have Arrived",seekingalpha/ABNB,,,2026-09-22 17:17:49
2026-09-10,ADSK,"Eaton, Autodesk link building data across design and operations",seekingalpha/ADSK,,,2026-09-22 17:17:49
2026-09-10,AEE,Ameren Corporation (AEE) Presents at Barclays 40th Annual Energy-Power Conference - Slideshow,seekingalpha/AEE,,,2026-09-22 17:17:49
2026-09-10,AFL,Aflac Incorporated (AFL) Presents at KBW Insurance Conference 2026 Transcript,seekingalpha/AFL,,,2026-09-22 17:17:49
2026-09-10,AMCR,Amcor plc (AMCR) Presents at Jefferies Global Industrials Conference 2026 Transcript,seekingalpha/AMCR,,,2026-09-22 17:17:49
2026-09-10,AMGN,Amgen Inc. (AMGN) Presents at Wells Fargo 21st Annual Healthcare Conference Transcript,seekingalpha/AMGN,,,2026-09-22 17:17:49
2026-09-10,AMGN,Amgen: Buy The Novartis-Driven Selloff (Rating Upgrade),seekingalpha/AMGN,,,2026-09-22 17:17:49
2026-09-10,AMT,American Tower Corporation (AMT) Presents at Citi's 2026 Global TMT Conference Transcript,seekingalpha/AMT,,,2026-09-22 17:17:49
2026-09-10,ANET,"Arista Networks, Inc. (ANET) Presents at Citi's 2026 Global TMT Conference Transcript",seekingalpha/ANET,,,2026-09-22 17:17:49
2026-09-10,AON,Aon plc (AON) Presents at KBW Insurance Conference 2026 Transcript,seekingalpha/AON,,,2026-09-22 17:17:49
2026-09-10,APTV,Aptiv: An Automotive/Drone Play That Merits A Small Holding,seekingalpha/APTV,,,2026-09-22 17:17:49
2026-09-10,BLDR,Builders FirstSource: Housing Weakness Still Clouds The Recovery,seekingalpha/BLDR,,,2026-09-22 17:17:49
2026-09-10,BSX,Boston Scientific Corporation (BSX) Presents at Wells Fargo 21st Annual Healthcare Conference Transcript,seekingalpha/BSX,,,2026-09-22 17:17:49
2026-09-10,CAT,Caterpillar Inc. (CAT) Discusses Progress on Strategic Pillars and Growth Outlook Transcript,seekingalpha/CAT,,,2026-09-22 17:17:49
2026-09-10,CAT,"Michael Burry pulls back on risk, sheds December 2026 Nvidia and Palantir puts amid portfolio-wide cuts",seekingalpha/CAT,,,2026-09-22 17:17:49
2026-09-10,CBRE,"Lineage sues Altus Power, Pearce over negligence in fire incident",seekingalpha/CBRE,,,2026-09-22 17:17:49
2026-09-10,CCI,"Crown Castle Inc. (CCI) Presents at Bank of America 2026 Media,Communications & Entertainment Conference Transcript",seekingalpha/CCI,,,2026-09-22 17:17:49
2026-09-10,CDW,CDW: A Balancing Act,seekingalpha/CDW,,,2026-09-22 17:17:49
2026-09-10,CEG,"Shell to buy one U.S. power plant, sell stake in another to Constellation in $715M deal",seekingalpha/CEG,,,2026-09-22 17:17:49
2026-09-10,CEG,South Korea nears over $100B U.S. energy investment to support AI buildout: WSJ,seekingalpha/CEG,,,2026-09-22 17:17:49
2026-09-10,CELH,"Celsius: A Stronger Portfolio, But The Core Brand Still Needs To Prove Its Recovery",seekingalpha/CELH,,,2026-09-22 16:55:06
2026-09-10,CHTR,"Charter Communications, Inc. (CHTR) Presents at Citi's 2026 Global TMT Conference Transcript",seekingalpha/CHTR,,,2026-09-22 17:17:49
2026-09-10,CHYM,"Chime Financial: A Buy, But Choose Your Entry Carefully",seekingalpha/CHYM,,,2026-09-22 17:17:49
2026-09-10,CI,Trump issuing $500 refunds to nearly one million ACA plan participants,seekingalpha/CI,,,2026-09-22 17:17:49
2026-09-10,CMG,"Chipotle Mexican Grill Is Tasty, But Not For Your Portfolio",seekingalpha/CMG,,,2026-09-22 17:17:49
2026-09-10,CMG,"Chipotle's Business Is Bottoming Out, But The Fundamentals Are High (Upgrade)",seekingalpha/CMG,,,2026-09-22 17:17:49
2026-09-10,CNC,Trump issuing $500 refunds to nearly one million ACA plan participants,seekingalpha/CNC,,,2026-09-22 17:17:49
2026-09-10,COO,CooperCompanies hits 52-week low on guidance adjustments,seekingalpha/COO,,,2026-09-22 17:17:49
2026-09-10,CPRT,Copart expects all-cash ACV acquisition to be accretive in FY 2028 as it targets cost reductions after 12.7% OpEx per car increase,seekingalpha/CPRT,,,2026-09-22 17:17:49
2026-09-10,CPRT,"Copart, Inc. (CPRT) Q4 2026 Earnings Call Transcript",seekingalpha/CPRT,,,2026-09-22 17:17:49
2026-09-10,CPRT,"Stocks to watch on Thursday after hours: ADBE, ORCL, CPRT",seekingalpha/CPRT,,,2026-09-22 17:17:49
2026-09-10,CRH,"CRH: Integrated Model, Data Center, And Reshoring Tailwinds, And Arcosa Synergies Support Further Upside",seekingalpha/CRH,,,2026-09-22 17:17:49
2026-09-10,CSCO,"Cisco, Infleqtion target quantum breakthrough with new networking pact",seekingalpha/CSCO,,,2026-09-22 17:17:49
2026-09-10,CTVA,"DuPont, Chemours, Corteva reach $455M North Carolina 'forever chemicals' settlement",seekingalpha/CTVA,,,2026-09-22 17:17:49
2026-09-10,CVS,CVS Health: Buy The Pullback Before Earnings Power Ramps Up,seekingalpha/CVS,,,2026-09-22 17:17:49
2026-09-10,D,South Korea nears over $100B U.S. energy investment to support AI buildout: WSJ,seekingalpha/D,,,2026-09-22 17:17:49
2026-09-10,DD,"DuPont, Chemours, Corteva reach $455M North Carolina 'forever chemicals' settlement",seekingalpha/DD,,,2026-09-22 17:17:49
2026-09-10,DDOG,"Datadog, Inc. (DDOG) Presents at Goldman Sachs Communacopia + Technology Conference 2026 Transcript",seekingalpha/DDOG,,,2026-09-22 17:17:49
2026-09-10,DLR,"Digital Realty Trust, Inc. (DLR) Presents at Bank of America 2026 Media,Communications & Entertainment Conference Transcript",seekingalpha/DLR,,,2026-09-22 17:17:49
2026-09-10,DUK,Duke Energy: The Power Boom Is Worth More When Customers Can Afford It,seekingalpha/DUK,,,2026-09-22 17:17:49
2026-09-10,DUK,South Korea nears over $100B U.S. energy investment to support AI buildout: WSJ,seekingalpha/DUK,,,2026-09-22 17:17:49
2026-09-10,DVN,"Devon, Williams and Targa lead new top picks at Stifel on higher commodity prices, tighter supply",seekingalpha/DVN,,,2026-09-22 17:17:49
2026-09-10,ELV,"Elevance Health, Inc. (ELV) Presents at Wells Fargo 21st Annual Healthcare Conference Transcript",seekingalpha/ELV,,,2026-09-26 01:12:21
2026-09-10,ELV,Trump issuing $500 refunds to nearly one million ACA plan participants,seekingalpha/ELV,,,2026-09-22 17:17:49
2026-09-10,ES,Eversource Energy: A Growth Story Still Developing,seekingalpha/ES,,,2026-09-22 17:17:49
2026-09-10,ETN,"Eaton, Autodesk link building data across design and operations",seekingalpha/ETN,,,2026-09-22 17:17:49
2026-09-10,ETR,South Korea nears over $100B U.S. energy investment to support AI buildout: WSJ,seekingalpha/ETR,,,2026-09-22 17:17:49
2026-09-10,EW,Edwards Lifesciences praises CMS NCD on transcatheter aortic valve replacement,seekingalpha/EW,,,2026-09-22 17:17:49
2026-09-10,EXPE,"Expedia Group, Inc. (EXPE) Presents at Goldman Sachs Communacopia + Technology Conference 2026 Transcript",seekingalpha/EXPE,,,2026-09-22 17:17:49
2026-09-10,FCX,"Freeport-McMoRan attractively valued after White House copper tariff uncertainty, Goldman says",seekingalpha/FCX,,,2026-09-22 17:17:49
2026-09-10,FDS,Financial data providers trade lower as OpenAI launches ChatGPT for financial services,seekingalpha/FDS,,,2026-09-22 17:17:49
2026-09-10,FISV,"Fiserv, Inc. (FISV) Presents at Goldman Sachs Communacopia + Technology Conference 2026 Transcript",seekingalpha/FISV,,,2026-09-22 17:17:49
2026-09-10,FISV,"Michael Burry pulls back on risk, sheds December 2026 Nvidia and Palantir puts amid portfolio-wide cuts",seekingalpha/FISV,,,2026-09-22 17:17:49
2026-09-10,FLEX,Flex Ltd. (FLEX) Presents at Goldman Sachs Communacopia + Technology Conference 2026 Transcript,seekingalpha/FLEX,,,2026-09-22 17:17:49
2026-09-10,FOX,The NFL's next media rights deal could look a lot different from today's,seekingalpha/FOX,,,2026-09-22 17:17:49
2026-09-10,GD,General Dynamics wins $184M Navy deal for NGEAU production,seekingalpha/GD,,,2026-09-22 17:17:49
2026-09-10,GILD,"Gilead Sciences, Inc. (GILD) Presents at 12th Annual Cantor Fitzgerald Global Healthcare Conference Transcript",seekingalpha/GILD,,,2026-09-22 17:17:49
2026-09-10,GILD,"Gilead Sciences, Inc. (GILD) Presents at Wells Fargo 21st Annual Healthcare Conference Transcript",seekingalpha/GILD,,,2026-09-22 17:17:49
2026-09-10,GIS,"In Q1, General Mills Needs To Start Regaining Trust",seekingalpha/GIS,,,2026-09-22 17:17:49
2026-09-10,HIG,"The Hartford Insurance Group, Inc. (HIG) Presents at KBW Insurance Conference 2026 Transcript",seekingalpha/HIG,,,2026-09-22 17:17:49
2026-09-10,HWM,Howmet Aerospace: The SpaceX Threat Is Overblown (Rating Upgrade),seekingalpha/HWM,,,2026-09-22 17:17:49
2026-09-10,IBM,"IBM, Lockheed Martin establish quantum innovation hub in Switzerland",seekingalpha/IBM,,,2026-09-22 17:17:49
2026-09-10,IBM,"IBM, NASA release open-source AI model to support lunar exploration",seekingalpha/IBM,,,2026-09-22 17:17:49
2026-09-10,IFF,International Flavors & Fragrances Inc. (IFF) Presents at Barclays 19th Annual Global Consumer Staples Conference Transcript,seekingalpha/IFF,,,2026-09-22 17:17:49
2026-09-10,INCY,Incyte Corporation (INCY) Presents at 12th Annual Cantor Fitzgerald Global Healthcare Conference Transcript,seekingalpha/INCY,,,2026-09-22 17:17:49
2026-09-10,INTU,Intuit Inc. (INTU) Presents at Goldman Sachs Communacopia + Technology Conference 2026 Transcript,seekingalpha/INTU,,,2026-09-22 17:17:49
2026-09-10,IP,International Paper Company (IP) Presents at Jefferies Global Industrials Conference 2026 Transcript,seekingalpha/IP,,,2026-09-22 17:17:49
2026-09-10,IR,Ingersoll Rand Inc. (IR) Presents at Jefferies Global Industrials Conference 2026 Transcript,seekingalpha/IR,,,2026-09-22 17:17:49
2026-09-10,KDP,Keurig Dr Pepper Inc. (KDP) Presents at Barclays 19th Annual Global Consumer Staples Conference Transcript,seekingalpha/KDP,,,2026-09-22 17:17:49
2026-09-10,KO,Retro vibes: Mr. Pibb is the fastest-growing soda brand this year,seekingalpha/KO,,,2026-09-22 17:17:49
2026-09-10,KVUE,Kenvue declares $0.21 dividend,seekingalpha/KVUE,,,2026-09-22 17:17:49
2026-09-10,LDOS,"Leidos Holdings, Inc. (LDOS) Presents at Jefferies Global Industrials Conference 2026 Transcript",seekingalpha/LDOS,,,2026-09-22 17:17:49
2026-09-10,LRCX,Lam Research Corporation (LRCX) Presents at Goldman Sachs Communacopia + Technology Conference 2026 Transcript,seekingalpha/LRCX,,,2026-09-22 17:17:49
2026-09-10,LULU,"Michael Burry pulls back on risk, sheds December 2026 Nvidia and Palantir puts amid portfolio-wide cuts",seekingalpha/LULU,,,2026-09-22 17:17:49
2026-09-10,MA,Mastercard Incorporated (MA) Presents at Goldman Sachs Communacopia + Technology Conference 2026 Transcript,seekingalpha/MA,,,2026-09-22 17:17:49
2026-09-10,MA,"Visa, Mastercard, Ant International ally on AI payment verification",seekingalpha/MA,,,2026-09-22 17:17:49
2026-09-10,MCHP,Microchip Technology Incorporated (MCHP) Presents at Citi's 2026 Global TMT Conference Transcript,seekingalpha/MCHP,,,2026-09-22 17:17:49
2026-09-10,MCHP,Microchip Technology: Applying A Cyclical Lens To A Secular Growth Story,seekingalpha/MCHP,,,2026-09-22 17:17:49
2026-09-10,MGM,BetMGM expands its sports betting features ahead of the 2026-2027 football season,seekingalpha/MGM,,,2026-09-22 17:17:49
2026-09-10,MO,Altria: This Dividend King Needs Time To Consolidate (Rating Downgrade),seekingalpha/MO,,,2026-09-22 17:17:49
2026-09-10,NCLH,Norwegian Cruise Lines lands strong reviews for the new water park on its private island,seekingalpha/NCLH,,,2026-09-22 17:17:49
2026-09-10,NDAQ,"Nasdaq, Kraken parent advance work on equity tokens with expanded partnership; tokens to launch in Q2 2027",seekingalpha/NDAQ,,,2026-09-22 17:17:49
2026-09-10,NEE,South Korea nears over $100B U.S. energy investment to support AI buildout: WSJ,seekingalpha/NEE,,,2026-09-22 17:17:49
2026-09-10,OMC,Omnicom Group Inc. (OMC) Presents at Goldman Sachs Communacopia + Technology Conference 2026 Transcript,seekingalpha/OMC,,,2026-09-22 17:17:49
2026-09-10,ON,ON Semiconductor: The Hidden AI Power Play Hiding Behind 9% Growth,seekingalpha/ON,,,2026-09-22 17:17:49
2026-09-10,PEG,South Korea nears over $100B U.S. energy investment to support AI buildout: WSJ,seekingalpha/PEG,,,2026-09-22 17:17:49
2026-09-10,PG,The Procter & Gamble Company (PG) Presents at Barclays 19th Annual Global Consumer Staples Conference Transcript,seekingalpha/PG,,,2026-09-22 17:17:49
2026-09-10,PKG,Packaging Corporation of America (PKG) Presents at Jefferies Global Industrials Conference 2026 Transcript,seekingalpha/PKG,,,2026-09-22 17:17:49
2026-09-10,PRU,Vantage turns to institutional investors for data center financing as lenders face opposition - report,seekingalpha/PRU,,,2026-09-22 17:17:49
2026-09-10,PSX,"Phillips 66: I Was Wrong On The Duration, Not On The Cycle",seekingalpha/PSX,,,2026-09-22 17:17:49
2026-09-10,PWR,South Korea nears over $100B U.S. energy investment to support AI buildout: WSJ,seekingalpha/PWR,,,2026-09-22 17:17:49
2026-09-10,PYPL,"Michael Burry pulls back on risk, sheds December 2026 Nvidia and Palantir puts amid portfolio-wide cuts",seekingalpha/PYPL,,,2026-09-22 17:17:49
2026-09-10,Q,"Qnity Electronics, Inc. (Q) Presents at Goldman Sachs Communacopia + Technology Conference 2026 Transcript",seekingalpha/Q,,,2026-09-22 17:17:49
2026-09-10,RCL,"Royal Caribbean: Macro Risks Dominate, But The Stock Has Overcorrected",seekingalpha/RCL,,,2026-09-22 17:17:49
2026-09-10,RDDT,"Reddit gains as August user growth accelerates, Piper says",seekingalpha/RDDT,,,2026-09-22 17:17:49
2026-09-10,REG,Regency Centers: A Grocery-Anchored REIT Whose Valuation Is Yet To Catch Up,seekingalpha/REG,,,2026-09-22 17:17:49
2026-09-10,REG,Regency Centers: Buy A Growing Retail REIT Driven By Prominent Grocery Anchor Tenants,seekingalpha/REG,,,2026-09-22 17:17:49
2026-09-10,RL,Ralph Lauren leans into denim and traditional navy coats at the New York Fashion Show,seekingalpha/RL,,,2026-09-22 17:17:49
2026-09-10,RMD,ResMed: A Significant Upside Despite The Perceived Risk,seekingalpha/RMD,,,2026-09-22 17:17:49
2026-09-10,ROP,"Roper Technologies, Inc. (ROP) Presents at Citi's 2026 Global TMT Conference Transcript",seekingalpha/ROP,,,2026-09-22 17:17:49
2026-09-10,SBAC,"SBA Communications Corporation (SBAC) Presents at Bank of America 2026 Media,Communications & Entertainment Conference Transcript",seekingalpha/SBAC,,,2026-09-22 17:17:49
2026-09-10,SBUX,"Starbucks Is Looking Better, But It's Not Tasty Enough To Buy",seekingalpha/SBUX,,,2026-09-22 17:17:49
2026-09-10,SBUX,Starbucks: Canada Tensions Are Not The Main Problem,seekingalpha/SBUX,,,2026-09-22 17:17:49
2026-09-10,SMCI,"Super Micro Computer, Inc. (SMCI) Presents at Goldman Sachs Communacopia + Technology Conference 2026 Transcript",seekingalpha/SMCI,,,2026-09-22 17:17:49
2026-09-10,SNPS,Synopsys upgraded at Wells Fargo on improving momentum,seekingalpha/SNPS,,,2026-09-22 17:17:49
2026-09-10,SO,South Korea nears over $100B U.S. energy investment to support AI buildout: WSJ,seekingalpha/SO,,,2026-09-22 17:17:49
2026-09-10,SPGI,Financial data providers trade lower as OpenAI launches ChatGPT for financial services,seekingalpha/SPGI,,,2026-09-22 17:17:49
2026-09-10,STLD,Steel Dynamics: U.S.-Canada Tariffs Complicate My Plan To Buy The Dip,seekingalpha/STLD,,,2026-09-22 17:17:49
2026-09-10,STX,Seagate Technology Holdings plc (STX) Presents at Goldman Sachs Communacopia + Technology Conference 2026 Transcript,seekingalpha/STX,,,2026-09-22 17:17:49
2026-09-10,T,"AT&T Inc. (T) Presents at Bank of America 2026 Media,Communications & Entertainment Conference Transcript",seekingalpha/T,,,2026-09-22 17:17:49
2026-09-10,T,AT&T Inc. (T) Presents at Citi's 2026 Global TMT Conference Transcript,seekingalpha/T,,,2026-09-22 17:17:49
2026-09-10,TDY,Teledyne Technologies Incorporated (TDY) Presents at Jefferies Global Industrials Conference 2026 Transcript,seekingalpha/TDY,,,2026-09-22 17:17:49
2026-09-10,TDY,Teledyne Technologies subsidiary awarded $15.4M contract to supply advanced drone energetics in Europe,seekingalpha/TDY,,,2026-09-22 17:17:49
2026-09-10,TEL,TE Connectivity plc (TEL) Presents at Jefferies Global Industrials Conference 2026 Transcript,seekingalpha/TEL,,,2026-09-22 17:17:49
2026-09-10,TMUS,"T-Mobile US, Inc. (TMUS) Presents at Goldman Sachs Communacopia + Technology Conference 2026 Transcript",seekingalpha/TMUS,,,2026-09-22 17:17:49
2026-09-10,TRGP,"Devon, Williams and Targa lead new top picks at Stifel on higher commodity prices, tighter supply",seekingalpha/TRGP,,,2026-09-22 17:17:49
2026-09-10,TSN,"Tyson Foods, Inc. (TSN) Presents at Barclays 19th Annual Global Consumer Staples Conference Transcript",seekingalpha/TSN,,,2026-09-22 17:17:49
2026-09-10,TXN,Silicon Labs ticks lower on report Texas Instruments deal will go into phase 2 in China,seekingalpha/TXN,,,2026-09-22 17:17:49
2026-09-10,ULTA,"Ulta Beauty, Inc. (ULTA) Presents at Barclays 19th Annual Global Consumer Staples Conference Transcript",seekingalpha/ULTA,,,2026-09-22 17:17:49
2026-09-10,URI,"United Rentals downgraded, Herc upgraded at J.P. Morgan on cloudy outlook",seekingalpha/URI,,,2026-09-22 17:17:49
2026-09-10,USB,U.S. Bancorp: Dividend Increase Supports Income Appeal,seekingalpha/USB,,,2026-09-22 17:17:49
2026-09-10,V,"Visa, Mastercard, Ant International ally on AI payment verification",seekingalpha/V,,,2026-09-22 17:17:49
2026-09-10,VEEV,"Michael Burry pulls back on risk, sheds December 2026 Nvidia and Palantir puts amid portfolio-wide cuts",seekingalpha/VEEV,,,2026-09-22 17:17:49
2026-09-10,VEEV,Veeva Systems Inc. (VEEV) Presents at Citi's 2026 Global TMT Conference Transcript,seekingalpha/VEEV,,,2026-09-22 17:17:49
2026-09-10,VRTX,Vertex Pharmaceuticals Incorporated (VRTX) Presents at 12th Annual Cantor Fitzgerald Global Healthcare Conference Transcript,seekingalpha/VRTX,,,2026-09-22 17:17:49
2026-09-10,VRTX,Vertex Pharmaceuticals Incorporated (VRTX) Presents at Wells Fargo 21st Annual Healthcare Conference Transcript,seekingalpha/VRTX,,,2026-09-22 17:17:49
2026-09-10,VST,South Korea nears over $100B U.S. energy investment to support AI buildout: WSJ,seekingalpha/VST,,,2026-09-22 17:17:49
2026-09-10,VST,"Vistra Is Down, But The Growth Narrative Just Got Stronger",seekingalpha/VST,,,2026-09-22 17:17:49
2026-09-10,VST,Vistra: Cogentrix And Meta Can Offset A Softer ERCOT Outlook,seekingalpha/VST,,,2026-09-22 17:17:49
2026-09-10,VZ,Verizon: Why I'd Rather Own This 5.6% Yield Than High-Yield Bonds,seekingalpha/VZ,,,2026-09-22 17:17:49
2026-09-10,WMB,"Devon, Williams and Targa lead new top picks at Stifel on higher commodity prices, tighter supply",seekingalpha/WMB,,,2026-09-22 17:17:49
2026-09-10,WMB,The Williams Companies: A Tough Competitor Tackles The Northeast,seekingalpha/WMB,,,2026-09-22 17:17:49
2026-09-10,WMT,Walmart widens food delivery push with Papa John’s partnership,seekingalpha/WMT,,,2026-09-22 17:17:49
2026-09-10,WST,"West Pharmaceutical Services, Inc. (WST) Presents at Wells Fargo 21st Annual Healthcare Conference Transcript",seekingalpha/WST,,,2026-09-22 17:17:49
2026-09-10,XYZ,Marqeta And Block: Here's A Pair-Trade Idea,seekingalpha/XYZ,,,2026-09-22 17:17:49
2026-09-11,ABBV,AbbVie declares $1.73 dividend,seekingalpha/ABBV,,,2026-09-22 17:17:49
2026-09-11,AMAT,We Move To Accumulate Rating On Applied Materials,seekingalpha/AMAT,,,2026-09-22 17:17:49
2026-09-11,AMGN,AMD shines brightest as chip stocks lead Nasdaq's weekly gainers,seekingalpha/AMGN,,,2026-09-22 17:17:49
2026-09-11,APH,"Baron Fifth Avenue Growth Fund boosts APH, LLY stakes; trims SNOW, DDOG among Q2 moves",seekingalpha/APH,,,2026-09-22 17:17:49
2026-09-11,BAC,Bessent: U.S. to sanction 'large bank' next week to pressure Iran,seekingalpha/BAC,,,2026-09-22 17:17:49
2026-09-11,BKNG,Expedia Vs. Booking: Choosing The Better Travel Stock,seekingalpha/BKNG,,,2026-09-22 17:17:49
2026-09-11,BLK,BlackRock discloses Q3 redemption requests across four private credit funds,seekingalpha/BLK,,,2026-09-22 17:17:49
2026-09-11,BRK.B,"OMAH: Berkshire Hathaway's Cash Pile Is Moving, Collect 15% Until It Shows",seekingalpha/BRK.B,,,2026-09-22 17:17:49
2026-09-11,BSX,Boston Scientific: $43 Finally Prices In A Bad 2026,seekingalpha/BSX,,,2026-09-22 17:17:49
2026-09-11,C,Bessent: U.S. to sanction 'large bank' next week to pressure Iran,seekingalpha/C,,,2026-09-22 17:17:49
2026-09-11,CELH,Celsius CEO buys 18K shares,seekingalpha/CELH,,,2026-09-22 16:55:06
2026-09-11,CF,"Dow, CF Industries slide as KeyBanc initiates chemical and agriculture stocks",seekingalpha/CF,,,2026-09-22 17:17:49
2026-09-11,CHYM,"Chime: Maybe A Real Turnaround, Or Perhaps Just Premature Market Enthusiasm",seekingalpha/CHYM,,,2026-09-22 17:17:49
2026-09-11,CL,Colgate-Palmolive Is Recovering Nicely (Rating Upgrade),seekingalpha/CL,,,2026-09-22 17:17:49
2026-09-11,CL,Colgate-Palmolive evaluating sale of some personal care brands - Reuters,seekingalpha/CL,,,2026-09-22 17:17:49
2026-09-11,CMS,U.S. court strikes down DoE emergency order delaying Michigan coal plant retirement,seekingalpha/CMS,,,2026-09-22 17:17:49
2026-09-11,CSCO,UAE modifies 5-GW Stargate data center project in wake of Iran war: report,seekingalpha/CSCO,,,2026-09-22 17:17:49
2026-09-11,CSGP,Baron Opportunity Fund adds FRVO and CBRS; exits NOW and CSGP,seekingalpha/CSGP,,,2026-09-22 17:17:49
2026-09-11,DAL,Grounded: How 9/11 reshaped the airline industry forever,seekingalpha/DAL,,,2026-09-22 17:17:49
2026-09-11,DDOG,"Baron Fifth Avenue Growth Fund boosts APH, LLY stakes; trims SNOW, DDOG among Q2 moves",seekingalpha/DDOG,,,2026-09-22 17:17:49
2026-09-11,DE,"Deere & Company: Showing Leverage, But Not Enough To Justify The Share Price",seekingalpha/DE,,,2026-09-22 17:17:49
2026-09-11,DOW,"Dow, CF Industries slide as KeyBanc initiates chemical and agriculture stocks",seekingalpha/DOW,,,2026-09-22 17:17:49
2026-09-11,EL,Judge gives Estée Lauder green light to expand counterfeit lawsuit against Walmart,seekingalpha/EL,,,2026-09-22 17:17:49
2026-09-11,ES,Eversource Energy declares $0.7875 dividend,seekingalpha/ES,,,2026-09-22 17:17:49
2026-09-11,EXPE,Expedia Vs. Booking: Choosing The Better Travel Stock,seekingalpha/EXPE,,,2026-09-22 17:17:49
2026-09-11,F,Ford pledges $1B Kentucky plant upgrade after DOT criticism,seekingalpha/F,,,2026-09-22 17:17:49
2026-09-11,FCX,Freeport-McMoRan Inc. (FCX) Presents at Jefferies Global Industrials Conference 2026 Transcript,seekingalpha/FCX,,,2026-09-22 17:17:49
2026-09-11,FCX,SA Asks: What's the best copper stock play right now?,seekingalpha/FCX,,,2026-09-22 17:17:49
2026-09-11,FIS,Piper Sandler initiates coverage of five payment stocks,seekingalpha/FIS,,,2026-09-22 17:17:49
2026-09-11,FLEX,Flex advances 8% amid tech sector strength,seekingalpha/FLEX,,,2026-09-22 17:17:49
2026-09-11,GPN,Piper Sandler initiates coverage of five payment stocks,seekingalpha/GPN,,,2026-09-22 17:17:49
2026-09-11,HONA,Honeywell Aerospace: 2026 Is A Year Of Reset - I'll Keep Watching,seekingalpha/HONA,,,2026-09-22 17:17:49
2026-09-11,HPQ,"Dell, HPE and HP surge on AI enterprise demand and PC, server refresh",seekingalpha/HPQ,,,2026-09-22 17:17:49
2026-09-11,HPQ,HP Inc. climbs 8% to new 52-week high,seekingalpha/HPQ,,,2026-09-22 17:17:49
2026-09-11,HUBB,Hubbell: The Grid's Small Components Can Deliver Large Returns,seekingalpha/HUBB,,,2026-09-22 17:17:49
2026-09-11,ICE,Intercontinental Exchange: I Am Ready To Buy,seekingalpha/ICE,,,2026-09-22 17:17:49
2026-09-11,INVH,Invitation Homes declares $0.30 dividend,seekingalpha/INVH,,,2026-09-22 17:17:49
2026-09-11,JKHY,Piper Sandler initiates coverage of five payment stocks,seekingalpha/JKHY,,,2026-09-22 17:17:49
2026-09-11,KEYS,"Keysight Technologies, Inc. (KEYS) Presents at Goldman Sachs Communacopia + Technology Conference 2026 Transcript",seekingalpha/KEYS,,,2026-09-22 17:17:49
2026-09-11,KHC,Kraft Heinz: Don't Fight The Interest Rate Headwind (Downgrade),seekingalpha/KHC,,,2026-09-22 17:17:49
2026-09-11,KLAC,KLA Corporation (KLAC) Presents at Goldman Sachs Communacopia + Technology Conference 2026 Transcript,seekingalpha/KLAC,,,2026-09-22 17:17:49
2026-09-11,KMB,European regulator set to meet with Kenvue/Kimberly-Clark next week - report,seekingalpha/KMB,,,2026-09-22 17:17:49
2026-09-11,KO,"Dividend Roundup: Meta Platforms, Verizon, UnitedHealth Group, Coca-Cola, and more",seekingalpha/KO,,,2026-09-22 17:17:49
2026-09-11,KO,"Trump's surgeon general pick discloses tobacco, fast food and soda investments",seekingalpha/KO,,,2026-09-22 17:17:49
2026-09-11,KR,Kroger Q2: Don't Let Weak Same-Store Sales Fool You,seekingalpha/KR,,,2026-09-22 17:17:49
2026-09-11,KR,Kroger lowers identical sales guide to 0.2%-0.8% while maintaining $5.10-$5.30 EPS outlook,seekingalpha/KR,,,2026-09-22 17:17:49
2026-09-11,KVUE,European regulator set to meet with Kenvue/Kimberly-Clark next week - report,seekingalpha/KVUE,,,2026-09-22 17:17:49
2026-09-11,LH,Labcorp Holdings Inc. (LH) Analyst/Investor Day Transcript,seekingalpha/LH,,,2026-09-22 17:17:49
2026-09-11,LUV,Grounded: How 9/11 reshaped the airline industry forever,seekingalpha/LUV,,,2026-09-22 17:17:49
2026-09-11,MNST,"Trump's surgeon general pick discloses tobacco, fast food and soda investments",seekingalpha/MNST,,,2026-09-22 17:17:49
2026-09-11,MO,"Trump's surgeon general pick discloses tobacco, fast food and soda investments",seekingalpha/MO,,,2026-09-22 17:17:49
2026-09-11,MPWR,"Monolithic Power Systems, Inc. declares $2.00 dividend",seekingalpha/MPWR,,,2026-09-22 17:17:49
2026-09-11,MS,Bessent: U.S. to sanction 'large bank' next week to pressure Iran,seekingalpha/MS,,,2026-09-22 17:17:49
2026-09-11,NOC,"Northrop Grumman: Defense Could Outperform In An AI Unwind, But I Still Prefer Cash",seekingalpha/NOC,,,2026-09-22 17:17:49
2026-09-11,NOW,Baron Opportunity Fund adds FRVO and CBRS; exits NOW and CSGP,seekingalpha/NOW,,,2026-09-22 17:17:49
2026-09-11,NUE,Nucor Corporation: Steel Tariffs And Trade Spats,seekingalpha/NUE,,,2026-09-22 17:17:49
2026-09-11,ON,"ON Semiconductor rebounds after recent weakness, jumps 8%",seekingalpha/ON,,,2026-09-22 17:17:49
2026-09-11,PEP,"Trump's surgeon general pick discloses tobacco, fast food and soda investments",seekingalpha/PEP,,,2026-09-22 17:17:49
2026-09-11,PM,Philip Morris: Growing Earnings Support A Growing Dividend,seekingalpha/PM,,,2026-09-22 17:17:49
2026-09-11,PM,"Trump's surgeon general pick discloses tobacco, fast food and soda investments",seekingalpha/PM,,,2026-09-22 17:17:49
2026-09-11,PYPL,PayPal CEO maps out turnaround plan after Advent-Stripe takeover attempt stalls - report,seekingalpha/PYPL,,,2026-09-22 17:17:49
2026-09-11,REG,Regency Centers: Buy High Quality At A Discount,seekingalpha/REG,,,2026-09-22 17:17:49
2026-09-11,SMCI,Super Micro's $60 Billion Rerating,seekingalpha/SMCI,,,2026-09-22 17:17:49
2026-09-11,SO,"Southern Company: ROIC, Electricity Pricing, EV/EBITDA All Agree; Buy",seekingalpha/SO,,,2026-09-22 17:17:49
2026-09-11,STT,State Street: 6.8% Preferred Dividend Yield Is Too Good To Ignore,seekingalpha/STT,,,2026-09-22 17:17:49
2026-09-11,SWKS,Skyworks Solutions climbs 9% above 52-week high amid strong run,seekingalpha/SWKS,,,2026-09-22 17:17:49
2026-09-11,SWKS,Skyworks Solutions: An Investment At Technology's Edge,seekingalpha/SWKS,,,2026-09-22 17:17:49
2026-09-11,TER,AMD shines brightest as chip stocks lead Nasdaq's weekly gainers,seekingalpha/TER,,,2026-09-22 17:17:49
2026-09-11,TROW,T. Rowe Price AUM hits $1.90T despite $7.9B in August outflows,seekingalpha/TROW,,,2026-09-22 17:17:49
2026-09-11,UAL,Grounded: How 9/11 reshaped the airline industry forever,seekingalpha/UAL,,,2026-09-22 17:17:49
2026-09-11,USB,Bessent: U.S. to sanction 'large bank' next week to pressure Iran,seekingalpha/USB,,,2026-09-22 17:17:49
2026-09-11,VRTX,Vertex trades higher after JPM gives bullish rating,seekingalpha/VRTX,,,2026-09-22 17:17:49
2026-09-11,VST,Vistra prices $1.5B of junior subordinated notes offering,seekingalpha/VST,,,2026-09-22 17:17:49
2026-09-11,VZ,"Dividend Roundup: Meta Platforms, Verizon, UnitedHealth Group, Coca-Cola, and more",seekingalpha/VZ,,,2026-09-22 17:17:49
2026-09-11,VZ,Verizon Firing On All Cylinders - Focus On Service Convergence,seekingalpha/VZ,,,2026-09-22 17:17:49
2026-09-11,WDC,Western Digital: Learned Its Lesson From Last Cycle,seekingalpha/WDC,,,2026-09-22 17:17:49
2026-09-11,WDC,"Western Digital: The Correction Priced Out The Froth, Not The Compounding",seekingalpha/WDC,,,2026-09-22 17:17:49
2026-09-11,WFC,Bessent: U.S. to sanction 'large bank' next week to pressure Iran,seekingalpha/WFC,,,2026-09-22 17:17:49
2026-09-11,WMT,Judge gives Estée Lauder green light to expand counterfeit lawsuit against Walmart,seekingalpha/WMT,,,2026-09-22 17:17:49
2026-09-11,WRB,W. R. Berkley declares $0.10 dividend,seekingalpha/WRB,,,2026-09-22 17:17:49
2026-09-11,WYNN,Wynn Resorts subsidiaries price $900M senior notes offering at 6.875%,seekingalpha/WYNN,,,2026-09-22 17:17:49
2026-09-11,YUM,Feds announce end to Cyclospora outbreak,seekingalpha/YUM,,,2026-09-22 17:17:49
2026-09-11,YUM,"Trump's surgeon general pick discloses tobacco, fast food and soda investments",seekingalpha/YUM,,,2026-09-22 17:17:49
2026-09-12,ADBE,Adobe: Alpha Opportunity Given Triple-Digit AI-First ARR Growth,seekingalpha/ADBE,,,2026-09-22 17:17:49
2026-09-12,ADBE,"Notable tech headlines for the week: Apple, Nvidia, Oracle in focus",seekingalpha/ADBE,,,2026-09-22 17:17:49
2026-09-12,ADI,"Key deals this week: META, ADI, BSP, AAPL, and more",seekingalpha/ADI,,,2026-09-22 17:17:49
2026-09-12,ADSK,"Notable tech headlines for the week: Apple, Nvidia, Oracle in focus",seekingalpha/ADSK,,,2026-09-22 17:17:49
2026-09-12,ALL,Allstate: Attractive Even As Profits Are Likely Peaking,seekingalpha/ALL,,,2026-09-22 17:17:49
2026-09-12,AMAT,"Insider trades: Nvidia, Tesla, Uber among notable names",seekingalpha/AMAT,,,2026-09-22 17:17:49
2026-09-12,CASY,Earnings Scoreboard: 5 of 6 key S&P 500 reporting firms top EPS estimates and expand Y/Y profits,seekingalpha/CASY,,,2026-09-22 17:17:49
2026-09-12,CF,CF Industries: Crushing European Rivals With Structural Moat,seekingalpha/CF,,,2026-09-22 17:17:49
2026-09-12,CIEN,Ciena: AI-Driven Networking Demand Supports The Buy Case,seekingalpha/CIEN,,,2026-09-22 17:17:49
2026-09-12,COO,Earnings Scoreboard: 5 of 6 key S&P 500 reporting firms top EPS estimates and expand Y/Y profits,seekingalpha/COO,,,2026-09-22 17:17:49
2026-09-12,CPRT,Earnings Scoreboard: 5 of 6 key S&P 500 reporting firms top EPS estimates and expand Y/Y profits,seekingalpha/CPRT,,,2026-09-22 17:17:49
2026-09-12,CPRT,"Key deals this week: META, ADI, BSP, AAPL, and more",seekingalpha/CPRT,,,2026-09-22 17:17:49
2026-09-12,ETR,Entergy's Next Growth Engine Is Already Connected,seekingalpha/ETR,,,2026-09-22 17:17:49
2026-09-12,FCX,Freeport-McMoRan: The Copper-AI Supercycle And Big Risks,seekingalpha/FCX,,,2026-09-22 17:17:49
2026-09-12,FICO,"Notable tech headlines for the week: Apple, Nvidia, Oracle in focus",seekingalpha/FICO,,,2026-09-22 17:17:49
2026-09-12,KDP,Keurig Dr Pepper: Beverage Momentum And JDE Peet's Synergies Support A Buy,seekingalpha/KDP,,,2026-09-22 17:17:49
2026-09-12,KR,Earnings Scoreboard: 5 of 6 key S&P 500 reporting firms top EPS estimates and expand Y/Y profits,seekingalpha/KR,,,2026-09-22 17:17:49
2026-09-12,LH,Labcorp Holdings Inc. (LH) Analyst/Investor Day - Slideshow,seekingalpha/LH,,,2026-09-22 17:17:49
2026-09-12,MO,Altria Group's Recent Puffs Aren't Enough For An Upgrade,seekingalpha/MO,,,2026-09-22 17:17:49
2026-09-12,PKG,Packaging Corporation of America (PKG) Presents at Jefferies Global Industrials Conference 2026 - Slideshow,seekingalpha/PKG,,,2026-09-22 17:17:49
2026-09-12,PTC,"Notable tech headlines for the week: Apple, Nvidia, Oracle in focus",seekingalpha/PTC,,,2026-09-22 17:17:49
2026-09-12,PTC,PTC Inc.: The Market Is Pricing In Stagnation At 16x Earnings,seekingalpha/PTC,,,2026-09-22 17:17:49
2026-09-12,STX,Seagate: The HDD Shortage Still Has Legs,seekingalpha/STX,,,2026-09-22 17:17:49
2026-09-12,SWKS,"Notable tech headlines for the week: Apple, Nvidia, Oracle in focus",seekingalpha/SWKS,,,2026-09-22 17:17:49
2026-09-12,TYL,"Notable tech headlines for the week: Apple, Nvidia, Oracle in focus",seekingalpha/TYL,,,2026-09-22 17:17:49
2026-09-12,VTI,"The 1-Minute Market Report, September 12, 2026",seekingalpha/VTI,,,2026-09-22 17:17:49
2026-09-12,WDC,"Western Digital: Business Secured Through 2028, Price That Already Prices In A Lot Of The Story",seekingalpha/WDC,,,2026-09-22 17:17:49
2026-09-12,WDC,"Western Digital: Buy The Earnings Growth, Not Just The AI Story",seekingalpha/WDC,,,2026-09-22 17:17:49
2026-09-13,ADI,"Apple’s foldable iPhone could make the format the new normal, Gurman says",seekingalpha/ADI,,,2026-09-22 17:17:49
2026-09-13,ARE,"Alexandria Real Estate: Despite Headwinds, It Remains A Buy",seekingalpha/ARE,,,2026-09-22 17:17:49
2026-09-13,ARE,"Alexandria Real Estate: The Risk Was At $220, Not At $51",seekingalpha/ARE,,,2026-09-22 17:17:49
2026-09-13,BKR,Baker Hughes scores two LNG infrastructure deals from Venture Global,seekingalpha/BKR,,,2026-09-22 17:17:49
2026-09-13,CI,Elevance leads UBS health benefits survey as employers brace for higher costs,seekingalpha/CI,,,2026-09-22 17:17:49
2026-09-13,CMCSA,‘Practical Magic 2’ tanks with $30M opening as domestic box office slows,seekingalpha/CMCSA,,,2026-09-22 17:17:49
2026-09-13,CVS,Elevance leads UBS health benefits survey as employers brace for higher costs,seekingalpha/CVS,,,2026-09-22 17:17:49
2026-09-13,DELL,Dell: Powerhouse AI Stock,seekingalpha/DELL,,,2026-09-22 17:17:49
2026-09-13,DELL,Michael Dell’s family office nears deal to buy Baldwin Insurance: FT,seekingalpha/DELL,,,2026-09-22 17:17:49
2026-09-13,ELV,Elevance leads UBS health benefits survey as employers brace for higher costs,seekingalpha/ELV,,,2026-09-22 17:17:49
2026-09-13,FOXA,NFL Sunday Ticket offers fewer games at a higher price,seekingalpha/FOXA,,,2026-09-22 17:17:49
2026-09-13,GEHC,GE HealthCare is said to near $1B Sofie Biosciences deal,seekingalpha/GEHC,,,2026-09-22 17:17:49
2026-09-13,HONA,Honeywell Aerospace: A Tier-1 Moat Already Priced For Perfection,seekingalpha/HONA,,,2026-09-22 17:17:49
2026-09-13,NVR,NVR: The Issues Go Beyond The Company,seekingalpha/NVR,,,2026-09-22 17:17:49
2026-09-13,NXPI,"Apple’s foldable iPhone could make the format the new normal, Gurman says",seekingalpha/NXPI,,,2026-09-22 17:17:49
2026-09-13,RL,Ralph Lauren declares $1.00 dividend,seekingalpha/RL,,,2026-09-22 17:17:49
2026-09-13,ROL,Rollins: A Great Business At A Much Better Price,seekingalpha/ROL,,,2026-09-22 17:17:49
2026-09-13,TXN,"Apple’s foldable iPhone could make the format the new normal, Gurman says",seekingalpha/TXN,,,2026-09-22 17:17:49
2026-09-13,UNH,Elevance leads UBS health benefits survey as employers brace for higher costs,seekingalpha/UNH,,,2026-09-22 17:17:49
2026-09-13,VLO,Trump urges Ukraine to halt strikes on Russian diesel facilities,seekingalpha/VLO,,,2026-09-22 17:17:49
2026-09-14,ABNB,Airbnb pledges $250M to boost affordable housing,seekingalpha/ABNB,,,2026-09-22 17:17:49
2026-09-14,ABT,Abbott Laboratories jumps after six straight sessions of losses,seekingalpha/ABT,,,2026-09-22 17:17:49
2026-09-14,ABT,Abbott in $385M settlement with DOJ over infant formula recall,seekingalpha/ABT,,,2026-09-22 17:17:49
2026-09-14,ADBE,Adobe Gave Away Its Growth On Purpose,seekingalpha/ADBE,,,2026-09-22 17:17:49
2026-09-14,ADBE,Adobe: The Market Has Already Priced In An AI Disaster,seekingalpha/ADBE,,,2026-09-22 17:17:49
2026-09-14,ADSK,Autodesk: A Great Buy As Contract Prices Rise,seekingalpha/ADSK,,,2026-09-22 17:17:49
2026-09-14,ANET,Arista Networks Vs. Celestica: The White Box Wins,seekingalpha/ANET,,,2026-09-22 17:17:49
2026-09-14,APD,Air Products and Chemicals: Back In The Buy Column Now,seekingalpha/APD,,,2026-09-22 17:17:49
2026-09-14,AZO,AutoZone facing DIY headwinds in FQ4,seekingalpha/AZO,,,2026-09-22 17:17:49
2026-09-14,BAC,Bank of America Corporation (BAC) Presents at Barclays 24th Annual Global Financial Services Conference Transcript,seekingalpha/BAC,,,2026-09-22 17:17:49
2026-09-14,BAC,"Bank of America plunges on CEO's sales, trading revenue guidance; bank stocks sell off",seekingalpha/BAC,,,2026-09-22 17:17:49
2026-09-14,BEN,Aggregate assets under management rise in August,seekingalpha/BEN,,,2026-09-22 17:17:49
2026-09-14,BIIB,Biogen Inc. (BIIB) Presents at Morgan Stanley 24th Annual Global Healthcare Conference Transcript,seekingalpha/BIIB,,,2026-09-22 17:17:49
2026-09-14,BNY,The Bank of New York Mellon Corporation (BNY) Presents at Barclays 24th Annual Global Financial Services Conference Transcript,seekingalpha/BNY,,,2026-09-22 17:17:49
2026-09-14,BRK.B,Berkshire Hathaway: A Great Investment In A Complex Market,seekingalpha/BRK.B,,,2026-09-22 17:17:49
2026-09-14,CAH,"Cardinal Health, Inc. (CAH) Presents at Morgan Stanley 24th Annual Global Healthcare Conference Transcript",seekingalpha/CAH,,,2026-09-22 17:17:49
2026-09-14,CAT,AI slowdown fears hammer data-center power and construction stocks,seekingalpha/CAT,,,2026-09-22 17:17:49
2026-09-14,CCI,Crown Castle Inc.: 5.6% Yield At An Attractive Entry Point,seekingalpha/CCI,,,2026-09-22 17:17:49
2026-09-14,CCI,Crown Castle names Kris Hinson CFO as Sunit Patel to retire; COO Cathy Piche to depart,seekingalpha/CCI,,,2026-09-22 17:17:49
2026-09-14,CCI,J.P. Morgan downgrades Crown Castle to Sell equivalent,seekingalpha/CCI,,,2026-09-22 17:17:49
2026-09-14,CCL,"Oil's 40% surge puts fuel costs in focus for airline, cruise industry",seekingalpha/CCL,,,2026-09-22 17:17:49
2026-09-14,CEG,Constellation Energy Has More Upside Than The Market Reflects,seekingalpha/CEG,,,2026-09-22 17:17:49
2026-09-14,CFG,"Citizens Financial Group, Inc. (CFG) Presents at Barclays 24th Annual Global Financial Services Conference Transcript",seekingalpha/CFG,,,2026-09-22 17:17:49
2026-09-14,CHTR,Satellite competition and DSL sunsetting present headwinds for Charter and Comcast—Wolfe Research,seekingalpha/CHTR,,,2026-09-22 17:17:49
2026-09-14,CIEN,Ciena unveils new $200M venture capital firm,seekingalpha/CIEN,,,2026-09-22 17:17:49
2026-09-14,CMCSA,Satellite competition and DSL sunsetting present headwinds for Charter and Comcast—Wolfe Research,seekingalpha/CMCSA,,,2026-09-22 17:17:49
2026-09-14,CMCSA,SkyShowtime may be sold or shut down - reports,seekingalpha/CMCSA,,,2026-09-22 17:17:49
2026-09-14,CRL,"Charles River Laboratories International, Inc. (CRL) Presents at Morgan Stanley 24th Annual Global Healthcare Conference Transcript",seekingalpha/CRL,,,2026-09-22 17:17:49
2026-09-14,CRL,"The Broyhill adds FCNCA; exits CRL, ACN, INTU, and HUBS",seekingalpha/CRL,,,2026-09-22 17:17:49
2026-09-14,CVX,"Chevron CEO Wirth, other U.S. oil executives warn global fuel crisis has arrived",seekingalpha/CVX,,,2026-09-22 17:17:49
2026-09-14,CVX,Chevron says exploring opportunities on four continents in LNG expansion drive,seekingalpha/CVX,,,2026-09-22 17:17:49
2026-09-14,CVX,Chevron signs technical consultancy deal for Iraq’s huge West Qurna-2 oil field,seekingalpha/CVX,,,2026-09-22 17:17:49
2026-09-14,D,"NextEra Energy, Dominion propose Virginia benefits package to boost merger appeal",seekingalpha/D,,,2026-09-22 17:17:49
2026-09-14,DAL,Delta Air Lines' Refinery Is Becoming A Powerful Competitive Weapon,seekingalpha/DAL,,,2026-09-22 17:17:49
2026-09-14,DELL,Dell: Not Every Company Touching AI Is An AI Winner,seekingalpha/DELL,,,2026-09-22 17:17:49
2026-09-14,DGX,Quest Diagnostics Incorporated (DGX) Presents at Morgan Stanley 24th Annual Global Healthcare Conference Transcript,seekingalpha/DGX,,,2026-09-22 17:17:49
2026-09-14,DLR,CoreWeave appears most exposed if AI model development slows: Bernstein,seekingalpha/DLR,,,2026-09-22 17:17:49
2026-09-14,DLR,"Digital Realty forms Türkiye JV, plans 22MW Ankara data center",seekingalpha/DLR,,,2026-09-22 17:17:49
2026-09-14,DVN,Devon Energy: The Coterra Merger Meets A Powerful Oil Price Tailwind,seekingalpha/DVN,,,2026-09-22 17:17:49
2026-09-14,DXCM,DexCom expands CFO’s role to COO,seekingalpha/DXCM,,,2026-09-22 17:17:49
2026-09-14,EFX,Equifax Inc. (EFX) Presents at Barclays 24th Annual Global Financial Services Conference Transcript,seekingalpha/EFX,,,2026-09-22 17:17:49
2026-09-14,EL,Estée Lauder partners with Profound to expand AI-powered brand discovery,seekingalpha/EL,,,2026-09-22 17:17:49
2026-09-14,EME,AI slowdown fears hammer data-center power and construction stocks,seekingalpha/EME,,,2026-09-22 17:17:49
2026-09-14,EQIX,CoreWeave appears most exposed if AI model development slows: Bernstein,seekingalpha/EQIX,,,2026-09-22 17:17:49
2026-09-14,EQIX,"Equinix, Inc. (EQIX) Presents at Barclays 24th Annual Global Financial Services Conference Transcript",seekingalpha/EQIX,,,2026-09-22 17:17:49
2026-09-14,ETN,AI slowdown fears hammer data-center power and construction stocks,seekingalpha/ETN,,,2026-09-22 17:17:49
2026-09-14,FCX,Freeport-McMoRan: Recovering From Grasberg Drives Potential 10% FCF Yield,seekingalpha/FCX,,,2026-09-22 17:17:49
2026-09-14,FDXF,FedEx Freight names Michael Rodgers chief commercial and technology officer,seekingalpha/FDXF,,,2026-09-22 17:17:49
2026-09-14,FIX,AI slowdown fears hammer data-center power and construction stocks,seekingalpha/FIX,,,2026-09-22 17:17:49
2026-09-14,FTNT,Fortinet rises 9% amid cybersecurity sector strength,seekingalpha/FTNT,,,2026-09-22 17:17:49
2026-09-14,GEV,AI slowdown fears hammer data-center power and construction stocks,seekingalpha/GEV,,,2026-09-22 17:17:49
2026-09-14,GEV,"GE Vernova sinks 9% as GLJ Research starts with Sell rating, Street-low $470 PT",seekingalpha/GEV,,,2026-09-22 17:17:49
2026-09-14,GLW,Corning tumbles 14% on $2 billion equity offering,seekingalpha/GLW,,,2026-09-22 17:17:49
2026-09-14,GLW,"Corning: AI-Slowdown Fears, Equity Distribution News Hit Hard, EPS Growth Remains",seekingalpha/GLW,,,2026-09-22 17:17:49
2026-09-14,HPE,HPE downgraded by Evercore ISI after recent share price run up,seekingalpha/HPE,,,2026-09-22 17:17:49
2026-09-14,HPE,Hewlett Packard Enterprise slides 11% after Evercore ISI downgrade,seekingalpha/HPE,,,2026-09-22 17:17:49
2026-09-14,HPE,"Hewlett Packard Enterprise: At 16x FCF, Stock Looks Ready To Inflect Higher",seekingalpha/HPE,,,2026-09-22 17:17:49
2026-09-14,HPQ,HP Inc.: The Market Still Doesn't Get It,seekingalpha/HPQ,,,2026-09-22 17:17:49
2026-09-14,IDXX,"IDEXX Laboratories, Inc. (IDXX) Presents at Morgan Stanley 24th Annual Global Healthcare Conference Transcript",seekingalpha/IDXX,,,2026-09-22 17:17:49
2026-09-14,INTU,"The Broyhill adds FCNCA; exits CRL, ACN, INTU, and HUBS",seekingalpha/INTU,,,2026-09-22 17:17:49
2026-09-14,IT,"Gartner advances 10%, its third consecutive gain",seekingalpha/IT,,,2026-09-22 17:17:49
2026-09-14,ITW,Illinois Tool Works: Consistent Execution Leads To Organic Growth,seekingalpha/ITW,,,2026-09-22 17:17:49
2026-09-14,IVZ,Aggregate assets under management rise in August,seekingalpha/IVZ,,,2026-09-22 17:17:49
2026-09-14,KDP,BofA sees 'compelling' value in Keurig Dr Pepper after its business split,seekingalpha/KDP,,,2026-09-22 17:17:49
2026-09-14,KEY,KeyCorp (KEY) Presents at Barclays 24th Annual Global Financial Services Conference - Slideshow,seekingalpha/KEY,,,2026-09-22 17:17:49
2026-09-14,KEY,KeyCorp (KEY) Presents at Barclays 24th Annual Global Financial Services Conference Transcript,seekingalpha/KEY,,,2026-09-22 17:17:49
2026-09-14,KEY,KeyCorp raises 2026 financial guidance,seekingalpha/KEY,,,2026-09-22 17:17:49
2026-09-14,KHC,"SA analyst upgrades/downgrades: SNDK, MCD, KHC, SPCX",seekingalpha/KHC,,,2026-09-22 17:17:49
2026-09-14,KKR,"Realty Income, KKR to form euro-denominated JV",seekingalpha/KKR,,,2026-09-22 17:17:49
2026-09-14,KMB,Kimberly-Clark prepares concessions to gain EU approval for Kenvue deal - report,seekingalpha/KMB,,,2026-09-22 17:17:49
2026-09-14,KMB,Kimberly-Clark weighs asset sales as EU reviews $40B Kenvue deal,seekingalpha/KMB,,,2026-09-22 17:17:49
2026-09-14,KVUE,Kimberly-Clark prepares concessions to gain EU approval for Kenvue deal - report,seekingalpha/KVUE,,,2026-09-22 17:17:49
2026-09-14,LDOS,Leidos wins $875M U.S. Navy contract option,seekingalpha/LDOS,,,2026-09-22 17:17:49
2026-09-14,LITE,CoreWeave appears most exposed if AI model development slows: Bernstein,seekingalpha/LITE,,,2026-09-22 17:17:49
2026-09-14,LULU,"lululemon: A Fall From Grace, But I'm Still Holding On (Rating Downgrade)",seekingalpha/LULU,,,2026-09-22 17:17:49
2026-09-14,MA,Mastercard Is A Better Buy Than Visa Right Now,seekingalpha/MA,,,2026-09-22 17:17:49
2026-09-14,MCK,McKesson Corporation (MCK) Presents at Morgan Stanley 24th Annual Global Healthcare Conference Transcript,seekingalpha/MCK,,,2026-09-22 17:17:49
2026-09-14,MDT,Medtronic launches exchange offer to complete separation of MiniMed,seekingalpha/MDT,,,2026-09-22 17:17:49
2026-09-14,MPC,Marathon Petroleum: Further Upside With Refining Boom Likely Set To Last Through 2027,seekingalpha/MPC,,,2026-09-22 17:17:49
2026-09-14,MRVL,CoreWeave appears most exposed if AI model development slows: Bernstein,seekingalpha/MRVL,,,2026-09-22 17:17:49
2026-09-14,MRVL,Marvell Heats Up Custom Silicon Competition - AI Tailwinds Mostly Priced In,seekingalpha/MRVL,,,2026-09-22 17:17:49
2026-09-14,MSCI,MSCI Inc. (MSCI) Presents at Barclays 24th Annual Global Financial Services Conference Transcript,seekingalpha/MSCI,,,2026-09-22 17:17:49
2026-09-14,NCLH,"Norwegian Cruise Line: Growth, Great Stirrup Cay, 8.8x P/E",seekingalpha/NCLH,,,2026-09-22 17:17:49
2026-09-14,NDAQ,"Nasdaq, Inc. (NDAQ) Presents at Barclays 24th Annual Global Financial Services Conference Transcript",seekingalpha/NDAQ,,,2026-09-22 17:17:49
2026-09-14,NEE,"NextEra Energy, Dominion propose Virginia benefits package to boost merger appeal",seekingalpha/NEE,,,2026-09-22 17:17:49
2026-09-14,NFLX,Paramount's Warner Takeover Chaos Handed Netflix The Ultimate Moat,seekingalpha/NFLX,,,2026-09-22 17:17:49
2026-09-14,NOC,Northrop Grumman advances Sentinel nuclear missile toward flight test,seekingalpha/NOC,,,2026-09-22 17:17:49
2026-09-14,NTRS,"Northern Trust CFO expects 'seasonal downturn' in Q3, shares down",seekingalpha/NTRS,,,2026-09-22 17:17:49
2026-09-14,NTRS,Northern Trust Corporation (NTRS) Presents at Barclays 24th Annual Global Financial Services Conference Transcript,seekingalpha/NTRS,,,2026-09-22 17:17:49
2026-09-14,O,Realty Income Remains A Premier Long-Term Buy,seekingalpha/O,,,2026-09-22 17:17:49
2026-09-14,O,"Realty Income, KKR to form euro-denominated JV",seekingalpha/O,,,2026-09-22 17:17:49
2026-09-14,OXY,Occidental Petroleum: Keep An Eye On This One In The Carbon Capture Space,seekingalpha/OXY,,,2026-09-22 17:17:49
2026-09-14,PNC,"The PNC Financial Services Group, Inc. (PNC) Presents at Barclays 24th Annual Global Financial Services Conference Transcript",seekingalpha/PNC,,,2026-09-22 17:17:49
2026-09-14,PRU,Prudential Financial: Now No Longer A Buy (Rating Downgrade),seekingalpha/PRU,,,2026-09-22 17:17:49
2026-09-14,QCOM,Qualcomm: Well Positioned To Win AI Orders,seekingalpha/QCOM,,,2026-09-22 17:17:49
2026-09-14,REG,Regency Centers: A Worthwhile Idea For Long-Term Dividend Growth Investors,seekingalpha/REG,,,2026-09-22 17:17:49
2026-09-14,REGN,"Regeneron Pharmaceuticals, Inc. (REGN) Presents at Morgan Stanley 24th Annual Global Healthcare Conference Transcript",seekingalpha/REGN,,,2026-09-22 17:17:49
2026-09-14,ROL,Rollins: Exceptional Business On Sale,seekingalpha/ROL,,,2026-09-22 17:17:49
2026-09-14,ROL,Rollins: Sky-High Valuations Continue To Be A Pest,seekingalpha/ROL,,,2026-09-22 17:17:49
2026-09-14,RVTY,"Revvity, Inc. (RVTY) Presents at Morgan Stanley 24th Annual Global Healthcare Conference Transcript",seekingalpha/RVTY,,,2026-09-22 17:17:49
2026-09-14,SBUX,Starbucks snaps six straight sessions of losses,seekingalpha/SBUX,,,2026-09-22 17:17:49
2026-09-14,SPG,"Sell CBL & Associates, Buy Simon Property Group Due To Market Conditions",seekingalpha/SPG,,,2026-09-22 17:17:49
2026-09-14,SPGI,S&P Global Inc. (SPGI) Presents at Barclays 24th Annual Global Financial Services Conference Transcript,seekingalpha/SPGI,,,2026-09-22 17:17:49
2026-09-14,SPGI,S&P Global leads strategic investment in Kaiko as 24/7 trading concept gains traction,seekingalpha/SPGI,,,2026-09-22 17:17:49
2026-09-14,STT,State Street Corporation (STT) Presents at Barclays 24th Annual Global Financial Services Conference Transcript,seekingalpha/STT,,,2026-09-22 17:17:49
2026-09-14,STZ,American whiskey makers applaud easing of Irish tariffs,seekingalpha/STZ,,,2026-09-22 17:17:49
2026-09-14,SWKS,"Skyworks Solutions drops 10%, halting recent upswing",seekingalpha/SWKS,,,2026-09-22 17:17:49
2026-09-14,SYF,Synchrony Financial (SYF) Presents at Barclays 24th Annual Global Financial Services Conference Transcript,seekingalpha/SYF,,,2026-09-22 17:17:49
2026-09-14,SYK,Stryker: Operational Issues Have Created An Opportunity,seekingalpha/SYK,,,2026-09-22 17:17:49
2026-09-14,SYY,Sysco announces $1B common stock offering,seekingalpha/SYY,,,2026-09-22 17:17:49
2026-09-14,TER,Teradyne slides 13% after four-session run ends,seekingalpha/TER,,,2026-09-22 17:17:49
2026-09-14,TMUS,"Verizon, T-Mobile end legal fight over competing savings claims",seekingalpha/TMUS,,,2026-09-22 17:17:49
2026-09-14,TROW,Aggregate assets under management rise in August,seekingalpha/TROW,,,2026-09-22 17:17:49
2026-09-14,UBER,Uber: Welcome To The Age Of Q-Commerce,seekingalpha/UBER,,,2026-09-22 17:17:49
2026-09-14,UHS,"Universal Health Services, Inc. (UHS) Presents at Morgan Stanley 24th Annual Global Healthcare Conference Transcript",seekingalpha/UHS,,,2026-09-22 17:17:49
2026-09-14,V,Mastercard Is A Better Buy Than Visa Right Now,seekingalpha/V,,,2026-09-22 17:17:49
2026-09-14,V,Visa: The Market Is Still Underestimating This Resilient Growth Story,seekingalpha/V,,,2026-09-22 17:17:49
2026-09-14,VRT,AI slowdown fears hammer data-center power and construction stocks,seekingalpha/VRT,,,2026-09-22 17:17:49
2026-09-14,VRTX,Vertex Pharmaceuticals Incorporated (VRTX) Presents at Morgan Stanley 24th Annual Global Healthcare Conference Transcript,seekingalpha/VRTX,,,2026-09-22 17:17:49
2026-09-14,VTI,"August rally cools, but the ETF industry still posts a fresh AUM high",seekingalpha/VTI,,,2026-09-22 17:17:49
2026-09-14,VXUS,"August rally cools, but the ETF industry still posts a fresh AUM high",seekingalpha/VXUS,,,2026-09-22 17:17:49
2026-09-14,VZ,"Verizon, T-Mobile end legal fight over competing savings claims",seekingalpha/VZ,,,2026-09-22 17:17:49
2026-09-14,WDAY,"Workday: Great Execution, But Acquisition Possibility Is Already Priced In",seekingalpha/WDAY,,,2026-09-22 17:17:49
2026-09-14,WDC,Western Digital to redeem all $109.5M outstanding of 2028 notes,seekingalpha/WDC,,,2026-09-22 17:17:49
2026-09-14,WDC,Western Digital: More Consolidation Necessary - Multi-Year AI-Driven Tailwinds,seekingalpha/WDC,,,2026-09-22 17:17:49
2026-09-14,WMT,Walmart's ad business stands out as high margin contributor—Goldman Sachs,seekingalpha/WMT,,,2026-09-22 17:17:49
2026-09-14,WST,"West Pharmaceutical Services, Inc. (WST) Presents at Morgan Stanley 24th Annual Global Healthcare Conference Transcript",seekingalpha/WST,,,2026-09-22 17:17:49
2026-09-14,ZTS,Zoetis Inc. (ZTS) Presents at Morgan Stanley 24th Annual Global Healthcare Conference Transcript,seekingalpha/ZTS,,,2026-09-22 17:17:49
2026-09-15,ABBV,AbbVie Inc. (ABBV) Presents at Morgan Stanley 24th Annual Global Healthcare Conference Transcript,seekingalpha/ABBV,,,2026-09-22 17:17:49
2026-09-15,ADBE,Adobe: A Rare 40% Repricing Window You Don't Want To Miss,seekingalpha/ADBE,,,2026-09-22 17:17:49
2026-09-15,ADI,Analog Devices: Grid-To-Chip Strategy Provides Secular Growth,seekingalpha/ADI,,,2026-09-22 17:17:49
2026-09-15,ADI,Semiconductor TAM set to double by 2030 to $3.2T on memory and data center demand: BofA,seekingalpha/ADI,,,2026-09-22 17:17:49
2026-09-15,ADSK,Autodesk initiated with Neutral rating due to near-term AI concerns: Cantor,seekingalpha/ADSK,,,2026-09-22 17:17:49
2026-09-15,AJG,Arthur J. Gallagher buys McMillan Insurance & Bonding,seekingalpha/AJG,,,2026-09-22 17:17:49
2026-09-15,ALGN,"Align Technology, Inc. (ALGN) Presents at 2026 Global Healthcare Conference Transcript",seekingalpha/ALGN,,,2026-09-22 17:17:49
2026-09-15,AMGN,Amgen Inc. (AMGN) Presents at Morgan Stanley 24th Annual Global Healthcare Conference Transcript,seekingalpha/AMGN,,,2026-09-22 17:17:49
2026-09-15,AMGN,FDA launches pilot program that aims to speed the time to first-in-human drug trials,seekingalpha/AMGN,,,2026-09-22 17:17:49
2026-09-15,AMT,American Tower: Why I'm Buying A Wide Moat REIT At A Decade High Yield,seekingalpha/AMT,,,2026-09-22 17:17:49
2026-09-15,ANET,Arista Networks: AI Networking And EOS Drive Multi-Year Growth,seekingalpha/ANET,,,2026-09-22 17:17:49
2026-09-15,AON,Portfolio check: The biggest SA Quant downgrades over the past week,seekingalpha/AON,,,2026-09-22 17:17:49
2026-09-15,APP,AppLovin: Why I Think The Market Is Wrong After A 43.65% Decline,seekingalpha/APP,,,2026-09-22 17:17:49
2026-09-15,AXON,Axon Enterprise retreats 10% on proposed $1B note offering,seekingalpha/AXON,,,2026-09-22 17:17:49
2026-09-15,AXON,Axon announces proposed offering of $1B of 0% convertible senior notes,seekingalpha/AXON,,,2026-09-22 17:17:49
2026-09-15,AXP,American Express launches new high-yield business savings account,seekingalpha/AXP,,,2026-09-22 17:17:49
2026-09-15,BMY,FDA launches pilot program that aims to speed the time to first-in-human drug trials,seekingalpha/BMY,,,2026-09-22 17:17:49
2026-09-15,BNY,Bank of New York Mellon: More Overvalued And Overbought Than You Think,seekingalpha/BNY,,,2026-09-22 17:17:49
2026-09-15,BSX,Boston Scientific: A Great Company At A Deeply Discounted Price (Rating Upgrade),seekingalpha/BSX,,,2026-09-22 17:17:49
2026-09-15,BXP,"BXP, Inc. (BXP) Presents at BofA NY Global Real Estate Conference 2026 Transcript",seekingalpha/BXP,,,2026-09-22 17:17:49
2026-09-15,CAH,"Cardinal Health, Inc. (CAH) Presents at 2026 Global Healthcare Conference Transcript",seekingalpha/CAH,,,2026-09-22 17:17:49
2026-09-15,CARR,Carrier Global Corporation (CARR) Presents at Morgan Stanley's 14th Annual Laguna Conference Transcript,seekingalpha/CARR,,,2026-09-22 17:17:49
2026-09-15,CNP,CenterPoint Energy initiated Sector Perform at RBC as premium-priced vs. peers,seekingalpha/CNP,,,2026-09-22 17:17:49
2026-09-15,COO,Cooper Companies: A Little More Compelling At This Price,seekingalpha/COO,,,2026-09-22 17:17:49
2026-09-15,COP,ConocoPhillips: A Winner Beyond The Iran Conflict,seekingalpha/COP,,,2026-09-22 17:17:49
2026-09-15,COR,"Cencora, Inc. (COR) Presents at 2026 Global Healthcare Conference Transcript",seekingalpha/COR,,,2026-09-22 17:17:49
2026-09-15,COR,"Cencora, Inc. (COR) Presents at Morgan Stanley 24th Annual Global Healthcare Conference Transcript",seekingalpha/COR,,,2026-09-22 17:17:49
2026-09-15,CPT,Camden Property Trust (CPT) Presents at BofA NY Global Real Estate Conference 2026 Transcript,seekingalpha/CPT,,,2026-09-22 17:17:49
2026-09-15,CRL,"Charles River Laboratories International, Inc. (CRL) Presents at 2026 Global Healthcare Conference Transcript",seekingalpha/CRL,,,2026-09-22 17:17:49
2026-09-15,CRWD,CrowdStrike: AI Threat Is Making Cybersecurity Great Again,seekingalpha/CRWD,,,2026-09-22 17:17:49
2026-09-15,CTSH,Cognizant Technology Solutions Corporation (CTSH) Presents at Truist Technology Symposium: AI Transformation & Evolving Enterprise Debates Transcript,seekingalpha/CTSH,,,2026-09-22 17:17:49
2026-09-15,CTVA,Corteva CEO bets on innovation as crop-protection business spins off,seekingalpha/CTVA,,,2026-09-22 17:17:49
2026-09-15,CTVA,"Corteva, Inc. (CTVA) Analyst/Investor Day - Slideshow",seekingalpha/CTVA,,,2026-09-22 17:17:49
2026-09-15,DAL,Portfolio check: The biggest SA Quant downgrades over the past week,seekingalpha/DAL,,,2026-09-22 17:17:49
2026-09-15,DD,"3M, DuPont face Connecticut firefighters’ PFAS lawsuit",seekingalpha/DD,,,2026-09-22 17:17:49
2026-09-15,DG,Dollar General Corporation (DG) Presents at Goldman Sachs Global Consumer and Retail Conference Transcript,seekingalpha/DG,,,2026-09-22 17:17:49
2026-09-15,DGX,Quest Diagnostics Incorporated (DGX) Presents at 2026 Global Healthcare Conference Transcript,seekingalpha/DGX,,,2026-09-22 17:17:49
2026-09-15,DVN,Devon Energy: Stronger Permian Focus And Valuation Support (Rating Upgrade),seekingalpha/DVN,,,2026-09-22 17:17:49
2026-09-15,DXCM,Portfolio check: The biggest SA Quant upgrades over the past week,seekingalpha/DXCM,,,2026-09-22 17:17:49
2026-09-15,EFX,FHFA's Pulte highlights growing market share of VantageScore in latest X posts,seekingalpha/EFX,,,2026-09-22 17:17:49
2026-09-15,EQIX,"Equinix, Inc. (EQIX) Presents at BofA NY Global Real Estate Conference 2026 Transcript",seekingalpha/EQIX,,,2026-09-22 17:17:49
2026-09-15,EXE,Expand Energy prices $500M of 5.650% senior notes due 2031,seekingalpha/EXE,,,2026-09-22 17:17:49
2026-09-15,FICO,FHFA's Pulte highlights growing market share of VantageScore in latest X posts,seekingalpha/FICO,,,2026-09-22 17:17:49
2026-09-15,FITB,Fifth Third Bancorp (FITB) Presents at Barclays 24th Annual Global Financial Services Conference Transcript,seekingalpha/FITB,,,2026-09-22 17:17:49
2026-09-15,FITB,Fifth Third expects $850M of cost synergies in Q4 on Comerica acquisition,seekingalpha/FITB,,,2026-09-22 17:17:49
2026-09-15,FLEX,"Flex to name spinoff Axiom Solutions, files Form 10 registration",seekingalpha/FLEX,,,2026-09-22 17:17:49
2026-09-15,FLEX,Portfolio check: The biggest SA Quant downgrades over the past week,seekingalpha/FLEX,,,2026-09-22 17:17:49
2026-09-15,FTV,Fortive Corporation (FTV) Presents at Morgan Stanley's 14th Annual Laguna Conference Transcript,seekingalpha/FTV,,,2026-09-22 17:17:49
2026-09-15,GD,"Iran war costs reach $38B as inflation, supply risks mount",seekingalpha/GD,,,2026-09-22 17:17:49
2026-09-15,GEV,GE Vernova inches higher after big drop; analyst says company still 'wired to win',seekingalpha/GEV,,,2026-09-22 17:17:49
2026-09-15,GILD,FDA launches pilot program that aims to speed the time to first-in-human drug trials,seekingalpha/GILD,,,2026-09-22 17:17:49
2026-09-15,GILD,"Gilead Sciences, Inc. (GILD) Presents at Morgan Stanley 24th Annual Global Healthcare Conference Transcript",seekingalpha/GILD,,,2026-09-22 17:17:49
2026-09-15,GLW,Corning: One Hit After Another,seekingalpha/GLW,,,2026-09-22 17:17:49
2026-09-15,GLW,"Corning: The AI Opportunity Is Huge, But So Is The Valuation",seekingalpha/GLW,,,2026-09-22 17:17:49
2026-09-15,GM,General Motors Company (GM) Presents at Morgan Stanley's 14th Annual Laguna Conference Transcript,seekingalpha/GM,,,2026-09-22 17:17:49
2026-09-15,GM,"General Motors makes room for CarPlay and Android Auto in 2027 Silverado, Sierra",seekingalpha/GM,,,2026-09-22 17:17:49
2026-09-15,GM,General Motors' CFO expects Q4 to be seasonally weaker,seekingalpha/GM,,,2026-09-22 17:17:49
2026-09-15,GPC,Genuine Parts Company (GPC) Presents at Goldman Sachs Global Consumer and Retail Conference Transcript,seekingalpha/GPC,,,2026-09-22 17:17:49
2026-09-15,HD,"The Home Depot, Inc. (HD) Presents at Goldman Sachs Global Consumer and Retail Conference Transcript",seekingalpha/HD,,,2026-09-22 17:17:49
2026-09-15,HII,"Iran war costs reach $38B as inflation, supply risks mount",seekingalpha/HII,,,2026-09-22 17:17:49
2026-09-15,HON,Honeywell International Inc. (HON) Presents at Morgan Stanley's 14th Annual Laguna Conference Transcript,seekingalpha/HON,,,2026-09-22 17:17:49
2026-09-15,HON,Honeywell upgrades Marine Corps security; labor cost seen down 80%,seekingalpha/HON,,,2026-09-22 17:17:49
2026-09-15,HONA,Honeywell Aerospace Inc. (HONA) Presents at Morgan Stanley's 14th Annual Laguna Conference Transcript,seekingalpha/HONA,,,2026-09-22 17:17:49
2026-09-15,HSIC,"Henry Schein, Inc. (HSIC) Presents at 2026 Global Healthcare Conference Transcript",seekingalpha/HSIC,,,2026-09-22 17:17:49
2026-09-15,HSY,Six consumer stocks in harm's way if Super El Niño is as bad as feared,seekingalpha/HSY,,,2026-09-22 17:17:49
2026-09-15,HWM,"Guggenheim turns bullish on defense stocks, warns on aerospace aftermarket",seekingalpha/HWM,,,2026-09-22 17:17:49
2026-09-15,INCY,"Incyte: Priced For Success, With No Margin Of Safety",seekingalpha/INCY,,,2026-09-22 17:17:49
2026-09-15,IP,Portfolio check: The biggest SA Quant downgrades over the past week,seekingalpha/IP,,,2026-09-22 17:17:49
2026-09-15,ISRG,Intuitive Surgical: My Sell Case Is Losing Ground (Rating Upgrade),seekingalpha/ISRG,,,2026-09-22 17:17:49
2026-09-15,JBHT,"J.B. Hunt Transport Services, Inc. (JBHT) Presents at Morgan Stanley's 14th Annual Laguna Conference Transcript",seekingalpha/JBHT,,,2026-09-22 17:17:49
2026-09-15,JNJ,FDA launches pilot program that aims to speed the time to first-in-human drug trials,seekingalpha/JNJ,,,2026-09-22 17:17:49
2026-09-15,JNJ,J&J reports phase 2b data on less-frequent lung cancer treatment,seekingalpha/JNJ,,,2026-09-22 17:17:49
2026-09-15,KDP,"Keurig Dr Pepper Bought Size With JDE Peet's, But Split Will Create Value",seekingalpha/KDP,,,2026-09-22 17:17:49
2026-09-15,KEYS,"Keysight Technologies, Inc. (KEYS) Presents at Truist Technology Symposium: AI Transformation & Evolving Enterprise Debates Transcript",seekingalpha/KEYS,,,2026-09-22 17:17:49
2026-09-15,KIM,Kimco Realty Corporation (KIM) Presents at BofA NY Global Real Estate Conference 2026 Transcript,seekingalpha/KIM,,,2026-09-22 17:17:49
2026-09-15,KKR,KKR & Co. Inc. (KKR) Presents at Barclays 24th Annual Global Financial Services Conference - Slideshow,seekingalpha/KKR,,,2026-09-22 17:17:49
2026-09-15,KKR,KKR & Co. Inc. (KKR) Presents at Barclays 24th Annual Global Financial Services Conference Transcript,seekingalpha/KKR,,,2026-09-22 17:17:49
2026-09-15,KKR,"KKR, Neuberger units to take minority stake in Datavant",seekingalpha/KKR,,,2026-09-22 17:17:49
2026-09-15,KMB,Kimberly-Clark expected to win EU approval for Kenvue in phase 1 - report,seekingalpha/KMB,,,2026-09-22 17:17:49
2026-09-15,KMB,"Kimberly-Clark: The Discount Is Real, But Kenvue Makes It Hard To Call The Stock Cheap",seekingalpha/KMB,,,2026-09-22 17:17:49
2026-09-15,KO,"Coca-Cola, Viking, and Aritzia are top consumer picks at UBS amid economic headwinds",seekingalpha/KO,,,2026-09-22 17:17:49
2026-09-15,KVUE,Kimberly-Clark expected to win EU approval for Kenvue in phase 1 - report,seekingalpha/KVUE,,,2026-09-22 17:17:49
2026-09-15,LH,Labcorp Holdings Inc. (LH) Presents at Morgan Stanley 24th Annual Global Healthcare Conference Transcript,seekingalpha/LH,,,2026-09-22 17:17:49
2026-09-15,LHX,"Guggenheim turns bullish on defense stocks, warns on aerospace aftermarket",seekingalpha/LHX,,,2026-09-22 17:17:49
2026-09-15,LHX,"Iran war costs reach $38B as inflation, supply risks mount",seekingalpha/LHX,,,2026-09-22 17:17:49
2026-09-15,LOW,"Lowe's Companies, Inc. (LOW) Presents at Goldman Sachs Global Consumer and Retail Conference Transcript",seekingalpha/LOW,,,2026-09-22 17:17:49
2026-09-15,LULU,"SA analyst upgrades/downgrades: NFLX, LULU, ORCL, MPT",seekingalpha/LULU,,,2026-09-22 17:17:49
2026-09-15,MCO,Moody’s takes minority stake in PhilRatings,seekingalpha/MCO,,,2026-09-22 17:17:49
2026-09-15,MDLZ,Six consumer stocks in harm's way if Super El Niño is as bad as feared,seekingalpha/MDLZ,,,2026-09-22 17:17:49
2026-09-15,MDT,Medtronic plc (MDT) Presents at Morgan Stanley 24th Annual Global Healthcare Conference Transcript,seekingalpha/MDT,,,2026-09-22 17:17:49
2026-09-15,MLM,Portfolio check: The biggest SA Quant downgrades over the past week,seekingalpha/MLM,,,2026-09-22 17:17:49
2026-09-15,MMM,"3M CEO sees innovation, data centers, cost cuts extending turnaround",seekingalpha/MMM,,,2026-09-22 17:17:49
2026-09-15,MMM,3M Company (MMM) Presents at Morgan Stanley's 14th Annual Laguna Conference Transcript,seekingalpha/MMM,,,2026-09-22 17:17:49
2026-09-15,MMM,"3M, DuPont face Connecticut firefighters’ PFAS lawsuit",seekingalpha/MMM,,,2026-09-22 17:17:49
2026-09-15,MPC,Marathon Petroleum: The Focus Should Help (Rating Upgrade),seekingalpha/MPC,,,2026-09-22 17:17:49
2026-09-15,MRVL,"Marvell Technology: Qualcomm Just Entered Its AWS Territory, But The Buy Case Still Holds",seekingalpha/MRVL,,,2026-09-22 17:17:49
2026-09-15,MRVL,Semiconductor TAM set to double by 2030 to $3.2T on memory and data center demand: BofA,seekingalpha/MRVL,,,2026-09-22 17:17:49
2026-09-15,MS,Morgan Stanley (MS) Presents at Barclays 24th Annual Global Financial Services Conference Transcript,seekingalpha/MS,,,2026-09-22 17:17:49
2026-09-15,MS,"Morgan Stanley: The Franchise Is Strong, The Valuation Leaves Little Upside",seekingalpha/MS,,,2026-09-22 17:17:49
2026-09-15,MSI,"Motorola Solutions, Inc. (MSI) Presents at Truist Technology Symposium: AI Transformation & Evolving Enterprise Debates Transcript",seekingalpha/MSI,,,2026-09-22 17:17:49
2026-09-15,NFLX,"SA analyst upgrades/downgrades: NFLX, LULU, ORCL, MPT",seekingalpha/NFLX,,,2026-09-22 17:17:49
2026-09-15,NOC,"Guggenheim turns bullish on defense stocks, warns on aerospace aftermarket",seekingalpha/NOC,,,2026-09-22 17:17:49
2026-09-15,NOC,"Iran war costs reach $38B as inflation, supply risks mount",seekingalpha/NOC,,,2026-09-22 17:17:49
2026-09-15,NXPI,Portfolio check: The biggest SA Quant upgrades over the past week,seekingalpha/NXPI,,,2026-09-22 17:17:49
2026-09-15,O,Realty Income Corporation (O) Presents at BofA NY Global Real Estate Conference 2026 Transcript,seekingalpha/O,,,2026-09-22 17:17:49
2026-09-15,O,Realty Income stock nears its 52-week low: Is selloff a buying chance?,seekingalpha/O,,,2026-09-22 17:17:49
2026-09-15,OKE,ONEOK: Brazos Acquisition A Catalyst For Growth,seekingalpha/OKE,,,2026-09-22 17:17:49
2026-09-15,ON,Semiconductor TAM set to double by 2030 to $3.2T on memory and data center demand: BofA,seekingalpha/ON,,,2026-09-22 17:17:49
2026-09-15,OTIS,Otis CEO Judy Marks to retire in 1H 2027,seekingalpha/OTIS,,,2026-09-22 17:17:49
2026-09-15,PCG,PG&E: The Wildfire Risk Is Manageable,seekingalpha/PCG,,,2026-09-22 17:17:49
2026-09-15,PLD,"Prologis, Inc. (PLD) Presents at BofA NY Global Real Estate Conference 2026 Transcript",seekingalpha/PLD,,,2026-09-22 17:17:49
2026-09-15,PSA,Public Storage: Buy The Pullback For A Reliable Yield And Improving Growth,seekingalpha/PSA,,,2026-09-22 17:17:49
2026-09-15,QCOM,MediaTek takes aim at Qualcomm with TSMC-built 2-nanometer chip,seekingalpha/QCOM,,,2026-09-22 17:17:49
2026-09-15,REG,Regency Centers Corporation (REG) Presents at BofA NY Global Real Estate Conference 2026 Transcript,seekingalpha/REG,,,2026-09-22 17:17:49
2026-09-15,REGN,FDA launches pilot program that aims to speed the time to first-in-human drug trials,seekingalpha/REGN,,,2026-09-22 17:17:49
2026-09-15,RF,Regions Financial Corporation (RF) Presents at Barclays 24th Annual Global Financial Services Conference Transcript,seekingalpha/RF,,,2026-09-22 17:17:49
2026-09-15,RMD,ResMed Inc. (RMD) Presents at Morgan Stanley 24th Annual Global Healthcare Conference Transcript,seekingalpha/RMD,,,2026-09-22 17:17:49
2026-09-15,RMD,ResMed upgraded at RBC Capital Markets on Q4 positives,seekingalpha/RMD,,,2026-09-22 17:17:49
2026-09-15,ROK,Rockwell Automation joins Anthropic’s Project Glasswing,seekingalpha/ROK,,,2026-09-22 17:17:49
2026-09-15,ROP,"Roper Technologies, Inc. (ROP) Presents at Piper Sandler 5th Annual Growth Frontiers Conference Transcript",seekingalpha/ROP,,,2026-09-22 17:17:49
2026-09-15,RTX,"Iran war costs reach $38B as inflation, supply risks mount",seekingalpha/RTX,,,2026-09-22 17:17:49
2026-09-15,RTX,RTX names Jill Albertelli president of Pratt & Whitney as Shane Eddy retires,seekingalpha/RTX,,,2026-09-22 17:17:49
2026-09-15,RVTY,"Revvity extends gains with another 9% advance, sets new high",seekingalpha/RVTY,,,2026-09-22 17:17:49
2026-09-15,RVTY,"Revvity, Inc. (RVTY) Presents at 2026 Global Healthcare Conference Transcript",seekingalpha/RVTY,,,2026-09-22 17:17:49
2026-09-15,SCHW,Charles Schwab Goes On The AI Offensive,seekingalpha/SCHW,,,2026-09-22 17:17:49
2026-09-15,SCHW,"Charles Schwab core net new assets rise 12% M/M, 46% Y/Y in August",seekingalpha/SCHW,,,2026-09-22 17:17:49
2026-09-15,SJM,"Coca-Cola, Viking, and Aritzia are top consumer picks at UBS amid economic headwinds",seekingalpha/SJM,,,2026-09-22 17:17:49
2026-09-15,SJM,Six consumer stocks in harm's way if Super El Niño is as bad as feared,seekingalpha/SJM,,,2026-09-22 17:17:49
2026-09-15,SNA,"Snap-On: The Growth Engine Is Shifting, But 19x Earnings Still Prices In A Lot",seekingalpha/SNA,,,2026-09-22 17:17:49
2026-09-15,SRE,Sempra signs 20-year U.S. LNG supply deal with Petrobras,seekingalpha/SRE,,,2026-09-22 17:17:49
2026-09-15,STE,STERIS plc (STE) Presents at Morgan Stanley 24th Annual Global Healthcare Conference Transcript,seekingalpha/STE,,,2026-09-22 17:17:49
2026-09-15,SWKS,Skyworks Solutions and Qorvo surge as merger enters final stages,seekingalpha/SWKS,,,2026-09-22 17:17:49
2026-09-15,SWKS,"Skyworks Solutions surges 13%, rebounding from the previous day",seekingalpha/SWKS,,,2026-09-22 17:17:49
2026-09-15,SYY,Sysco prices 12.3M-share offering at $81 each to help finance Jetro purchase,seekingalpha/SYY,,,2026-09-22 17:17:49
2026-09-15,TDG,"Guggenheim turns bullish on defense stocks, warns on aerospace aftermarket",seekingalpha/TDG,,,2026-09-22 17:17:49
2026-09-15,TFC,Truist Financial Corporation (TFC) Presents at Barclays 24th Annual Global Financial Services Conference Transcript,seekingalpha/TFC,,,2026-09-22 17:17:49
2026-09-15,TFC,Truist to exit near-prime auto lending business,seekingalpha/TFC,,,2026-09-22 17:17:49
2026-09-15,TGT,Target sets its fall sales event for the same days as Amazon's,seekingalpha/TGT,,,2026-09-22 17:17:49
2026-09-15,TMO,Thermo Fisher Scientific Inc. (TMO) Presents at Morgan Stanley 24th Annual Global Healthcare Conference Transcript,seekingalpha/TMO,,,2026-09-22 17:17:49
2026-09-15,TRMB,Trimble Inc. (TRMB) Presents at Piper Sandler 5th Annual Growth Frontiers Conference Transcript,seekingalpha/TRMB,,,2026-09-22 17:17:49
2026-09-15,TROW,"T. Rowe Price: Zero Analysts Say Buy, Four Say Sell, And The Cash Flow Says Otherwise",seekingalpha/TROW,,,2026-09-22 17:17:49
2026-09-15,TT,Trane Technologies plc (TT) Presents at Morgan Stanley's 14th Annual Laguna Conference Transcript,seekingalpha/TT,,,2026-09-22 17:17:49
2026-09-15,TXN,Texas Instruments: The Earnings Recovery Has More Room To Run,seekingalpha/TXN,,,2026-09-22 17:17:49
2026-09-15,TYL,"Tyler Technologies, Inc. (TYL) Presents at Piper Sandler 5th Annual Growth Frontiers Conference Transcript",seekingalpha/TYL,,,2026-09-22 17:17:49
2026-09-15,UHS,"Universal Health Services, Inc. (UHS) Presents at 2026 Global Healthcare Conference Transcript",seekingalpha/UHS,,,2026-09-22 17:17:49
2026-09-15,UNH,"UnitedHealth: Lagging, But An Upbeat 2026 Outlook Helps Clear The Path",seekingalpha/UNH,,,2026-09-22 17:17:49
2026-09-15,UPS,"UPS: A Leaner Network, Better Revenue Mix, And International Recovery Support The Buy Case",seekingalpha/UPS,,,2026-09-22 17:17:49
2026-09-15,UPS,"UPS: Costs May Weigh In 2026, But Free Cash Flow Remains Strong; 6.4% Dividend Yield",seekingalpha/UPS,,,2026-09-22 17:17:49
2026-09-15,URI,"United Rentals, Inc. (URI) Presents at Morgan Stanley's 14th Annual Laguna Conference Transcript",seekingalpha/URI,,,2026-09-22 17:17:49
2026-09-15,VICI,VICI Properties: This Is Too Good To Pass Up On,seekingalpha/VICI,,,2026-09-22 17:17:49
2026-09-15,VMC,Vulcan Materials Company: Clear Path To Doubling EBITDA,seekingalpha/VMC,,,2026-09-22 17:17:49
2026-09-15,VRSK,"Verisk Analytics, Inc. (VRSK) Presents at Barclays 24th Annual Global Financial Services Conference Transcript",seekingalpha/VRSK,,,2026-09-22 17:17:49
2026-09-15,VTR,Ventas declares $0.52 dividend,seekingalpha/VTR,,,2026-09-22 17:17:49
2026-09-15,WFC,Wells Fargo & Company (WFC) Presents at Barclays 24th Annual Global Financial Services Conference Transcript,seekingalpha/WFC,,,2026-09-22 17:17:49
2026-09-15,WFC,Wells Fargo CFO expects 2026 loan growth to be better than previously guided,seekingalpha/WFC,,,2026-09-22 17:17:49
2026-09-15,XOM,ExxonMobil's unit to retire $1.19B debt via cash tender offers: Key details,seekingalpha/XOM,,,2026-09-22 17:17:49
2026-09-15,XOM,Texas regulator approves Exxon's $5B carbon capture project after lengthy battle,seekingalpha/XOM,,,2026-09-22 17:17:49
2026-09-16,A,Agilent Technologies declares $0.255 dividend,seekingalpha/A,,,2026-09-22 17:17:49
2026-09-16,ABNB,Morgan Stanley sees Booking leading the OTA race over Expedia as AI transforms travel,seekingalpha/ABNB,,,2026-09-22 17:17:49
2026-09-16,AEE,Ameren Corporation: Power Your Portfolio With This Utility That Will Support Data Centers,seekingalpha/AEE,,,2026-09-22 17:17:49
2026-09-16,AEE,Ameren: The Grid Investment Case Has Become More Affordable,seekingalpha/AEE,,,2026-09-22 17:17:49
2026-09-16,AIG,AIG's CEO for general insurance to retire,seekingalpha/AIG,,,2026-09-22 17:17:49
2026-09-16,ALL,Allstate: The Market Prices In Too Much Earnings Decline,seekingalpha/ALL,,,2026-09-22 17:17:49
2026-09-16,ANET,Ciena reveals 30% revenue CAGR target through 2029; optical names climb,seekingalpha/ANET,,,2026-09-22 17:17:49
2026-09-16,APA,"APA declares $0.25 dividend, expands buyback authorization",seekingalpha/APA,,,2026-09-22 17:17:49
2026-09-16,APD,Air Products plans to spend $250M for new gas supply infrastructure in Arizona,seekingalpha/APD,,,2026-09-22 17:17:49
2026-09-16,APP,AppLovin: Gaming Just Closed The Gap E-Commerce Was Meant To,seekingalpha/APP,,,2026-09-22 17:17:49
2026-09-16,APP,AppLovin: Sequential Growth Reacceleration And Consumer Scaling Should Drive Meaningful Upside,seekingalpha/APP,,,2026-09-22 17:17:49
2026-09-16,ARES,Ares Management Corporation (ARES) Presents at Barclays 24th Annual Global Financial Services Conference Transcript,seekingalpha/ARES,,,2026-09-22 17:17:49
2026-09-16,AXON,"Axon Enterprise: The Moat Is Getting Deeper, But The Margin Of Safety Remains Thin",seekingalpha/AXON,,,2026-09-22 17:17:49
2026-09-16,AXON,"Axon prices $1B offering of 0% convertible senior notes due 2031, adds capped calls",seekingalpha/AXON,,,2026-09-22 17:17:49
2026-09-16,AXP,American Express Company (AXP) Presents at Barclays 24th Annual Global Financial Services Conference Transcript,seekingalpha/AXP,,,2026-09-22 17:17:49
2026-09-16,AXP,"Credit card delinquencies, charge-offs tick up: August Credit Pulse",seekingalpha/AXP,,,2026-09-22 17:17:49
2026-09-16,AXP,The Do Nothing Club: Five S&P 500 stalwarts that haven't gone anywhere in a year,seekingalpha/AXP,,,2026-09-22 17:17:49
2026-09-16,BA,The Boeing Company (BA) Presents at Morgan Stanley's 14th Annual Laguna Conference Transcript,seekingalpha/BA,,,2026-09-22 17:17:49
2026-09-16,BAC,"Credit card delinquencies, charge-offs tick up: August Credit Pulse",seekingalpha/BAC,,,2026-09-22 17:17:49
2026-09-16,BAX,The Do Nothing Club: Five S&P 500 stalwarts that haven't gone anywhere in a year,seekingalpha/BAX,,,2026-09-22 17:17:49
2026-09-16,BKNG,Morgan Stanley sees Booking leading the OTA race over Expedia as AI transforms travel,seekingalpha/BKNG,,,2026-09-22 17:17:49
2026-09-16,BLK,BlackRock unveils LifePath Solutions,seekingalpha/BLK,,,2026-09-22 17:17:49
2026-09-16,BMY,Bristol-Myers Squibb Company declares $0.63 dividend,seekingalpha/BMY,,,2026-09-22 17:17:49
2026-09-16,BX,Google-backed neocloud Crux AI secures $22B in bank loans to support chip purchases: report,seekingalpha/BX,,,2026-09-22 17:17:49
2026-09-16,BXP,BXP declares $0.70 dividend,seekingalpha/BXP,,,2026-09-22 17:17:49
2026-09-16,C,"Credit card delinquencies, charge-offs tick up: August Credit Pulse",seekingalpha/C,,,2026-09-22 17:17:49
2026-09-16,CASY,Casey's General Stores: A $100+ Post-Earnings Sell-Off - Why I'm Not Buying Yet,seekingalpha/CASY,,,2026-09-22 17:17:49
2026-09-16,CBOE,"Cboe Global Markets, Inc. (CBOE) Presents at Barclays 24th Annual Global Financial Services Conference Transcript",seekingalpha/CBOE,,,2026-09-22 17:17:49
2026-09-16,CBOE,Cboe Global Markets: A 24-Hour Trading Winner,seekingalpha/CBOE,,,2026-09-22 17:17:49
2026-09-16,CHRW,UBS names 10 high-conviction industrial stocks as capital spending broadens,seekingalpha/CHRW,,,2026-09-22 17:17:49
2026-09-16,CHYM,Chime Financial dips 7% amid recent volatility,seekingalpha/CHYM,,,2026-09-22 17:17:49
2026-09-16,CHYM,Chime Financial opens new office in New York,seekingalpha/CHYM,,,2026-09-22 17:17:49
2026-09-16,CIEN,Ciena reveals 30% revenue CAGR target through 2029; optical names climb,seekingalpha/CIEN,,,2026-09-22 17:17:49
2026-09-16,CME,Looking For The Ultimate Tollbooth For 24-Hour Trading: CME Group Deep Dive,seekingalpha/CME,,,2026-09-22 17:17:49
2026-09-16,CMI,Cummins Inc. (CMI) Presents at Morgan Stanley's 14th Annual Laguna Conference Transcript,seekingalpha/CMI,,,2026-09-22 17:17:49
2026-09-16,CMI,Cummins: Data Center Demand And Truck Recovery Support A Multi-Year Growth Outlook,seekingalpha/CMI,,,2026-09-22 17:17:49
2026-09-16,CNC,Centene Corporation (CNC) Presents at Deutsche Bank 2026 Healthcare Summit Transcript,seekingalpha/CNC,,,2026-09-22 17:17:49
2026-09-16,CNC,Centene reaffirms 2026 EPS guidance,seekingalpha/CNC,,,2026-09-22 17:17:49
2026-09-16,COF,Capital One Financial Corporation (COF) Presents at Barclays 24th Annual Global Financial Services Conference Transcript,seekingalpha/COF,,,2026-09-22 17:17:49
2026-09-16,COF,"Credit card delinquencies, charge-offs tick up: August Credit Pulse",seekingalpha/COF,,,2026-09-22 17:17:49
2026-09-16,COHR,Ciena reveals 30% revenue CAGR target through 2029; optical names climb,seekingalpha/COHR,,,2026-09-22 17:17:49
2026-09-16,COHR,Coherent advances 7% amid optical sector strength,seekingalpha/COHR,,,2026-09-22 17:17:49
2026-09-16,COP,Diamondback leads broad losses in energy stocks alongside falling crude prices,seekingalpha/COP,,,2026-09-22 17:17:49
2026-09-16,COST,The Costco run can now be an Uber Eats pickup in 47 states,seekingalpha/COST,,,2026-09-22 17:17:49
2026-09-16,CPT,Camden Property Trust declares $1.06 dividend,seekingalpha/CPT,,,2026-09-22 17:17:49
2026-09-16,CRWD,Agentic AI in cybersecurity: The emerging threat landscape,seekingalpha/CRWD,,,2026-09-22 17:17:49
2026-09-16,CSCO,Cisco Stock Could Soon Wake From Its Summer Slumber,seekingalpha/CSCO,,,2026-09-22 17:17:49
2026-09-16,CTAS,The Do Nothing Club: Five S&P 500 stalwarts that haven't gone anywhere in a year,seekingalpha/CTAS,,,2026-09-22 17:17:49
2026-09-16,CTVA,"Corteva, Inc. (CTVA) Analyst/Investor Day Transcript",seekingalpha/CTVA,,,2026-09-22 17:17:49
2026-09-16,CVNA,Carvana expands same-day delivery to Minneapolis in growth push,seekingalpha/CVNA,,,2026-09-22 17:17:49
2026-09-16,CVS,Haleon takes advantage of GLP-1 side effects as US sales rise,seekingalpha/CVS,,,2026-09-22 17:17:49
2026-09-16,CVX,Vitesse Energy buys Chevron-operated D-J Basin oil and gas assets in $26M deal,seekingalpha/CVX,,,2026-09-22 17:17:49
2026-09-16,DASH,"DoorDash Is Getting Pricey Despite Strong Cash Position, And Operational Metrics",seekingalpha/DASH,,,2026-09-22 17:17:49
2026-09-16,DASH,"DoorDash: Better Margins, Further Growth, But Timeline Matters",seekingalpha/DASH,,,2026-09-22 17:17:49
2026-09-16,DELL,Dell: Extraordinary Growth Versus Rising Expectations,seekingalpha/DELL,,,2026-09-22 17:17:49
2026-09-16,DG,Dollar General CEO says even $100k earners shopping like bargain hunters,seekingalpha/DG,,,2026-09-22 17:17:49
2026-09-16,DHR,Danaher declares $0.40 dividend,seekingalpha/DHR,,,2026-09-22 17:17:49
2026-09-16,DIS,ESPN extends lead NFL announcer Joe Buck for 6 years,seekingalpha/DIS,,,2026-09-22 17:17:49
2026-09-16,DLR,"Digital Realty Trust, Inc. (DLR) Presents at BofA NY Global Real Estate Conference 2026 Transcript",seekingalpha/DLR,,,2026-09-22 17:17:49
2026-09-16,DOC,Healthpeak Properties: Buy Reaffirmed As Outpatient And Senior Portfolio Shows Proven Performance,seekingalpha/DOC,,,2026-09-22 17:17:49
2026-09-16,DOW,Dow Inc. (DOW) Presents at Morgan Stanley's 14th Annual Laguna Conference - Slideshow,seekingalpha/DOW,,,2026-09-22 17:17:49
2026-09-16,DOW,Dow Inc. (DOW) Presents at Morgan Stanley's 14th Annual Laguna Conference Transcript,seekingalpha/DOW,,,2026-09-22 17:17:49
2026-09-16,DOW,Dow targets over $500M working-capital release amid effort to strengthen balance sheet,seekingalpha/DOW,,,2026-09-22 17:17:49
2026-09-16,DVN,Solitude Pipeline Announcement Benefits Both Devon And Diamondback,seekingalpha/DVN,,,2026-09-22 17:17:49
2026-09-16,EIX,"Edison International: Buy The Panic, Collect 8%",seekingalpha/EIX,,,2026-09-22 17:17:49
2026-09-16,EOG,Diamondback leads broad losses in energy stocks alongside falling crude prices,seekingalpha/EOG,,,2026-09-22 17:17:49
2026-09-16,ESS,"Essex Property Trust, Inc. (ESS) Presents at BofA NY Global Real Estate Conference 2026 Transcript",seekingalpha/ESS,,,2026-09-22 17:17:49
2026-09-16,ETN,Eaton Corporation plc (ETN) Presents at Morgan Stanley's 14th Annual Laguna Conference Transcript,seekingalpha/ETN,,,2026-09-22 17:17:49
2026-09-16,ETN,UBS names 10 high-conviction industrial stocks as capital spending broadens,seekingalpha/ETN,,,2026-09-22 17:17:49
2026-09-16,EW,Edwards Lifesciences Corporation (EW) Presents at Deutsche Bank 2026 Healthcare Summit Transcript,seekingalpha/EW,,,2026-09-22 17:17:49
2026-09-16,EXPD,"Expeditors International of Washington, Inc. (EXPD) Discusses Mission-Critical AOGs in Aviation and Aerospace Supply Chains Transcript",seekingalpha/EXPD,,,2026-09-22 17:17:49
2026-09-16,EXPE,Morgan Stanley sees Booking leading the OTA race over Expedia as AI transforms travel,seekingalpha/EXPE,,,2026-09-22 17:17:49
2026-09-16,F,Trump administration appeals block on California vehicle emissions rules,seekingalpha/F,,,2026-09-22 17:17:49
2026-09-16,FANG,Diamondback Energy retreats 8% as crude prices pull back,seekingalpha/FANG,,,2026-09-22 17:17:49
2026-09-16,FANG,Diamondback leads broad losses in energy stocks alongside falling crude prices,seekingalpha/FANG,,,2026-09-22 17:17:49
2026-09-16,FANG,Solitude Pipeline Announcement Benefits Both Devon And Diamondback,seekingalpha/FANG,,,2026-09-22 17:17:49
2026-09-16,FCX,Freeport-McMoRan Inc. (FCX) Presents at Morgan Stanley's 14th Annual Laguna Conference Transcript,seekingalpha/FCX,,,2026-09-22 17:17:49
2026-09-16,FITB,Fifth Third Bancorp (FITB) Presents at Barclays 24th Annual Global Financial Services Conference - Slideshow,seekingalpha/FITB,,,2026-09-22 17:17:49
2026-09-16,FRT,Federal Realty Investment Trust (FRT) Presents at BofA NY Global Real Estate Conference 2026 Transcript,seekingalpha/FRT,,,2026-09-22 17:17:49
2026-09-16,FSLR,"First Solar drops Section 337 complaint on TOPCon IP, continues U.S. District Court lawsuits",seekingalpha/FSLR,,,2026-09-22 17:17:49
2026-09-16,GEV,GE Vernova Inc. (GEV) Presents at Morgan Stanley's 14th Annual Laguna Conference Transcript,seekingalpha/GEV,,,2026-09-22 17:17:49
2026-09-16,GEV,GE Vernova bounces as CEO sees backlog reaching $200B early next year,seekingalpha/GEV,,,2026-09-22 17:17:49
2026-09-16,GILD,Gilead expands voluntary licensing agreements for once-yearly Yeztugo,seekingalpha/GILD,,,2026-09-22 17:17:49
2026-09-16,GLW,Ciena reveals 30% revenue CAGR target through 2029; optical names climb,seekingalpha/GLW,,,2026-09-22 17:17:49
2026-09-16,GPC,Genuine Parts: The Bull Case Ahead Of Corporate Split,seekingalpha/GPC,,,2026-09-22 17:17:49
2026-09-16,HBAN,Huntington Bancshares Incorporated (HBAN) Presents at Barclays 24th Annual Global Financial Services Conference - Slideshow,seekingalpha/HBAN,,,2026-09-22 17:17:49
2026-09-16,HBAN,Huntington Bancshares Incorporated (HBAN) Presents at Barclays 24th Annual Global Financial Services Conference Transcript,seekingalpha/HBAN,,,2026-09-22 17:17:49
2026-09-16,HBAN,"Huntington cuts FY26 revenue growth outlook, raises share buyback target",seekingalpha/HBAN,,,2026-09-22 17:17:49
2026-09-16,HCA,"HCA Healthcare, Inc. (HCA) Presents at 2026 Jefferies Healthcare Services and Technology Conference Transcript",seekingalpha/HCA,,,2026-09-22 17:17:49
2026-09-16,HPE,"Hewlett Packard Enterprise: Buy The AI Infrastructure Breakout, But Respect The Rally",seekingalpha/HPE,,,2026-09-22 17:17:49
2026-09-16,HSIC,"Henry Schein: Growth Is Improving, But The Valuation Stays Cheap",seekingalpha/HSIC,,,2026-09-22 17:17:49
2026-09-16,HST,Host Hotels & Resorts declares $0.20 dividend,seekingalpha/HST,,,2026-09-22 17:17:49
2026-09-16,IBM,IBM’s Anderon finalizes $1B chips award with US Commerce Department,seekingalpha/IBM,,,2026-09-22 17:17:49
2026-09-16,IDXX,IDEXX Laboratories buys CoVetAI,seekingalpha/IDXX,,,2026-09-22 17:17:49
2026-09-16,INCY,Incyte Corporation (INCY) Presents at Morgan Stanley 24th Annual Global Healthcare Conference Transcript,seekingalpha/INCY,,,2026-09-22 17:17:49
2026-09-16,JBHT,J.B. Hunt Transport Services slides 13% on cost warning,seekingalpha/JBHT,,,2026-09-22 17:17:49
2026-09-16,JBHT,"J.B. Hunt sounds the alarm on costs, sending trucking stocks lower",seekingalpha/JBHT,,,2026-09-22 17:17:49
2026-09-16,JKHY,"Jack Henry & Associates, Inc. (JKHY) Analyst/Investor Day - Slideshow",seekingalpha/JKHY,,,2026-09-22 17:17:49
2026-09-16,KDP,Keurig Dr Pepper declares $0.23 dividend,seekingalpha/KDP,,,2026-09-22 17:17:49
2026-09-16,KKR,Flora Food Group owner KKR preparing €7B sales process - Sky News,seekingalpha/KKR,,,2026-09-22 17:17:49
2026-09-16,KMI,Kinder Morgan: Riding The Natural Gas Boom,seekingalpha/KMI,,,2026-09-22 17:17:49
2026-09-16,KO,Coca-Cola plans to invest $10B in U.S. infrastructure to meet rising demand,seekingalpha/KO,,,2026-09-22 17:17:49
2026-09-16,LITE,Ciena reveals 30% revenue CAGR target through 2029; optical names climb,seekingalpha/LITE,,,2026-09-22 17:17:49
2026-09-16,LITE,Lumentum Holdings rises 10% amid optical networking rally,seekingalpha/LITE,,,2026-09-22 17:17:49
2026-09-16,LITE,"Lumentum: AI Capex Party Continues - Compelling, Multi-Year Optical Tailwinds",seekingalpha/LITE,,,2026-09-22 17:17:49
2026-09-16,LUV,Southwest Airlines Co. (LUV) Presents at Morgan Stanley's 14th Annual Laguna Conference Transcript,seekingalpha/LUV,,,2026-09-22 17:17:49
2026-09-16,LUV,Southwest Airlines expects to meet Q3 profit goal despite higher fuel costs,seekingalpha/LUV,,,2026-09-22 17:17:49
2026-09-16,LVS,One of Macau's most famous casino properties turned ten,seekingalpha/LVS,,,2026-09-22 17:17:49
2026-09-16,MAA,"Mid-America Apartment Communities, Inc. (MAA) Presents at BofA NY Global Real Estate Conference 2026 Transcript",seekingalpha/MAA,,,2026-09-22 17:17:49
2026-09-16,MDLZ,Mondelez plans a major update to the iconic Oreo brand,seekingalpha/MDLZ,,,2026-09-22 17:17:49
2026-09-16,MKC,UK regulator probes Unilever food business’ $65B McCormick merger,seekingalpha/MKC,,,2026-09-22 17:17:49
2026-09-16,MNST,Monster Beverage: Fairly Valued While A Consumer Storm Keeps Brewing,seekingalpha/MNST,,,2026-09-22 17:17:49
2026-09-16,MRSH,Marsh & McLennan declares $0.99 dividend,seekingalpha/MRSH,,,2026-09-22 17:17:49
2026-09-16,MS,Morgan Stanley Investment Management's first growth equity fund raises $1.3B,seekingalpha/MS,,,2026-09-22 17:17:49
2026-09-16,MSI,"Motorola Solutions, Inc. (MSI) Presents at Piper Sandler 5th Annual Growth Frontiers Conference Transcript",seekingalpha/MSI,,,2026-09-22 17:17:49
2026-09-16,MTB,M&T Bank Corporation (MTB) Presents at Barclays 24th Annual Global Financial Services Conference Transcript,seekingalpha/MTB,,,2026-09-22 17:17:49
2026-09-16,NEE,NextEra Energy: A Premium Worth Paying For,seekingalpha/NEE,,,2026-09-22 17:17:49
2026-09-16,NKE,Nike appoints Alexandre Arnault to board,seekingalpha/NKE,,,2026-09-22 17:17:49
2026-09-16,NKE,Nike reunites with the University of Miami with $200M deal - report,seekingalpha/NKE,,,2026-09-22 17:17:49
2026-09-16,NSC,Norfolk Southern Corporation (NSC) Presents at Morgan Stanley's 14th Annual Laguna Conference Transcript,seekingalpha/NSC,,,2026-09-22 17:17:49
2026-09-16,ON,ON Semiconductor Corporation (ON) Analyst/Investor Day Transcript,seekingalpha/ON,,,2026-09-22 17:17:49
2026-09-16,ORCL,"Oracle: Strong Q1, Bad Timing (Rating Downgrade)",seekingalpha/ORCL,,,2026-09-22 17:17:49
2026-09-16,OXY,Diamondback leads broad losses in energy stocks alongside falling crude prices,seekingalpha/OXY,,,2026-09-22 17:17:49
2026-09-16,PANW,Agentic AI in cybersecurity: The emerging threat landscape,seekingalpha/PANW,,,2026-09-22 17:17:49
2026-09-16,PKG,UBS names 10 high-conviction industrial stocks as capital spending broadens,seekingalpha/PKG,,,2026-09-22 17:17:49
2026-09-16,PLTR,Palantir: Why U.S. Commercial Growth Justifies The Challenging Valuation,seekingalpha/PLTR,,,2026-09-22 17:17:49
2026-09-16,PRU,"Prudential Financial, Inc. (PRU) Presents at Barclays 24th Annual Global Financial Services Conference Transcript",seekingalpha/PRU,,,2026-09-22 17:17:49
2026-09-16,RDDT,EU to propose social media restrictions for kids under 13,seekingalpha/RDDT,,,2026-09-22 17:17:49
2026-09-16,ROK,"Rockwell Automation, Inc. (ROK) Presents at Morgan Stanley's 14th Annual Laguna Conference Transcript",seekingalpha/ROK,,,2026-09-22 17:17:49
2026-09-16,RSG,Republic Services: Not Even This Defensive Compounder Is Immune,seekingalpha/RSG,,,2026-09-22 17:17:49
2026-09-16,RSG,The Do Nothing Club: Five S&P 500 stalwarts that haven't gone anywhere in a year,seekingalpha/RSG,,,2026-09-22 17:17:49
2026-09-16,RTX,RTX says missile air defense is combat-ready for Australian Army,seekingalpha/RTX,,,2026-09-22 17:17:49
2026-09-16,RTX,U.S. said to burn through interceptor supplies to thwart Iran attacks,seekingalpha/RTX,,,2026-09-22 17:17:49
2026-09-16,SBUX,Starbucks considers majority stake sale in Japan business - report,seekingalpha/SBUX,,,2026-09-22 17:17:49
2026-09-16,SPG,"Simon Property Group, Inc. (SPG) Presents at BofA NY Global Real Estate Conference 2026 Transcript",seekingalpha/SPG,,,2026-09-22 17:17:49
2026-09-16,SYF,"Credit card delinquencies, charge-offs tick up: August Credit Pulse",seekingalpha/SYF,,,2026-09-22 17:17:49
2026-09-16,TEL,TE Connectivity declares $0.78 dividend,seekingalpha/TEL,,,2026-09-22 17:17:49
2026-09-16,TJX,TJX declares $0.48 dividend,seekingalpha/TJX,,,2026-09-22 17:17:49
2026-09-16,UAL,UBS names 10 high-conviction industrial stocks as capital spending broadens,seekingalpha/UAL,,,2026-09-22 17:17:49
2026-09-16,UAL,"United Airlines Holdings, Inc. (UAL) Presents at Morgan Stanley's 14th Annual Laguna Conference Transcript",seekingalpha/UAL,,,2026-09-22 17:17:49
2026-09-16,UAL,United Airlines Is Delivering Despite Higher Fuel Costs,seekingalpha/UAL,,,2026-09-22 17:17:49
2026-09-16,UBER,The Costco run can now be an Uber Eats pickup in 47 states,seekingalpha/UBER,,,2026-09-22 17:17:49
2026-09-16,UDR,"UDR, Inc. (UDR) Presents at BofA NY Global Real Estate Conference 2026 Transcript",seekingalpha/UDR,,,2026-09-22 17:17:49
2026-09-16,UNP,Union Pacific Corporation (UNP) Presents at Morgan Stanley's 14th Annual Laguna Conference - Slideshow,seekingalpha/UNP,,,2026-09-22 17:17:49
2026-09-16,UNP,Union Pacific Corporation (UNP) Presents at Morgan Stanley's 14th Annual Laguna Conference Transcript,seekingalpha/UNP,,,2026-09-22 17:17:49
2026-09-16,UNP,"Union Pacific lands a bull rating from UBS on strong volume growth, merger optionality",seekingalpha/UNP,,,2026-09-22 17:17:49
2026-09-16,URI,UBS names 10 high-conviction industrial stocks as capital spending broadens,seekingalpha/URI,,,2026-09-22 17:17:49
2026-09-16,USB,U.S. Bancorp (USB) Presents at Barclays 24th Annual Global Financial Services Conference Transcript,seekingalpha/USB,,,2026-09-22 17:17:49
2026-09-16,VMC,Vulcan Materials: Sell-Off Creates Renewed Opportunity,seekingalpha/VMC,,,2026-09-22 17:17:49
2026-09-16,VMRK,Vivmark Residential (VMRK) Presents at BofA NY Global Real Estate Conference 2026 - Slideshow,seekingalpha/VMRK,,,2026-09-22 17:17:49
2026-09-16,VMRK,"Vivmark sees FY 2026 residential revenue growth driven by Northern California, metro New York",seekingalpha/VMRK,,,2026-09-22 17:17:49
2026-09-16,VTI,"Warsh Warned About Too Much Liquidity In 2007, The Warning Is Back",seekingalpha/VTI,,,2026-09-22 17:17:49
2026-09-16,WM,Waste Management: A Perfect Example Of A Great Dividend Business,seekingalpha/WM,,,2026-09-22 17:17:49
2026-09-16,WMT,Walmart Inc. (WMT) Presents at Piper Sandler 5th Annual Growth Frontiers Conference Transcript,seekingalpha/WMT,,,2026-09-22 17:17:49
2026-09-16,XOM,Exxon nearing deal to invest in Venezuela oil fields - WSJ,seekingalpha/XOM,,,2026-09-22 17:17:49
2026-09-16,XOM,ExxonMobil: Lower Production From Guyana Looming?,seekingalpha/XOM,,,2026-09-22 17:17:49
2026-09-17,AAPL,"Apple's Quality Is Tempting, But I'm Put Off By The Valuation",seekingalpha/AAPL,,,2026-09-22 16:55:06
2026-09-17,ABNB,10 large-cap consumer discretionary stocks with strong momentum,seekingalpha/ABNB,,,2026-09-22 17:17:49
2026-09-17,ABT,Abbott Laboratories declares $0.63 dividend,seekingalpha/ABT,,,2026-09-22 17:17:49
2026-09-17,ADM,"Target, Darling Ingredients top large-cap consumer staples momentum list",seekingalpha/ADM,,,2026-09-22 17:17:49
2026-09-17,AIZ,Chime Financial tops large-cap financial stocks' momentum grade rating with A+,seekingalpha/AIZ,,,2026-09-22 17:17:49
2026-09-17,ALL,Allstate posts $748M in August catastrophe losses,seekingalpha/ALL,,,2026-09-22 17:17:49
2026-09-17,ALL,Chime Financial tops large-cap financial stocks' momentum grade rating with A+,seekingalpha/ALL,,,2026-09-22 17:17:49
2026-09-17,AMAT,Applied Materials to invest $5B in India over the next decade,seekingalpha/AMAT,,,2026-09-22 17:17:49
2026-09-17,APO,Apollo considers boosting SoftBank loan to $9B for OpenAI investment - report,seekingalpha/APO,,,2026-09-22 17:17:49
2026-09-17,APO,Apollo provides $1.25B capital for BMG and Concord merger,seekingalpha/APO,,,2026-09-22 17:17:49
2026-09-17,APO,Apollo to sell about 30% Miller Homes stake to Daiwa House,seekingalpha/APO,,,2026-09-22 17:17:49
2026-09-17,APP,"AppLovin Corporation: Great Business, But External Headwinds Keep Me On The Sidelines",seekingalpha/APP,,,2026-09-22 17:17:49
2026-09-17,ARES,Ares and Canada's PSP Investments form $2.4B logistics real estate JV,seekingalpha/ARES,,,2026-09-22 17:17:49
2026-09-17,BA,Boeing wins $112.4M Saudi F-15 training upgrade contract,seekingalpha/BA,,,2026-09-22 17:17:49
2026-09-17,BA,Lufthansa adds 20 Boeing 737 Max 10s to replace older Airbus jets,seekingalpha/BA,,,2026-09-22 17:17:49
2026-09-17,BAC,"U.S. banks hike prime rates, but long rates may go their own way",seekingalpha/BAC,,,2026-09-22 17:17:49
2026-09-17,BBY,10 large-cap consumer discretionary stocks with strong momentum,seekingalpha/BBY,,,2026-09-22 17:17:49
2026-09-17,BG,"Target, Darling Ingredients top large-cap consumer staples momentum list",seekingalpha/BG,,,2026-09-22 17:17:49
2026-09-17,BIIB,"Biogen: Growth Is Back, But It Came At A Price",seekingalpha/BIIB,,,2026-09-22 17:17:49
2026-09-17,BNY,Chime Financial tops large-cap financial stocks' momentum grade rating with A+,seekingalpha/BNY,,,2026-09-22 17:17:49
2026-09-17,BSX,"Boston Scientific downgraded at Citi on increasing competition, cyberattack fallout",seekingalpha/BSX,,,2026-09-22 17:17:49
2026-09-17,BX,Blackstone Now Offers Yield Plus Growth That Is Too Big To Ignore,seekingalpha/BX,,,2026-09-22 17:17:49
2026-09-17,BX,Blackstone looks to facilitate secondary share sale for real estate fund - report,seekingalpha/BX,,,2026-09-22 17:17:49
2026-09-17,BX,Blackstone: Another Great Opportunity For You,seekingalpha/BX,,,2026-09-22 17:17:49
2026-09-17,BX,Blackstone: You Have To Worry About The Yield Curve,seekingalpha/BX,,,2026-09-22 17:17:49
2026-09-17,C,"U.S. banks hike prime rates, but long rates may go their own way",seekingalpha/C,,,2026-09-22 17:17:49
2026-09-17,CF,These large-cap U.S. stocks have the strongest momentum grades,seekingalpha/CF,,,2026-09-22 17:17:49
2026-09-17,CHYM,Chime Financial tops large-cap financial stocks' momentum grade rating with A+,seekingalpha/CHYM,,,2026-09-22 17:17:49
2026-09-17,CHYM,These large-cap U.S. stocks have the strongest momentum grades,seekingalpha/CHYM,,,2026-09-22 17:17:49
2026-09-17,CIEN,"Ciena Corporation (CIEN) Discusses Financial Objectives, Margin Improvement and Demand Acceleration in Optical Systems - Slideshow",seekingalpha/CIEN,,,2026-09-22 17:17:49
2026-09-17,CIEN,"Ciena Corporation (CIEN) Discusses Financial Objectives, Margin Improvement and Demand Acceleration in Optical Systems Prepared Remarks Transcript",seekingalpha/CIEN,,,2026-09-22 17:17:49
2026-09-17,CL,Colgate-Palmolive declares $0.53 dividend,seekingalpha/CL,,,2026-09-22 17:17:49
2026-09-17,CNC,10 large and mega-cap U.S. healthcare stocks with the strongest momentum grades,seekingalpha/CNC,,,2026-09-22 17:17:49
2026-09-17,COHR,Coherent expands pluggable optical line system for AI networks,seekingalpha/COHR,,,2026-09-22 17:17:49
2026-09-17,COO,"Cooper needs urgent overhaul and new CEO, activist Jana Partners says",seekingalpha/COO,,,2026-09-22 17:17:49
2026-09-17,COST,DoorDash and Uber Eats partner with Costco to launch nationwide U.S. delivery,seekingalpha/COST,,,2026-09-22 17:17:49
2026-09-17,CPAY,Chime Financial tops large-cap financial stocks' momentum grade rating with A+,seekingalpha/CPAY,,,2026-09-22 17:17:49
2026-09-17,CPAY,"Corpay, CEO to pay $100M to settle FTC action over unauthorized fees",seekingalpha/CPAY,,,2026-09-22 17:17:49
2026-09-17,CRL,10 large and mega-cap U.S. healthcare stocks with the strongest momentum grades,seekingalpha/CRL,,,2026-09-22 17:17:49
2026-09-17,CRM,"Salesforce Is Going Headless, And The Market Has Not Noticed",seekingalpha/CRM,,,2026-09-22 17:17:49
2026-09-17,CRM,Salesforce Stock Looks Enticing After Dreamforce 2026,seekingalpha/CRM,,,2026-09-22 17:17:49
2026-09-17,CRM,Salesforce expects $63B in revenue by 2030 as AI drives growth,seekingalpha/CRM,,,2026-09-22 17:17:49
2026-09-17,CRM,"Salesforce, Inc. (CRM) Analyst/Investor Day - Slideshow",seekingalpha/CRM,,,2026-09-22 17:17:49
2026-09-17,CRM,"Salesforce, Inc. (CRM) Analyst/Investor Day Transcript",seekingalpha/CRM,,,2026-09-22 17:17:49
2026-09-17,CRM,"Snap partners with Nvidia, AWS, Salesforce to expand AR glasses into enterprise market",seekingalpha/CRM,,,2026-09-22 17:17:49
2026-09-17,CRWD,These large-cap U.S. stocks have the strongest momentum grades,seekingalpha/CRWD,,,2026-09-22 17:17:49
2026-09-17,CRWD,White House considers research program to develop cybersecurity solutions: report,seekingalpha/CRWD,,,2026-09-22 17:17:49
2026-09-17,CSCO,Cisco Systems: The Flight To Quality In Tech Will Run Through Cybersecurity (Upgrade),seekingalpha/CSCO,,,2026-09-22 17:17:49
2026-09-17,CVS,CVS Health to streamline oncology prior authorizations,seekingalpha/CVS,,,2026-09-22 17:17:49
2026-09-17,CVS,CVS Health’s Omnicare unit gets court approval for bankruptcy plan,seekingalpha/CVS,,,2026-09-22 17:17:49
2026-09-17,DASH,"DoorDash and NHL announce multiyear partnership across Canada, US",seekingalpha/DASH,,,2026-09-22 17:17:49
2026-09-17,DASH,DoorDash and Uber Eats partner with Costco to launch nationwide U.S. delivery,seekingalpha/DASH,,,2026-09-22 17:17:49
2026-09-17,DELL,These large-cap U.S. stocks have the strongest momentum grades,seekingalpha/DELL,,,2026-09-22 17:17:49
2026-09-17,DIS,"Disney signs development deal with YouTube phenom ""Like Nastya""",seekingalpha/DIS,,,2026-09-22 17:17:49
2026-09-17,ECHO,United Airlines partners with Dish to offer live college/professional football games,seekingalpha/ECHO,,,2026-09-22 17:17:49
2026-09-17,EIX,Edison International: A Rising High Yield Dividend At A Deep Discount,seekingalpha/EIX,,,2026-09-22 17:17:49
2026-09-17,ELV,Baron Health Care Fund adds SDMHF; exits SYK,seekingalpha/ELV,,,2026-09-22 17:17:49
2026-09-17,EME,"EMCOR Group, Inc. (EME) Presents at Morgan Stanley's 14th Annual Laguna Conference Transcript",seekingalpha/EME,,,2026-09-22 17:17:49
2026-09-17,EXPE,10 large-cap consumer discretionary stocks with strong momentum,seekingalpha/EXPE,,,2026-09-22 17:17:49
2026-09-17,F,Ford Motor Company (F) Presents at Morgan Stanley's 14th Annual Laguna Conference Transcript,seekingalpha/F,,,2026-09-22 17:17:49
2026-09-17,FITB,Fifth Third Bancorp raises quarterly dividend by 5% to  $0.42/share,seekingalpha/FITB,,,2026-09-22 17:17:49
2026-09-17,FTNT,These large-cap U.S. stocks have the strongest momentum grades,seekingalpha/FTNT,,,2026-09-22 17:17:49
2026-09-17,GE,GE Aerospace says GE9X mid-seal problem will not delay Boeing 777X entry into service,seekingalpha/GE,,,2026-09-22 17:17:49
2026-09-17,GE,General Electric Company (GE) Presents at Morgan Stanley's 14th Annual Laguna Conference Transcript,seekingalpha/GE,,,2026-09-22 17:17:49
2026-09-17,GEV,"GE Vernova, Vineyard Wind reach settlement over Massachusetts wind farm",seekingalpha/GEV,,,2026-09-22 17:17:49
2026-09-17,GM,"GM enters missile business, delivering first Patriot missile parts to Lockheed Martin",seekingalpha/GM,,,2026-09-22 17:17:49
2026-09-17,HAL,Halliburton To Benefit Long Term As Harder-To-Produce Oil Resources Are Tapped,seekingalpha/HAL,,,2026-09-22 17:17:49
2026-09-17,HONA,Honeywell Aerospace: Strong Buy As Headwinds Should Be Temporary,seekingalpha/HONA,,,2026-09-22 17:17:49
2026-09-17,HOOD,SEC announces conditional exemptive relief in tokenized securities trading after Clarity Act stalls,seekingalpha/HOOD,,,2026-09-22 17:17:49
2026-09-17,HPE,Hewlett Packard Enterprise adds 8% amid sector-wide advance,seekingalpha/HPE,,,2026-09-22 17:17:49
2026-09-17,HPE,These large-cap U.S. stocks have the strongest momentum grades,seekingalpha/HPE,,,2026-09-22 17:17:49
2026-09-17,HSY,Hershey wins court fight over Reese’s Halloween pumpkin packaging,seekingalpha/HSY,,,2026-09-22 17:17:49
2026-09-17,HUBB,Hubbell Incorporated (HUBB) Presents at Morgan Stanley's 14th Annual Laguna Conference Transcript,seekingalpha/HUBB,,,2026-09-22 17:17:49
2026-09-17,HUM,10 large and mega-cap U.S. healthcare stocks with the strongest momentum grades,seekingalpha/HUM,,,2026-09-22 17:17:49
2026-09-17,IEX,IDEX declares $0.73 dividend,seekingalpha/IEX,,,2026-09-22 17:17:49
2026-09-17,INTC,"Intel advances 8%, adding to prior day's gains",seekingalpha/INTC,,,2026-09-22 17:17:49
2026-09-17,INTC,Intel: Too Expensive Despite The Fast Growth,seekingalpha/INTC,,,2026-09-22 17:17:49
2026-09-17,INTC,SK hynix Could Be The Catalyst Intel Foundry Needs (Rating Upgrade),seekingalpha/INTC,,,2026-09-22 17:17:49
2026-09-17,INTU,Intuit Inc. (INTU) Analyst/Investor Day - Slideshow,seekingalpha/INTU,,,2026-09-22 17:17:49
2026-09-17,INTU,Intuit reaffirms fiscal 2027 guidance,seekingalpha/INTU,,,2026-09-22 17:17:49
2026-09-17,IR,Ingersoll Rand Inc. (IR) Presents at Morgan Stanley's 14th Annual Laguna Conference Transcript,seekingalpha/IR,,,2026-09-22 17:17:49
2026-09-17,JBHT,J.B. Hunt: Higher Costs Cloud An Improving Freight Outlook,seekingalpha/JBHT,,,2026-09-22 17:17:49
2026-09-17,JKHY,"Jack Henry & Associates, Inc. (JKHY) Analyst/Investor Day Transcript",seekingalpha/JKHY,,,2026-09-22 17:17:49
2026-09-17,JNJ,Johnson & Johnson (JNJ) Presents at Deutsche Bank 2026 Healthcare Summit Transcript,seekingalpha/JNJ,,,2026-09-22 17:17:49
2026-09-17,KDP,"Target, Darling Ingredients top large-cap consumer staples momentum list",seekingalpha/KDP,,,2026-09-22 17:17:49
2026-09-17,KHC,"Kraft-Heinz's investments in new products, affordable prices paying off—RBC Capital",seekingalpha/KHC,,,2026-09-22 17:17:49
2026-09-17,KIM,Kimco Realty: Record Occupancy Meets A Deteriorating Macro Landscape,seekingalpha/KIM,,,2026-09-22 17:17:49
2026-09-17,KO,"Target, Darling Ingredients top large-cap consumer staples momentum list",seekingalpha/KO,,,2026-09-22 17:17:49
2026-09-17,KR,Kroger declares $0.39 dividend,seekingalpha/KR,,,2026-09-22 17:17:49
2026-09-17,KR,Kroger says cyclosporiasis outbreak cost over $100M in lost sales,seekingalpha/KR,,,2026-09-22 17:17:49
2026-09-17,KR,"Wall Street Breakfast With Steven Cress (Generac, Amazon, Powell, Kroger)",seekingalpha/KR,,,2026-09-22 17:17:49
2026-09-17,LEN,Lennar Corporation (LEN) Q3 2026 Earnings Call Transcript,seekingalpha/LEN,,,2026-09-22 17:17:49
2026-09-17,LEN,Lennar: Everything Shouts 'Not Yet' (Earnings Review),seekingalpha/LEN,,,2026-09-22 17:17:49
2026-09-17,LHX,"L3Harris Technologies, Inc. (LHX) Presents at Morgan Stanley's 14th Annual Laguna Conference Transcript",seekingalpha/LHX,,,2026-09-22 17:17:49
2026-09-17,LITE,These large-cap U.S. stocks have the strongest momentum grades,seekingalpha/LITE,,,2026-09-22 17:17:49
2026-09-17,LMT,Lockheed Martin Corporation (LMT) Presents at Morgan Stanley's 14th Annual Laguna Conference Transcript,seekingalpha/LMT,,,2026-09-22 17:17:49
2026-09-17,LMT,Lockheed Martin's Sikorsky wins $234.5M army contract for 16 Black Hawks,seekingalpha/LMT,,,2026-09-22 17:17:49
2026-09-17,LULU,"Nike, Lululemon drop patent case tied to Mirror home gym",seekingalpha/LULU,,,2026-09-22 17:17:49
2026-09-17,LVS,Las Vegas Sands: Upgrade To Buy Given Positive Seasonal Factors Ahead,seekingalpha/LVS,,,2026-09-22 17:17:49
2026-09-17,MA,Mastercard links up with Alchemy to offer agentic shopping option,seekingalpha/MA,,,2026-09-22 17:17:49
2026-09-17,MKC,McCormick: Buy This Dividend Aristocrat Near Its 52-Week Low,seekingalpha/MKC,,,2026-09-22 17:17:49
2026-09-17,MNST,"Target, Darling Ingredients top large-cap consumer staples momentum list",seekingalpha/MNST,,,2026-09-22 17:17:49
2026-09-17,MPC,These large-cap U.S. stocks have the strongest momentum grades,seekingalpha/MPC,,,2026-09-22 17:17:49
2026-09-17,MRNA,10 large and mega-cap U.S. healthcare stocks with the strongest momentum grades,seekingalpha/MRNA,,,2026-09-22 17:17:49
2026-09-17,MRNA,Moderna continues volatile trading with 9% gain,seekingalpha/MRNA,,,2026-09-22 17:17:49
2026-09-17,MRVL,These large-cap U.S. stocks have the strongest momentum grades,seekingalpha/MRVL,,,2026-09-22 17:17:49
2026-09-17,NCLH,Norwegian Cruise Line: More Pain Through 2027 - Swing Trade Potential Emerges,seekingalpha/NCLH,,,2026-09-22 17:17:49
2026-09-17,NEE,NextEra Energy: Why I See Limited Upside Despite Its Key Role In Energy Infrastructure,seekingalpha/NEE,,,2026-09-22 17:17:49
2026-09-17,NKE,"Nike, Lululemon drop patent case tied to Mirror home gym",seekingalpha/NKE,,,2026-09-22 17:17:49
2026-09-17,NOC,Northrop Grumman Corporation (NOC) Presents at Morgan Stanley's 14th Annual Laguna Conference Transcript,seekingalpha/NOC,,,2026-09-22 17:17:49
2026-09-17,NUE,"Nucor, Steel Dynamics slide after-hours on below-consensus Q3 earnings guidance",seekingalpha/NUE,,,2026-09-22 17:17:49
2026-09-17,NUE,These large-cap U.S. stocks have the strongest momentum grades,seekingalpha/NUE,,,2026-09-22 17:17:49
2026-09-17,NVR,NVR: Headwinds Are Growing From Rising Interest Rates And Affordability Pressures,seekingalpha/NVR,,,2026-09-22 17:17:49
2026-09-17,O,Realty Income: Higher-For-Longer Rates Have Broken The Playbook (Downgrade),seekingalpha/O,,,2026-09-22 17:17:49
2026-09-17,ON,ON Semiconductor Corporation (ON) Analyst/Investor Day - Slideshow,seekingalpha/ON,,,2026-09-22 17:17:49
2026-09-17,ON,onsemi's 2030 outlook falls short; Stifel lowers target,seekingalpha/ON,,,2026-09-22 17:17:49
2026-09-17,ORCL,"Oracle Valuation: Investment Supercycle, Forward Consensus, And Renewed Volatility Point To Compelling Upside Potential",seekingalpha/ORCL,,,2026-09-22 17:17:49
2026-09-17,ORCL,Oracle: Dismiss The Overblown Credit Fears,seekingalpha/ORCL,,,2026-09-22 17:17:49
2026-09-17,ORCL,"Oracle: The Cloud Is Delivering, But The Cash Still Has To Follow",seekingalpha/ORCL,,,2026-09-22 17:17:49
2026-09-17,OTIS,Otis Worldwide Corporation (OTIS) Presents at Morgan Stanley's 14th Annual Laguna Conference Transcript,seekingalpha/OTIS,,,2026-09-22 17:17:49
2026-09-17,OTIS,Otis: The Catalysts I Used To Double Down After A 22% Fall,seekingalpha/OTIS,,,2026-09-22 17:17:49
2026-09-17,PANW,These large-cap U.S. stocks have the strongest momentum grades,seekingalpha/PANW,,,2026-09-22 17:17:49
2026-09-17,PANW,White House considers research program to develop cybersecurity solutions: report,seekingalpha/PANW,,,2026-09-22 17:17:49
2026-09-17,PAYX,"Paychex: Moderate Growth, Better Price, Still A Buy",seekingalpha/PAYX,,,2026-09-22 17:17:49
2026-09-17,PCAR,PACCAR declares $0.35 dividend,seekingalpha/PCAR,,,2026-09-22 17:17:49
2026-09-17,PFG,Chime Financial tops large-cap financial stocks' momentum grade rating with A+,seekingalpha/PFG,,,2026-09-22 17:17:49
2026-09-17,PLTR,Palantir Stock Is Flat - But Recent News Suggests Not For Long,seekingalpha/PLTR,,,2026-09-22 17:17:49
2026-09-17,PLTR,Palantir's Real Moat Just Got Stronger,seekingalpha/PLTR,,,2026-09-22 17:17:49
2026-09-17,PLTR,Palantir Stock: The AI Token Boom Is Hiding A Bigger Opportunity,seekingalpha/PLTR,,,2026-09-22 17:17:49
2026-09-17,PM,"Target, Darling Ingredients top large-cap consumer staples momentum list",seekingalpha/PM,,,2026-09-22 17:17:49
2026-09-17,PSX,These large-cap U.S. stocks have the strongest momentum grades,seekingalpha/PSX,,,2026-09-22 17:17:49
2026-09-17,QCOM,Qualcomm's AI Pivot Has A Problem,seekingalpha/QCOM,,,2026-09-22 17:17:49
2026-09-17,SBAC,SBA Communications: The Turnaround Setup Is Getting More Interesting,seekingalpha/SBAC,,,2026-09-22 17:17:49
2026-09-17,SBUX,Restaurant stocks: Where the selloff creates value vs. valuation traps,seekingalpha/SBUX,,,2026-09-22 17:17:49
2026-09-17,SJM,"Target, Darling Ingredients top large-cap consumer staples momentum list",seekingalpha/SJM,,,2026-09-22 17:17:49
2026-09-17,SMCI,Super Micro Computer climbs 9% amid tech-sector rally,seekingalpha/SMCI,,,2026-09-22 17:17:49
2026-09-17,SPGI,S&P Global to acquire OpenZeppelin to expand on-chain security and risk assessment capabilities,seekingalpha/SPGI,,,2026-09-22 17:17:49
2026-09-17,STLD,"Nucor, Steel Dynamics slide after-hours on below-consensus Q3 earnings guidance",seekingalpha/STLD,,,2026-09-22 17:17:49
2026-09-17,STT,Chime Financial tops large-cap financial stocks' momentum grade rating with A+,seekingalpha/STT,,,2026-09-22 17:17:49
2026-09-17,STT,These large-cap U.S. stocks have the strongest momentum grades,seekingalpha/STT,,,2026-09-22 17:17:49
2026-09-17,SWK,"Stanley Black & Decker, Inc. (SWK) Presents at Morgan Stanley's 14th Annual Laguna Conference Transcript",seekingalpha/SWK,,,2026-09-22 17:17:49
2026-09-17,SYK,Baron Health Care Fund adds SDMHF; exits SYK,seekingalpha/SYK,,,2026-09-22 17:17:49
2026-09-17,TGT,"Target, Darling Ingredients top large-cap consumer staples momentum list",seekingalpha/TGT,,,2026-09-22 17:17:49
2026-09-17,TGT,These large-cap U.S. stocks have the strongest momentum grades,seekingalpha/TGT,,,2026-09-22 17:17:49
2026-09-17,TRMB,Trimble: A Much More Constructive Setup Here,seekingalpha/TRMB,,,2026-09-22 17:17:49
2026-09-17,TRV,Chime Financial tops large-cap financial stocks' momentum grade rating with A+,seekingalpha/TRV,,,2026-09-22 17:17:49
2026-09-17,TXN,Texas Instruments raises quarterly dividend by 7% to  $1.52/share,seekingalpha/TXN,,,2026-09-22 17:17:49
2026-09-17,UAL,United Airlines partners with Dish to offer live college/professional football games,seekingalpha/UAL,,,2026-09-22 17:17:49
2026-09-17,UBER,DoorDash and Uber Eats partner with Costco to launch nationwide U.S. delivery,seekingalpha/UBER,,,2026-09-22 17:17:49
2026-09-17,UBER,Why I Think Uber Is Too Cheap,seekingalpha/UBER,,,2026-09-22 17:17:49
2026-09-17,UNH,Baron Health Care Fund adds SDMHF; exits SYK,seekingalpha/UNH,,,2026-09-22 17:17:49
2026-09-17,V,Why Visa Will Continue To Do Well,seekingalpha/V,,,2026-09-22 17:17:49
2026-09-17,VLO,These large-cap U.S. stocks have the strongest momentum grades,seekingalpha/VLO,,,2026-09-22 17:17:49
2026-09-17,VMRK,Vivmark boosts size of US$ commercial paper program by $1B to $2.5B,seekingalpha/VMRK,,,2026-09-22 17:17:49
2026-09-17,VST,Vistra: Q2 2026 Confirmed The AI Power Scarcity Problem,seekingalpha/VST,,,2026-09-22 17:17:49
2026-09-17,VTRS,Looming biosimilar void risks $189B in lost U.S. healthcare savings: report,seekingalpha/VTRS,,,2026-09-22 17:17:49
2026-09-17,VXUS,Vanguard Total International Stock ETF declares quarterly distribution of $0.1562,seekingalpha/VXUS,,,2026-09-22 17:17:49
2026-09-17,VZ,"Snap partners with Nvidia, AWS, Salesforce to expand AR glasses into enterprise market",seekingalpha/VZ,,,2026-09-22 17:17:49
2026-09-17,WDAY,Workday gains on report take-private financing effort continues,seekingalpha/WDAY,,,2026-09-22 17:17:49
2026-09-17,WFC,"U.S. banks hike prime rates, but long rates may go their own way",seekingalpha/WFC,,,2026-09-22 17:17:49
2026-09-17,WMT,Senators ask FTC to investigate validity of Walmart and Amazon's 'Made in USA' claims,seekingalpha/WMT,,,2026-09-22 17:17:49
2026-09-17,WSM,Williams-Sonoma declares $0.76 dividend,seekingalpha/WSM,,,2026-09-22 17:17:49
2026-09-17,XOM,ExxonMobil: Quietly Increasing Its Papua New Guinea Significance,seekingalpha/XOM,,,2026-09-22 17:17:49
2026-09-17,ZTS,Zoetis: An Undervalued Compounder Hiding In Plain Sight,seekingalpha/ZTS,,,2026-09-22 17:17:49
2026-09-17,ZTS,Zoetis: Companion Animal Weakness Keeps Me On The Sidelines,seekingalpha/ZTS,,,2026-09-22 17:17:49
2026-09-17,ZTS,"Zoetis: New Competition Changes The Story, But Not Yet The Rating",seekingalpha/ZTS,,,2026-09-22 17:17:49
2026-09-18,AAPL,"Apple: The $1,999 iPhone Hides A Bigger Problem",seekingalpha/AAPL,,,2026-09-22 16:55:06
2026-09-18,AAPL,Meta's personal AI agent Muse hits No. 1 on Apple's App Store,seekingalpha/AAPL,,,2026-09-22 16:55:06
2026-09-18,AAPL,Over half of Apple users plan to upgrade to iPhone 18: survey,seekingalpha/AAPL,,,2026-09-22 16:55:06
2026-09-18,ABBV,Trump announces MFN pricing for Medicaid in all states,seekingalpha/ABBV,,,2026-09-22 17:17:49
2026-09-18,ABT,10 large and mega-cap U.S. healthcare stocks with the weakest momentum grades,seekingalpha/ABT,,,2026-09-22 17:17:49
2026-09-18,ACN,Accenture: The Rally Has Only Just Begun (Earnings Preview),seekingalpha/ACN,,,2026-09-22 17:17:49
2026-09-18,ADP,10 large-cap industrial stocks with strongest momentum grades,seekingalpha/ADP,,,2026-09-22 17:17:49
2026-09-18,AES,AES Corp. wins Ohio approval for sale to Global Infrastructure Partners consortia,seekingalpha/AES,,,2026-09-22 17:17:49
2026-09-18,AES,Top large-cap utilities stocks with the strongest momentum grades,seekingalpha/AES,,,2026-09-22 17:17:49
2026-09-18,ALGN,10 large and mega-cap U.S. healthcare stocks with the weakest momentum grades,seekingalpha/ALGN,,,2026-09-22 17:17:49
2026-09-18,AMAT,"S&P 500 ends volatile week as Fed hikes rates, yields jump, oil surges",seekingalpha/AMAT,,,2026-09-22 17:17:49
2026-09-18,AMCR,Amcor: Buy The Dip On This High Yield,seekingalpha/AMCR,,,2026-09-22 17:17:49
2026-09-18,AMCR,Amcor: Tough Markets Make Lasting Businesses,seekingalpha/AMCR,,,2026-09-22 17:17:49
2026-09-18,AMT,American Tower declares $1.79 dividend,seekingalpha/AMT,,,2026-09-22 17:17:49
2026-09-18,APA,"APA Corporation: Expect Short-Term Volatility, Long-Term Profitability (Downgrade)",seekingalpha/APA,,,2026-09-22 17:17:49
2026-09-18,APP,These large-cap U.S. stocks have the weakest momentum,seekingalpha/APP,,,2026-09-22 17:17:49
2026-09-18,AVGO,Broadcom: A New Buying Opportunity Emerged,seekingalpha/AVGO,,,2026-09-22 17:17:49
2026-09-18,AVGO,"Dividend Roundup: Microsoft, JPMorgan Chase, McDonald's, Broadcom, and more",seekingalpha/AVGO,,,2026-09-22 17:17:49
2026-09-18,AVGO,"S&P 500 ends volatile week as Fed hikes rates, yields jump, oil surges",seekingalpha/AVGO,,,2026-09-22 17:17:49
2026-09-18,AWK,Top large-cap utilities stocks with the strongest momentum grades,seekingalpha/AWK,,,2026-09-22 17:17:49
2026-09-18,BA,"Boeing selloff on CEO comments an 'overreaction,' BofA says",seekingalpha/BA,,,2026-09-22 17:17:49
2026-09-18,BA,NASA in talks for Boeing's Starliner for 10 or more new missions - WSJ,seekingalpha/BA,,,2026-09-22 17:17:49
2026-09-18,BKR,Baker Hughes: Buy Ahead Of The Power Generation Ramp,seekingalpha/BKR,,,2026-09-22 17:17:49
2026-09-18,BLK,AES Corp. wins Ohio approval for sale to Global Infrastructure Partners consortia,seekingalpha/BLK,,,2026-09-22 17:17:49
2026-09-18,BLK,"DOJ considers joining Texas BlackRock, State Street antitrust case - report",seekingalpha/BLK,,,2026-09-22 17:17:49
2026-09-18,BLK,TotalEnergies signs GIP partnership on African energy infrastructure assets,seekingalpha/BLK,,,2026-09-22 17:17:49
2026-09-18,BRK.B,Warren Buffett steps down as Berkshire Hathaway chairman,seekingalpha/BRK.B,,,2026-09-22 17:17:49
2026-09-18,BSX,10 large and mega-cap U.S. healthcare stocks with the weakest momentum grades,seekingalpha/BSX,,,2026-09-22 17:17:49
2026-09-18,C,Citigroup Inc. (C) Presents at Barclays 24th Annual Global Financial Services Conference Transcript,seekingalpha/C,,,2026-09-22 17:17:49
2026-09-18,CASY,"Clorox, Hershey among large-cap consumer staple stocks with weakest momentum",seekingalpha/CASY,,,2026-09-22 17:17:49
2026-09-18,CCI,These large-cap U.S. stocks have the weakest momentum,seekingalpha/CCI,,,2026-09-22 17:17:49
2026-09-18,CCL,10 large-cap consumer discretionary stocks with weak momentum,seekingalpha/CCL,,,2026-09-22 17:17:49
2026-09-18,CEG,"Software lifts Nasdaq even as fed hike, rising yields pressure stocks",seekingalpha/CEG,,,2026-09-22 17:17:49
2026-09-18,CELH,"Celsius, Albertsons among mid-cap consumer staple stocks with weakest momentum grades",seekingalpha/CELH,,,2026-09-22 16:55:06
2026-09-18,CI,RFK Jr. appoints new members to US Preventive Services Task Force,seekingalpha/CI,,,2026-09-22 17:17:49
2026-09-18,CLX,"Clorox, Hershey among large-cap consumer staple stocks with weakest momentum",seekingalpha/CLX,,,2026-09-22 17:17:49
2026-09-18,CMCSA,"Software lifts Nasdaq even as fed hike, rising yields pressure stocks",seekingalpha/CMCSA,,,2026-09-22 17:17:49
2026-09-18,COHR,Coherent: Margin Expansion Clears The Path For A Higher P/E,seekingalpha/COHR,,,2026-09-22 17:17:49
2026-09-18,COO,10 large and mega-cap U.S. healthcare stocks with the weakest momentum grades,seekingalpha/COO,,,2026-09-22 17:17:49
2026-09-18,COST,"Catalyst Watch: Trump-Xi in DC, Meta Connect, and McDonald's Investor Day",seekingalpha/COST,,,2026-09-22 17:17:49
2026-09-18,COST,"Clorox, Hershey among large-cap consumer staple stocks with weakest momentum",seekingalpha/COST,,,2026-09-22 17:17:49
2026-09-18,COST,"Wall Street Breakfast With Steven Cress (Intapp, Boot Barn, Costco, DoorDash)",seekingalpha/COST,,,2026-09-22 17:17:49
2026-09-18,CRWD,"Software lifts Nasdaq even as fed hike, rising yields pressure stocks",seekingalpha/CRWD,,,2026-09-22 17:17:49
2026-09-18,CSGP,These large-cap U.S. stocks have the weakest momentum,seekingalpha/CSGP,,,2026-09-22 17:17:49
2026-09-18,CVS,RFK Jr. appoints new members to US Preventive Services Task Force,seekingalpha/CVS,,,2026-09-22 17:17:49
2026-09-18,D,Top large-cap utilities stocks with the strongest momentum grades,seekingalpha/D,,,2026-09-22 17:17:49
2026-09-18,DASH,"Wall Street Breakfast With Steven Cress (Intapp, Boot Barn, Costco, DoorDash)",seekingalpha/DASH,,,2026-09-22 17:17:49
2026-09-18,DE,10 large-cap industrial stocks with strongest momentum grades,seekingalpha/DE,,,2026-09-22 17:17:49
2026-09-18,DECK,10 large-cap consumer discretionary stocks with weak momentum,seekingalpha/DECK,,,2026-09-22 17:17:49
2026-09-18,DHI,This state just passed Florida as the foreclosure capital,seekingalpha/DHI,,,2026-09-22 17:17:49
2026-09-18,DIS,Disney creates chief technology officer role,seekingalpha/DIS,,,2026-09-22 17:17:49
2026-09-18,DPZ,"Domino's Pizza Is Looking Tastier, But Not Tasty Enough To Bite Into",seekingalpha/DPZ,,,2026-09-22 17:17:49
2026-09-18,ED,Top large-cap utilities stocks with the strongest momentum grades,seekingalpha/ED,,,2026-09-22 17:17:49
2026-09-18,EIX,These large-cap U.S. stocks have the weakest momentum,seekingalpha/EIX,,,2026-09-22 17:17:49
2026-09-18,ELV,RFK Jr. appoints new members to US Preventive Services Task Force,seekingalpha/ELV,,,2026-09-22 17:17:49
2026-09-18,ES,Top large-cap utilities stocks with the strongest momentum grades,seekingalpha/ES,,,2026-09-22 17:17:49
2026-09-18,ETR,Top large-cap utilities stocks with the strongest momentum grades,seekingalpha/ETR,,,2026-09-22 17:17:49
2026-09-18,EVRG,Evergy: Plug Your Portfolio Into Reliable Dividend Growth,seekingalpha/EVRG,,,2026-09-22 17:17:49
2026-09-18,EVRG,Top large-cap utilities stocks with the strongest momentum grades,seekingalpha/EVRG,,,2026-09-22 17:17:49
2026-09-18,EXPD,10 large-cap industrial stocks with strongest momentum grades,seekingalpha/EXPD,,,2026-09-22 17:17:49
2026-09-18,EXR,Extra Space Storage: A Great REIT At The Wrong Time,seekingalpha/EXR,,,2026-09-22 17:17:49
2026-09-18,FDX,"Advent, FedEx-led consortium clears threshold for InPost deal",seekingalpha/FDX,,,2026-09-22 17:17:49
2026-09-18,FIS,Fidelity National: Swings In Investors' Sentiment Remain Irrational (Rating Upgrade),seekingalpha/FIS,,,2026-09-22 17:17:49
2026-09-18,FIS,Large and mega-cap financial stocks with the weakest momentum grades,seekingalpha/FIS,,,2026-09-22 17:17:49
2026-09-18,FIS,These large-cap U.S. stocks have the weakest momentum,seekingalpha/FIS,,,2026-09-22 17:17:49
2026-09-18,FISV,Large and mega-cap financial stocks with the weakest momentum grades,seekingalpha/FISV,,,2026-09-22 17:17:49
2026-09-18,FISV,These large-cap U.S. stocks have the weakest momentum,seekingalpha/FISV,,,2026-09-22 17:17:49
2026-09-18,FIX,10 large-cap industrial stocks with strongest momentum grades,seekingalpha/FIX,,,2026-09-22 17:17:49
2026-09-18,FTNT,"Software lifts Nasdaq even as fed hike, rising yields pressure stocks",seekingalpha/FTNT,,,2026-09-22 17:17:49
2026-09-18,GEHC,10 large and mega-cap U.S. healthcare stocks with the weakest momentum grades,seekingalpha/GEHC,,,2026-09-22 17:17:49
2026-09-18,GNRC,Generac's Investment In Capacity Is Paying Off With Amazon Deal,seekingalpha/GNRC,,,2026-09-22 17:17:49
2026-09-18,GNRC,Generac: Amazon Gives The Story More Credibility,seekingalpha/GNRC,,,2026-09-22 17:17:49
2026-09-18,GNRC,Generac: Data Center Business Takes Off After Amazon Deal,seekingalpha/GNRC,,,2026-09-22 17:17:49
2026-09-18,GNRC,Generac: Hyperscale Wins Underpin Multi-Year AI Monetization Opportunity; Upgrade To Buy,seekingalpha/GNRC,,,2026-09-22 17:17:49
2026-09-18,GS,Nvidia-backed neocloud Nscale files for IPO,seekingalpha/GS,,,2026-09-22 17:17:49
2026-09-18,HON,10 large-cap industrial stocks with weakest momentum grades,seekingalpha/HON,,,2026-09-22 17:17:49
2026-09-18,HON,These large-cap U.S. stocks have the weakest momentum,seekingalpha/HON,,,2026-09-22 17:17:49
2026-09-18,HOOD,Crypto stocks extend gains after SEC opens door to tokenized stock trading,seekingalpha/HOOD,,,2026-09-22 17:17:49
2026-09-18,HOOD,Robinhood Markets climbs 9% amid tokenized stock trading framework,seekingalpha/HOOD,,,2026-09-22 17:17:49
2026-09-18,HRL,"Clorox, Hershey among large-cap consumer staple stocks with weakest momentum",seekingalpha/HRL,,,2026-09-22 17:17:49
2026-09-18,HSY,"Clorox, Hershey among large-cap consumer staple stocks with weakest momentum",seekingalpha/HSY,,,2026-09-22 17:17:49
2026-09-18,IDXX,10 large and mega-cap U.S. healthcare stocks with the weakest momentum grades,seekingalpha/IDXX,,,2026-09-22 17:17:49
2026-09-18,INTC,"Intel: More Foundry Rumors, Less Financial Details",seekingalpha/INTC,,,2026-09-22 17:17:49
2026-09-18,INTU,Intuit Inc. (INTU) Analyst/Investor Day Transcript,seekingalpha/INTU,,,2026-09-22 17:17:49
2026-09-18,ISRG,10 large and mega-cap U.S. healthcare stocks with the weakest momentum grades,seekingalpha/ISRG,,,2026-09-22 17:17:49
2026-09-18,JNJ,Trump administration is said to weigh allowing most pharma licensing deals with China,seekingalpha/JNJ,,,2026-09-22 17:17:49
2026-09-18,JNJ,Trump announces MFN pricing for Medicaid in all states,seekingalpha/JNJ,,,2026-09-22 17:17:49
2026-09-18,JPM,"Dividend Roundup: Microsoft, JPMorgan Chase, McDonald's, Broadcom, and more",seekingalpha/JPM,,,2026-09-22 17:17:49
2026-09-18,JPM,JPMorgan chief Jamie Dimon set to attend Trump's state dinner for China's Xi - report,seekingalpha/JPM,,,2026-09-22 17:17:49
2026-09-18,JPM,"JPMorgan, Banco Santander lead £1.1B loan for Drax's solar acquisition - report",seekingalpha/JPM,,,2026-09-22 17:17:49
2026-09-18,JPM,Nvidia-backed neocloud Nscale files for IPO,seekingalpha/JPM,,,2026-09-22 17:17:49
2026-09-18,KMB,"Clorox, Hershey among large-cap consumer staple stocks with weakest momentum",seekingalpha/KMB,,,2026-09-22 17:17:49
2026-09-18,LEN,10 large-cap consumer discretionary stocks with weak momentum,seekingalpha/LEN,,,2026-09-22 17:17:49
2026-09-18,LEN,This state just passed Florida as the foreclosure capital,seekingalpha/LEN,,,2026-09-22 17:17:49
2026-09-18,LII,10 large-cap industrial stocks with weakest momentum grades,seekingalpha/LII,,,2026-09-22 17:17:49
2026-09-18,LII,Lennox declares $1.36 dividend,seekingalpha/LII,,,2026-09-22 17:17:49
2026-09-18,LII,These large-cap U.S. stocks have the weakest momentum,seekingalpha/LII,,,2026-09-22 17:17:49
2026-09-18,LLY,Lilly wins full FDA approval for Inluriyo combo in breast cancer,seekingalpha/LLY,,,2026-09-22 17:17:49
2026-09-18,LLY,Trump administration is said to weigh allowing most pharma licensing deals with China,seekingalpha/LLY,,,2026-09-22 17:17:49
2026-09-18,LLY,Trump announces MFN pricing for Medicaid in all states,seekingalpha/LLY,,,2026-09-22 17:17:49
2026-09-18,LMT,State Department clears way for $24.3B F-35 jet sale to Saudi Arabia,seekingalpha/LMT,,,2026-09-22 17:17:49
2026-09-18,LRCX,"Lam Research advances 7%, reversing some recent losses",seekingalpha/LRCX,,,2026-09-22 17:17:49
2026-09-18,LRCX,"S&P 500 ends volatile week as Fed hikes rates, yields jump, oil surges",seekingalpha/LRCX,,,2026-09-22 17:17:49
2026-09-18,LVS,10 large-cap consumer discretionary stocks with weak momentum,seekingalpha/LVS,,,2026-09-22 17:17:49
2026-09-18,MCD,"Catalyst Watch: Trump-Xi in DC, Meta Connect, and McDonald's Investor Day",seekingalpha/MCD,,,2026-09-22 17:17:49
2026-09-18,MCD,"Dividend Roundup: Microsoft, JPMorgan Chase, McDonald's, Broadcom, and more",seekingalpha/MCD,,,2026-09-22 17:17:49
2026-09-18,MKC,"Clorox, Hershey among large-cap consumer staple stocks with weakest momentum",seekingalpha/MKC,,,2026-09-22 17:17:49
2026-09-18,MRK,RFK Jr. replaces federal autism panel chair: report,seekingalpha/MRK,,,2026-09-22 17:17:49
2026-09-18,MRK,Trump announces MFN pricing for Medicaid in all states,seekingalpha/MRK,,,2026-09-22 17:17:49
2026-09-18,MRK,Trump to 'demand' vaccine makers make smaller doses for kids to address autism,seekingalpha/MRK,,,2026-09-22 17:17:49
2026-09-18,MRNA,RFK Jr. replaces federal autism panel chair: report,seekingalpha/MRNA,,,2026-09-22 17:17:49
2026-09-18,MRNA,Trump to 'demand' vaccine makers make smaller doses for kids to address autism,seekingalpha/MRNA,,,2026-09-22 17:17:49
2026-09-18,MS,"Canada reportedly taps Morgan Stanley, CIBC for major airport concession sale",seekingalpha/MS,,,2026-09-22 17:17:49
2026-09-18,MS,Nvidia-backed neocloud Nscale files for IPO,seekingalpha/MS,,,2026-09-22 17:17:49
2026-09-18,NCLH,10 mid-cap consumer discretionary stocks with the weakest momentum,seekingalpha/NCLH,,,2026-09-22 17:17:49
2026-09-18,NDAQ,Nasdaq: I Am Buying (Together With Another One),seekingalpha/NDAQ,,,2026-09-22 17:17:49
2026-09-18,NFLX,"Software lifts Nasdaq even as fed hike, rising yields pressure stocks",seekingalpha/NFLX,,,2026-09-22 17:17:49
2026-09-18,NFLX,Wells Fargo downgrades Netflix to underweight on engagement risks,seekingalpha/NFLX,,,2026-09-22 17:17:49
2026-09-18,NI,NiSource: Attractive Despite Data Center And Storm Recovery Concerns,seekingalpha/NI,,,2026-09-22 17:17:49
2026-09-18,NKE,10 large-cap consumer discretionary stocks with weak momentum,seekingalpha/NKE,,,2026-09-22 17:17:49
2026-09-18,NKE,These large-cap U.S. stocks have the weakest momentum,seekingalpha/NKE,,,2026-09-22 17:17:49
2026-09-18,NRG,These large-cap U.S. stocks have the weakest momentum,seekingalpha/NRG,,,2026-09-22 17:17:49
2026-09-18,NUE,Nucor declares $0.56 dividend,seekingalpha/NUE,,,2026-09-22 17:17:49
2026-09-18,NUE,Nucor: The Q3 Guidance Is Not A Thesis Breaker,seekingalpha/NUE,,,2026-09-22 17:17:49
2026-09-18,OTIS,"Otis: The Service Business Is Strong, But Debt Still Matters",seekingalpha/OTIS,,,2026-09-22 17:17:49
2026-09-18,PANW,"Software lifts Nasdaq even as fed hike, rising yields pressure stocks",seekingalpha/PANW,,,2026-09-22 17:17:49
2026-09-18,PCG,PG&E declares $0.05 dividend,seekingalpha/PCG,,,2026-09-22 17:17:49
2026-09-18,PCG,These large-cap U.S. stocks have the weakest momentum,seekingalpha/PCG,,,2026-09-22 17:17:49
2026-09-18,PEG,These large-cap U.S. stocks have the weakest momentum,seekingalpha/PEG,,,2026-09-22 17:17:49
2026-09-18,PEP,"Clorox, Hershey among large-cap consumer staple stocks with weakest momentum",seekingalpha/PEP,,,2026-09-22 17:17:49
2026-09-18,PGR,Progressive reports 6% August premium growth; net income drops 22% to $951M,seekingalpha/PGR,,,2026-09-22 17:17:49
2026-09-18,PLD,"Prologis Is High Quality, But Too Rich For My Taste",seekingalpha/PLD,,,2026-09-22 17:17:49
2026-09-18,PLTR,Palantir hires ex-Labour deputy Tom Watson to shore up UK operations amid NHS deal scrutiny,seekingalpha/PLTR,,,2026-09-22 17:17:49
2026-09-18,PM,Philip Morris raises quarterly dividend by 8.8% to $1.60 per share,seekingalpha/PM,,,2026-09-22 17:17:49
2026-09-18,PNW,Top large-cap utilities stocks with the strongest momentum grades,seekingalpha/PNW,,,2026-09-22 17:17:49
2026-09-18,PODD,10 mid-cap U.S. healthcare stocks with the weakest momentum grades,seekingalpha/PODD,,,2026-09-22 17:17:49
2026-09-18,PRU,Prudential Financial exits holdings in South Africa's Alexander Forbes,seekingalpha/PRU,,,2026-09-22 17:17:49
2026-09-18,PSA,Public Storage: Catching The Bottom In REIT Preferreds With A 7% Yield,seekingalpha/PSA,,,2026-09-22 17:17:49
2026-09-18,PYPL,"PayPal: Valuation Realities, Takeover Bid, And Option Dynamics",seekingalpha/PYPL,,,2026-09-22 17:17:49
2026-09-18,REGN,Trump announces MFN pricing for Medicaid in all states,seekingalpha/REGN,,,2026-09-22 17:17:49
2026-09-18,ROL,10 large-cap industrial stocks with weakest momentum grades,seekingalpha/ROL,,,2026-09-22 17:17:49
2026-09-18,ROL,These large-cap U.S. stocks have the weakest momentum,seekingalpha/ROL,,,2026-09-22 17:17:49
2026-09-18,RTX,Pilot complaints over toxic fumes ground planes from Airbus joint venture - WSJ,seekingalpha/RTX,,,2026-09-22 17:17:49
2026-09-18,RVTY,Revvity slips as CFRA downgrades on limited near-term upside,seekingalpha/RVTY,,,2026-09-22 17:17:49
2026-09-18,SMCI,"Super Micro Computer And SMCX: Impressive AI Growth, Yet Far From A Smooth Ride",seekingalpha/SMCI,,,2026-09-22 17:17:49
2026-09-18,SNDK,Sandisk climbs 11% amid storage-sector strength,seekingalpha/SNDK,,,2026-09-22 17:17:49
2026-09-18,SOLV,Solventum: Divestiture Unlocking Upside In A Spinoff Revaluation Play,seekingalpha/SOLV,,,2026-09-22 17:17:49
2026-09-18,STT,"DOJ considers joining Texas BlackRock, State Street antitrust case - report",seekingalpha/STT,,,2026-09-22 17:17:49
2026-09-18,STX,Seagate Technology Holdings rises 7% amid storage peer gains,seekingalpha/STX,,,2026-09-22 17:17:49
2026-09-18,STZ,"Clorox, Hershey among large-cap consumer staple stocks with weakest momentum",seekingalpha/STZ,,,2026-09-22 17:17:49
2026-09-18,SYK,10 large and mega-cap U.S. healthcare stocks with the weakest momentum grades,seekingalpha/SYK,,,2026-09-22 17:17:49
2026-09-18,T,AT&T extends contract with Dallas Cowboys,seekingalpha/T,,,2026-09-22 17:17:49
2026-09-18,TJX,10 large-cap consumer discretionary stocks with weak momentum,seekingalpha/TJX,,,2026-09-22 17:17:49
2026-09-18,TJX,TJX Companies: Weakening Comps And Rich Multiples In Shaky Macro (Downgrade),seekingalpha/TJX,,,2026-09-22 17:17:49
2026-09-18,TMUS,"Software lifts Nasdaq even as fed hike, rising yields pressure stocks",seekingalpha/TMUS,,,2026-09-22 17:17:49
2026-09-18,TRGP,"Targa Resources raised to Buy at TD Cowen, seeing peer-leading EBITDA growth",seekingalpha/TRGP,,,2026-09-22 17:17:49
2026-09-18,TSN,"Clorox, Hershey among large-cap consumer staple stocks with weakest momentum",seekingalpha/TSN,,,2026-09-22 17:17:49
2026-09-18,TSN,Tyson's beef and chicken headwinds may be dissipating -- J.P. Morgan,seekingalpha/TSN,,,2026-09-22 17:17:49
2026-09-18,TTD,These mid-cap stocks have weak momentum grades and 50%+ YTD losses,seekingalpha/TTD,,,2026-09-22 17:17:49
2026-09-18,UBER,"Wall Street Breakfast With Steven Cress (Intapp, Boot Barn, Costco, DoorDash)",seekingalpha/UBER,,,2026-09-22 17:17:49
2026-09-18,UNH,RFK Jr. appoints new members to US Preventive Services Task Force,seekingalpha/UNH,,,2026-09-22 17:17:49
2026-09-18,UNH,UnitedHealth: It's Time To Buy This Recovery,seekingalpha/UNH,,,2026-09-22 17:17:49
2026-09-18,VICI,These large-cap U.S. stocks have the weakest momentum,seekingalpha/VICI,,,2026-09-22 17:17:49
2026-09-18,VICI,VICI Properties: Dirt Cheap With An Implicit 12% To 14% Total Return,seekingalpha/VICI,,,2026-09-22 17:17:49
2026-09-18,WFC,Former Wells Fargo asset manager Allspring explores $4B sale - FT,seekingalpha/WFC,,,2026-09-22 17:17:49
2026-09-18,WMT,Walmart Inc. (WMT) Presents at Goldman Sachs Global Consumer and Retail Conference Transcript,seekingalpha/WMT,,,2026-09-22 17:17:49
2026-09-18,ZTS,10 large and mega-cap U.S. healthcare stocks with the weakest momentum grades,seekingalpha/ZTS,,,2026-09-22 17:17:49
2026-09-18,ZTS,Zoetis: The Worst May Be Priced In,seekingalpha/ZTS,,,2026-09-22 17:17:49
2026-09-19,ACGL,Arch Capital: 7.5% Yielding Preferred Stock Is Attractive Thanks To Low Payout Ratio,seekingalpha/ACGL,,,2026-09-22 17:17:49
2026-09-19,ACN,"Accenture: AI Opportunity Is Strong, But Growth Remains Slow",seekingalpha/ACN,,,2026-09-22 17:17:49
2026-09-19,ACN,"Accenture: Thank You, Anthropic",seekingalpha/ACN,,,2026-09-22 17:17:49
2026-09-19,ARE,"Real estate stocks slip as Fed hikes, mortgage rates continue to climb",seekingalpha/ARE,,,2026-09-22 17:17:49
2026-09-19,CBOE,"Cboe Global Markets, Inc. (CBOE) Presents at Barclays 24th Annual Global Financial Services Conference - Slideshow",seekingalpha/CBOE,,,2026-09-22 17:17:49
2026-09-19,COIN,"Crypto names climb after SEC prepares for stock tokenization, TradFi names weaken: Financials week",seekingalpha/COIN,,,2026-09-22 17:17:49
2026-09-19,CRWD,"Insider trades: CrowdStrike, Uber, Snowflake among notable names",seekingalpha/CRWD,,,2026-09-22 17:17:49
2026-09-19,DVN,"Insider trades: CrowdStrike, Uber, Snowflake among notable names",seekingalpha/DVN,,,2026-09-22 17:17:49
2026-09-19,GNRC,Generac: Investors Back Up The Truck,seekingalpha/GNRC,,,2026-09-22 17:17:49
2026-09-19,GS,"Crypto names climb after SEC prepares for stock tokenization, TradFi names weaken: Financials week",seekingalpha/GS,,,2026-09-22 17:17:49
2026-09-19,HSIC,Henry Schein Still Gives Me A Reason To Smile After This Nice Move Higher,seekingalpha/HSIC,,,2026-09-22 17:17:49
2026-09-19,IEX,IDEX Corporation: A Stronger Franchise Already Carries A Recovery Price,seekingalpha/IEX,,,2026-09-22 17:17:49
2026-09-19,IEX,IDEX Corporation: One Segment's Impressive Growth Is Not Enough To Carry The Rest,seekingalpha/IEX,,,2026-09-22 17:17:49
2026-09-19,MCD,"McDonald's: Becoming A Dividend King Didn't Help The Price, But It's Still A Long-Term Buy",seekingalpha/MCD,,,2026-09-22 17:17:49
2026-09-19,MCD,"McDonald's: The Crowd Sold The King, I'm Underwriting The Throne",seekingalpha/MCD,,,2026-09-22 17:17:49
2026-09-19,MDT,"Insider trades: CrowdStrike, Uber, Snowflake among notable names",seekingalpha/MDT,,,2026-09-22 17:17:49
2026-09-19,MPWR,Monolithic Power Systems: A Mediocre Cash Conversion Rate (Downgrade),seekingalpha/MPWR,,,2026-09-22 17:17:49
2026-09-19,NI,NiSource: Faster Growth Comes With A Higher Cost,seekingalpha/NI,,,2026-09-22 17:17:49
2026-09-19,ORCL,Oracle: Backlog Burden Implies More Capex Pains - Contrarian AI Buy Thesis,seekingalpha/ORCL,,,2026-09-22 17:17:49
2026-09-19,ORCL,Oracle: OpenAI Just Blinked,seekingalpha/ORCL,,,2026-09-22 17:17:49
2026-09-19,PLD,Prologis: Undervalued With Plenty Of Room To Run,seekingalpha/PLD,,,2026-09-22 17:17:49
2026-09-19,PLTR,"Palantir: The Business Is Delivering, But The Price Still Demands Too Much",seekingalpha/PLTR,,,2026-09-22 17:17:49
2026-09-19,UBER,"Insider trades: CrowdStrike, Uber, Snowflake among notable names",seekingalpha/UBER,,,2026-09-22 17:17:49
2026-09-19,VTI,"The 1-Minute Market Report September 19, 2026",seekingalpha/VTI,,,2026-09-22 17:17:49
2026-09-19,XOM,"Exxon raises 2050 global emissions forecast, warns coal will push levels past climate targets",seekingalpha/XOM,,,2026-09-22 17:17:49
2026-09-20,APO,N.Y. Yankees near deal giving Apollo 16% stake in storied franchise,seekingalpha/APO,,,2026-09-22 17:17:49
2026-09-20,AVGO,Big Tech’s $300B AI guarantees raise hidden risk for investors,seekingalpha/AVGO,,,2026-09-22 17:17:49
2026-09-20,AVGO,Broadcom: 5 Reasons To Buy This Dip,seekingalpha/AVGO,,,2026-09-22 17:17:49
2026-09-20,BBY,Best Buy: Here Is Why I Am Downgrading From Hold To Sell,seekingalpha/BBY,,,2026-09-22 17:17:49
2026-09-20,BRK.B,Berkshire Hathaway: The World Isn't Ready For Warren Buffett's Successor,seekingalpha/BRK.B,,,2026-09-22 17:17:49
2026-09-20,BRK.B,Berkshire Hathaway: Warren Buffett Steps Down As Chairman While Higher Rates Turn The Cash Pile Into A Bigger Asset,seekingalpha/BRK.B,,,2026-09-22 17:17:49
2026-09-20,BRO,Brown & Brown: Acquisitions Fuel EPS Growth,seekingalpha/BRO,,,2026-09-22 17:17:49
2026-09-20,COIN,Crypto regulation push collapses as industry infighting saps support,seekingalpha/COIN,,,2026-09-22 17:17:49
2026-09-20,COIN,"Polymarket’s rapid growth raises fraud, compliance concerns",seekingalpha/COIN,,,2026-09-22 17:17:49
2026-09-20,COP,"ConocoPhillips: The Oil Price Play I Want, But With Added Risk",seekingalpha/COP,,,2026-09-22 17:17:49
2026-09-20,DIS,‘Resident Evil’ drives 28% weekend box-office increase,seekingalpha/DIS,,,2026-09-22 17:17:49
2026-09-20,GEHC,"Key deals this week: SPGI, PSO, GEHC, and more",seekingalpha/GEHC,,,2026-09-22 17:17:49
2026-09-20,GNRC,Generac: The $8 Billion Headline Is Wrong -- I'm Buying Anyway,seekingalpha/GNRC,,,2026-09-22 17:17:49
2026-09-20,GOOG,Hyundai looks to robotaxis to offset slower EV demand,seekingalpha/GOOG,,,2026-09-22 17:17:49
2026-09-20,GOOG,Microsoft AI chief urges guardrails as White House resists broad regulation,seekingalpha/GOOG,,,2026-09-22 17:17:49
2026-09-20,GOOGL,Hyundai looks to robotaxis to offset slower EV demand,seekingalpha/GOOGL,,,2026-09-22 17:17:49
2026-09-20,GOOGL,Microsoft AI chief urges guardrails as White House resists broad regulation,seekingalpha/GOOGL,,,2026-09-22 17:17:49
2026-09-20,INCY,"FDA, Duke-Margolis workshop to examine evidence standards for rare diseases",seekingalpha/INCY,,,2026-09-22 17:17:49
2026-09-20,LULU,Lululemon: Everyone's Pessimistic But I'm Optimistic; The Stock Is Deeply Undervalued,seekingalpha/LULU,,,2026-09-22 17:17:49
2026-09-20,LUV,Southwest Airlines: Buy The Transformation Despite The Oil Shock,seekingalpha/LUV,,,2026-09-22 17:17:49
2026-09-20,NKE,Converse reviews ad approvals after campaign draws racism backlash,seekingalpha/NKE,,,2026-09-22 17:17:49
2026-09-20,PANW,Palo Alto Networks: AI Development Concerns Open A New Door To Growth,seekingalpha/PANW,,,2026-09-22 17:17:49
2026-09-20,RDDT,Why Reddit Could End Up Like Snapchat,seekingalpha/RDDT,,,2026-09-22 17:17:49
2026-09-20,REGN,"FDA, Duke-Margolis workshop to examine evidence standards for rare diseases",seekingalpha/REGN,,,2026-09-22 17:17:49
2026-09-20,SPGI,"Key deals this week: SPGI, PSO, GEHC, and more",seekingalpha/SPGI,,,2026-09-22 17:17:49
2026-09-20,STLD,Steel Dynamics Q3 Pre-Announcement Is Nothing Unusual,seekingalpha/STLD,,,2026-09-22 17:17:49
2026-09-20,VICI,VICI Properties: A Complete Bargain With An 8% Yield,seekingalpha/VICI,,,2026-09-22 17:17:49
2026-09-20,VRTX,"FDA, Duke-Margolis workshop to examine evidence standards for rare diseases",seekingalpha/VRTX,,,2026-09-22 17:17:49
2026-09-20,XYZ,"Block: The AI Layoff Bet Is Paying Off, But Insiders Aren't Buying It",seekingalpha/XYZ,,,2026-09-22 17:17:49
2026-09-21,AAPL,"Delivery times for iPhone 18 Pro and Pro Max 'slightly higher' than last year, Citi says",seekingalpha/AAPL,,,2026-09-22 16:55:06
2026-09-21,ABBV,AbbVie inks multi-year AI drug discovery deal with Iambic Therapeutics,seekingalpha/ABBV,,,2026-09-22 17:17:49
2026-09-21,ACN,Accenture up 6% on Anthropic AI safety evaluation partnership,seekingalpha/ACN,,,2026-09-22 17:17:49
2026-09-21,AMD,AMD crosses $1T market cap as chip stocks rally,seekingalpha/AMD,,,2026-09-22 17:17:49
2026-09-21,AMD,Advanced Micro Devices rises 10% to set new high,seekingalpha/AMD,,,2026-09-22 17:17:49
2026-09-21,ANET,Arista Networks Is Too Risky,seekingalpha/ANET,,,2026-09-22 17:17:49
2026-09-21,APO,Wall Street Lunch: Pinstripe Suits Aim For Pinstripes Stake,seekingalpha/APO,,,2026-09-22 17:17:49
2026-09-21,APP,AppLovin pops as Citi sees fastest store growth in five months,seekingalpha/APP,,,2026-09-22 17:17:49
2026-09-21,AVGO,Broadcom: High-Quality And Undervalued AI Stock,seekingalpha/AVGO,,,2026-09-22 17:17:49
2026-09-21,AXON,Axon's $1B Masterclass For Shareholders,seekingalpha/AXON,,,2026-09-22 17:17:49
2026-09-21,AZO,AutoZone Q4 2026 Earnings Preview,seekingalpha/AZO,,,2026-09-22 17:17:49
2026-09-21,BA,China moves closer to finalizing 200-jet Boeing order,seekingalpha/BA,,,2026-09-22 17:17:49
2026-09-21,CF,"Mosaic, Nutrien dip after Trump says U.S. pursuing Belarus potash deal",seekingalpha/CF,,,2026-09-22 17:17:49
2026-09-21,CIEN,Ciena in spotlight as Evercore upgrades to Outperform,seekingalpha/CIEN,,,2026-09-22 17:17:49
2026-09-21,CMCSA,Major networks suspend White House pool coverage in solidarity with banned reporters — update,seekingalpha/CMCSA,,,2026-09-22 17:17:49
2026-09-21,COHR,Coherent Corp. (COHR) Presents at European Conference on Optical Communication 2026 (ECOC 2026) Prepared Remarks Transcript,seekingalpha/COHR,,,2026-09-22 17:17:49
2026-09-21,COHR,Coherent launches PhotonLink platform to supply integrated optics for AI datacenters,seekingalpha/COHR,,,2026-09-22 17:17:49
2026-09-21,COIN,"Bitcoin passes $85K, ether tops $2.75K, pushing up crypto stocks",seekingalpha/COIN,,,2026-09-22 17:17:49
2026-09-21,COIN,"Coinbase offers IPO allocations in the U.S., starting with Oura",seekingalpha/COIN,,,2026-09-22 17:17:49
2026-09-21,COST,Costco's Earnings: All Eyes On An Imminent Catalyst (Its Top Line Is A Done Deal),seekingalpha/COST,,,2026-09-22 17:17:49
2026-09-21,CVX,"Chevron plans to ramp up number of wells it drills next year, E&P executive tells FT",seekingalpha/CVX,,,2026-09-22 17:17:49
2026-09-21,CVX,Chevron: The Bull Case Goes Beyond $100 Oil,seekingalpha/CVX,,,2026-09-22 17:17:49
2026-09-21,DAL,Delta Air Lines: I Expect Shares To Lose Altitude In Q4,seekingalpha/DAL,,,2026-09-22 17:17:49
2026-09-21,DECK,"Deckers Outdoor: Risky, Because It's So Cheap - Strong Sell",seekingalpha/DECK,,,2026-09-22 17:17:49
2026-09-21,DELL,Dell: This High Flyer Has 67% Downside,seekingalpha/DELL,,,2026-09-22 17:17:49
2026-09-21,DGX,"Labcorp, Quest fall as CMS cuts 2027 rates for laboratory services",seekingalpha/DGX,,,2026-09-22 17:17:49
2026-09-21,DIS,Major networks suspend White House pool coverage in solidarity with banned reporters — update,seekingalpha/DIS,,,2026-09-22 17:17:49
2026-09-21,DLR,"JLL, DOC among 10 large and mega-cap REITs with strong momentum",seekingalpha/DLR,,,2026-09-22 17:17:49
2026-09-21,DOC,"JLL, DOC among 10 large and mega-cap REITs with strong momentum",seekingalpha/DOC,,,2026-09-22 17:17:49
2026-09-21,EXE,Expand Energy: It Could've Been So Much More,seekingalpha/EXE,,,2026-09-22 17:17:49
2026-09-21,FOX,Major networks suspend White House pool coverage in solidarity with banned reporters — update,seekingalpha/FOX,,,2026-09-22 17:17:49
2026-09-21,FOXA,Major networks suspend White House pool coverage in solidarity with banned reporters — update,seekingalpha/FOXA,,,2026-09-22 17:17:49
2026-09-21,FRT,Federal Realty: Pricing Power In A K-Shaped Economy,seekingalpha/FRT,,,2026-09-22 17:17:49
2026-09-21,FRT,Mid-cap REIT momentum is building: 10 stocks in the watchlist,seekingalpha/FRT,,,2026-09-22 17:17:49
2026-09-21,GE,GE Aerospace to invest $225M in upgrading New York research facility,seekingalpha/GE,,,2026-09-22 17:17:49
2026-09-21,GE,"Kratos, GE Aerospace advance cruise missile engine with ignition test",seekingalpha/GE,,,2026-09-22 17:17:49
2026-09-21,GLW,"Lumentum, Qualcomm, Corning partner on AI optical tech; shares rise",seekingalpha/GLW,,,2026-09-22 17:17:49
2026-09-21,GM,General Motors' defense unit wins a $698M U.S. Army contract boost,seekingalpha/GM,,,2026-09-22 17:17:49
2026-09-21,GOOG,Google fined €403M by Irish regulatory board for privacy violations,seekingalpha/GOOG,,,2026-09-22 17:17:49
2026-09-21,GOOG,Google: The One-Stop AI Shop,seekingalpha/GOOG,,,2026-09-22 17:17:49
2026-09-21,GOOG,"Googlebook laptops debut with Android integration, Gemini AI",seekingalpha/GOOG,,,2026-09-22 17:17:49
2026-09-21,GOOG,Pope Leo XIV says AI must be guided by 'wisdom and charity',seekingalpha/GOOG,,,2026-09-22 17:17:49
2026-09-21,GOOGL,Google fined €403M by Irish regulatory board for privacy violations,seekingalpha/GOOGL,,,2026-09-22 17:17:49
2026-09-21,GOOGL,Google: The One-Stop AI Shop,seekingalpha/GOOGL,,,2026-09-22 17:17:49
2026-09-21,GOOGL,"Googlebook laptops debut with Android integration, Gemini AI",seekingalpha/GOOGL,,,2026-09-22 17:17:49
2026-09-21,GOOGL,Pope Leo XIV says AI must be guided by 'wisdom and charity',seekingalpha/GOOGL,,,2026-09-22 17:17:49
2026-09-21,GPC,"Genuine Parts: NAPA Self-Help, Motion Recovery, And The 2027 Separation Support Upside",seekingalpha/GPC,,,2026-09-22 17:17:49
2026-09-21,GS,Goldman Sachs Sinks Toward Bear-Market Territory - Time To Buy,seekingalpha/GS,,,2026-09-22 17:17:49
2026-09-21,GS,Goldman Sachs expects U.S. hyperscaler capex to reach $1.4T by 2027,seekingalpha/GS,,,2026-09-22 17:17:49
2026-09-21,GS,Goldman Sachs tests 200-day average as momentum weakens,seekingalpha/GS,,,2026-09-22 17:17:49
2026-09-21,HAL,Halliburton signs Venezuela energy development deals,seekingalpha/HAL,,,2026-09-22 17:17:49
2026-09-21,HCA,HCA Healthcare: Hold Until The Noise Clears,seekingalpha/HCA,,,2026-09-22 17:17:49
2026-09-21,HOOD,Higher-for-longer rates: How to look for winners and losers in financials,seekingalpha/HOOD,,,2026-09-22 17:17:49
2026-09-21,HPQ,HP slides as it says PC industry will decline mid-single digits in 2027,seekingalpha/HPQ,,,2026-09-22 17:17:49
2026-09-21,HST,"JLL, DOC among 10 large and mega-cap REITs with strong momentum",seekingalpha/HST,,,2026-09-22 17:17:49
2026-09-21,INCY,Specialised Therapeutics to commercialize Incyte’s Opzelura in Australia,seekingalpha/INCY,,,2026-09-22 17:17:49
2026-09-21,INTC,"Intel: Buy The SK hynix Optionality, But Foundry Still Has To Prove It",seekingalpha/INTC,,,2026-09-22 17:17:49
2026-09-21,INTC,Tech strength sends Intel higher by 12%,seekingalpha/INTC,,,2026-09-22 17:17:49
2026-09-21,INVH,"Invitation Homes, AMH raised to Outperform at Mizuho as headwinds fade",seekingalpha/INVH,,,2026-09-22 17:17:49
2026-09-21,IT,Gartner: Fairly Valued Despite The Pullback,seekingalpha/IT,,,2026-09-22 17:17:49
2026-09-21,JNJ,J&J sees positive late-stage data for Caplyta in reducing bipolar manic symptoms,seekingalpha/JNJ,,,2026-09-22 17:17:49
2026-09-21,JPM,J.P. Morgan and Qatar Investment Authority ink $20B partnership,seekingalpha/JPM,,,2026-09-22 17:17:49
2026-09-21,KIM,Kimco Realty: Buy The Dip On This High-Quality REIT,seekingalpha/KIM,,,2026-09-22 17:17:49
2026-09-21,LH,"Labcorp, Quest fall as CMS cuts 2027 rates for laboratory services",seekingalpha/LH,,,2026-09-22 17:17:49
2026-09-21,LITE,"Lumentum, Qualcomm, Corning partner on AI optical tech; shares rise",seekingalpha/LITE,,,2026-09-22 17:17:49
2026-09-21,LLY,Eli Lilly CEO Ricks sees more Foundayo growth with foreign markets,seekingalpha/LLY,,,2026-09-22 17:17:49
2026-09-21,LLY,Eli Lilly Vs. Novo Nordisk: Temporarily Cheap Or Correctly Cheap?,seekingalpha/LLY,,,2026-09-22 17:17:49
2026-09-21,LLY,Novo Nordisk says CagriSema bests Eli Lilly's Zepbound,seekingalpha/LLY,,,2026-09-22 17:17:49
2026-09-21,LMT,Lockheed Martin lands $1.2B Army deal for PrSM missiles,seekingalpha/LMT,,,2026-09-22 17:17:49
2026-09-21,LMT,Trump thanks Lockheed Martin CEO as new White House heliport opens,seekingalpha/LMT,,,2026-09-22 17:17:49
2026-09-21,MCD,McDonald's tests selling ad space on digital menu boards to unlock new revenue stream,seekingalpha/MCD,,,2026-09-22 17:17:49
2026-09-21,META,Meta Platforms surges 12% amid AI monetization rally,seekingalpha/META,,,2026-09-22 17:17:49
2026-09-21,MOS,"Mosaic, Nutrien dip after Trump says U.S. pursuing Belarus potash deal",seekingalpha/MOS,,,2026-09-22 17:17:49
2026-09-21,MRK,Merck secures Japanese approval for subcutaneous Keytruda,seekingalpha/MRK,,,2026-09-22 17:17:49
2026-09-21,MRK,"Merck: Time To Trim, Overvalued, And Overbought (Rating Downgrade)",seekingalpha/MRK,,,2026-09-22 17:17:49
2026-09-21,MRNA,Moderna rallies 12% to set new high,seekingalpha/MRNA,,,2026-09-22 17:17:49
2026-09-21,MRNA,"Stocks to watch on Monday after hours: MRNA, ARM, and PBF",seekingalpha/MRNA,,,2026-09-22 17:17:49
2026-09-21,MRVL,Marvell in focus as it demos industry-first 2nm optical tech for data centers,seekingalpha/MRVL,,,2026-09-22 17:17:49
2026-09-21,MSFT,Microsoft CEO Nadella to join Trump-Xi meeting: report,seekingalpha/MSFT,,,2026-09-22 16:55:06
2026-09-21,MSFT,"Microsoft could boost cloud revenue, may unveil SpaceX deal soon: BNP Paribas",seekingalpha/MSFT,,,2026-09-22 16:55:06
2026-09-21,MSFT,Pope Leo XIV says AI must be guided by 'wisdom and charity',seekingalpha/MSFT,,,2026-09-22 16:55:06
2026-09-21,MU,Micron's Stock Could Easily Double,seekingalpha/MU,,,2026-09-22 17:17:49
2026-09-21,MU,Micron: Old Valuation Metrics No Longer Matter,seekingalpha/MU,,,2026-09-22 17:17:49
2026-09-21,MU,Micron: SCAs And Enterprise Adoption Make It A Strong Buy,seekingalpha/MU,,,2026-09-22 17:17:49
2026-09-21,MU,Why I Like Micron Better Than Nvidia,seekingalpha/MU,,,2026-09-22 17:17:49
2026-09-21,NEM,Newmont: Improved Prospects Overwhelm Rising Risks,seekingalpha/NEM,,,2026-09-22 17:17:49
2026-09-21,NVDA,Nvidia: One Of 5 AI Stocks Down Big (Relative To Earnings),seekingalpha/NVDA,,,2026-09-22 16:55:06
2026-09-21,NVDA,Why I Like Micron Better Than Nvidia,seekingalpha/NVDA,,,2026-09-22 16:55:06
2026-09-21,NVDA,Worried About An AI Bubble? Buy Nvidia Anyway,seekingalpha/NVDA,,,2026-09-22 16:55:06
2026-09-21,OMC,Omnicom: Attractive Valuation Under The Radar,seekingalpha/OMC,,,2026-09-22 17:17:49
2026-09-21,PFE,Pfizer to share higher overseas drug revenue with U.S. under new HHS contract: report,seekingalpha/PFE,,,2026-09-22 17:17:49
2026-09-21,PFE,"Pfizer: The 10-Year Is At 5%, And I'm Still Buying This 6%+ Yield",seekingalpha/PFE,,,2026-09-22 17:17:49
2026-09-21,PLD,"JLL, DOC among 10 large and mega-cap REITs with strong momentum",seekingalpha/PLD,,,2026-09-22 17:17:49
2026-09-21,PNR,Pentair declares $0.27 dividend,seekingalpha/PNR,,,2026-09-22 17:17:49
2026-09-21,PSKY,Major networks suspend White House pool coverage in solidarity with banned reporters — update,seekingalpha/PSKY,,,2026-09-22 17:17:49
2026-09-21,PSKY,"Paramount Skydance + Warner Bros.: Clearer Picture, Fuzzy Plot",seekingalpha/PSKY,,,2026-09-22 17:17:49
2026-09-21,PSKY,"Paramount Skydance reaches settlement with 12 states, Writers Guild",seekingalpha/PSKY,,,2026-09-22 17:17:49
2026-09-21,PSKY,"Paramount Skydance settles lawsuit with state AGs, Writers Guild, agrees to stay in CA",seekingalpha/PSKY,,,2026-09-22 17:17:49
2026-09-21,PSKY,Paramount Skydance weighs $1.5B California production investment amid Warner Bros. merger talks - report,seekingalpha/PSKY,,,2026-09-22 17:17:49
2026-09-21,Q,Qnity set to join PHLX Semiconductor Sector Index,seekingalpha/Q,,,2026-09-22 17:17:49
2026-09-21,QCOM,"Lumentum, Qualcomm, Corning partner on AI optical tech; shares rise",seekingalpha/QCOM,,,2026-09-22 17:17:49
2026-09-21,QCOM,QUALCOMM climbs 9% to reach multi-month high,seekingalpha/QCOM,,,2026-09-22 17:17:49
2026-09-21,SBUX,"Starbucks to build India technology hub in Chennai, target 800 hires",seekingalpha/SBUX,,,2026-09-22 17:17:49
2026-09-21,SNDK,Sandisk Is Still Not Peaking,seekingalpha/SNDK,,,2026-09-22 17:17:49
2026-09-21,SNDK,Sandisk's AI Storage Story Just Got Much Bigger,seekingalpha/SNDK,,,2026-09-22 17:17:49
2026-09-21,SNDK,Sandisk: Pricing Contracts Have Inbuilt Price Depreciation,seekingalpha/SNDK,,,2026-09-22 17:17:49
2026-09-21,SO,Southern's Georgia Power signs deal with Google to add nuclear capacity,seekingalpha/SO,,,2026-09-22 17:17:49
2026-09-21,TDG,TransDigm’s Extant Aerospace to buy defense assets for $240M,seekingalpha/TDG,,,2026-09-22 17:17:49
2026-09-21,TPR,Tapestry: I Am Holding Because Of Coach And Not Buying Because Of Kate Spade,seekingalpha/TPR,,,2026-09-22 17:17:49
2026-09-21,TROW,Why I Took A Starter Position In T. Rowe Price Now,seekingalpha/TROW,,,2026-09-22 17:17:49
2026-09-21,TSLA,Tesla heads to trial over California claims of racial discrimination,seekingalpha/TSLA,,,2026-09-22 17:17:49
2026-09-21,TSLA,Tesla: Continuing To Defy Gravity Despite The Cybercab Setback,seekingalpha/TSLA,,,2026-09-22 17:17:49
2026-09-21,TSLA,Tesla: Why The 'Low-Quality' Tag Will Persist For 2 More Years,seekingalpha/TSLA,,,2026-09-22 17:17:49
2026-09-21,TSLA,Wall Street Breakfast Podcast: Musk's Texas Tunnel Vision,seekingalpha/TSLA,,,2026-09-22 17:17:49
2026-09-21,TTD,"Don't Buy The Dip, The Trade Desk Is Likely Heading Under $10",seekingalpha/TTD,,,2026-09-22 17:17:49
2026-09-21,TTD,"The Trade Desk: Believe It Or Not, Things Could Get Worse (Rating Downgrade)",seekingalpha/TTD,,,2026-09-22 17:17:49
2026-09-21,TTD,"The Trade Desk: My Worst Pick Of 2026, I'm Tax-Loss Harvesting (Downgrade)",seekingalpha/TTD,,,2026-09-22 17:17:49
2026-09-21,TTD,The Trade Desk: The Market Shift Is Undeniable (Rating Downgrade),seekingalpha/TTD,,,2026-09-22 17:17:49
2026-09-21,TTD,The Trade Desk: Value Trap And Contrarian Thesis Discussed - Not For The Weak,seekingalpha/TTD,,,2026-09-22 17:17:49
2026-09-21,VLO,Valero Energy dips 5% amid broader energy sector pullback,seekingalpha/VLO,,,2026-09-22 17:17:49
2026-09-21,VST,New Era Energy surges after securing 20-year power deal with Vistra,seekingalpha/VST,,,2026-09-22 17:17:49
2026-09-21,VTR,Ventas: Buy The Pullback As Senior Housing Boom Is Just Getting Started,seekingalpha/VTR,,,2026-09-22 17:17:49
2026-09-21,VZ,Verizon says contractor cut fiber cable amid Northeast flight disruptions,seekingalpha/VZ,,,2026-09-22 17:17:49
2026-09-21,WAB,Wabtec secures $700M+ Simandou services deal,seekingalpha/WAB,,,2026-09-22 17:17:49
2026-09-21,WBD,Major networks suspend White House pool coverage in solidarity with banned reporters — update,seekingalpha/WBD,,,2026-09-22 17:17:49
2026-09-21,WBD,"Paramount Skydance + Warner Bros.: Clearer Picture, Fuzzy Plot",seekingalpha/WBD,,,2026-09-22 17:17:49
2026-09-21,WBD,Warner Bros. Discovery climbs 11% after merger lawsuit settlement,seekingalpha/WBD,,,2026-09-22 17:17:49
2026-09-21,WELL,"JLL, DOC among 10 large and mega-cap REITs with strong momentum",seekingalpha/WELL,,,2026-09-22 17:17:49
2026-09-21,WTW,WTW lands global deal with Zurich Insurance to expand Radar deployment,seekingalpha/WTW,,,2026-09-22 17:17:49
2026-09-21,YUM,Yum! Brands: A Compelling Opportunity In The QSR Space,seekingalpha/YUM,,,2026-09-22 17:17:49
2026-09-22,AAPL,Apple is developing screenless fitness tracker: report,seekingalpha/AAPL,,,2026-09-22 17:17:49
2026-09-22,AAPL,Beats unveils new $350 over-ear headphones,seekingalpha/AAPL,,,2026-09-22 16:55:06
2026-09-22,AAPL,Meta's Muse brings agentic AI to consumers; could prompt 'massive inference demand': analysts,seekingalpha/AAPL,,,2026-09-23 01:15:01
2026-09-22,ABBV,AbbVie gains EU approval for Rinvoq to treat pediatric arthritis,seekingalpha/ABBV,,,2026-09-22 17:17:49
2026-09-22,ABNB,Airbnb enters grocery services with Instacart,seekingalpha/ABNB,,,2026-09-22 17:17:49
2026-09-22,ABT,"Abbott: Quality Remains, But Exact Sciences Has Raised The Bar For Buy",seekingalpha/ABT,,,2026-09-23 01:15:01
2026-09-22,ACN,"AI Is Coming For Consulting, But Accenture Is Fighting Back (Rating Downgrade)",seekingalpha/ACN,,,2026-09-22 17:17:49
2026-09-22,ACN,"Accenture, AWS launch AI and cloud offerings for mid-sized companies",seekingalpha/ACN,,,2026-09-22 17:17:49
2026-09-22,ADBE,Adobe: 1 Billion Users Is Not A Reason To Buy,seekingalpha/ADBE,,,2026-09-22 17:17:49
2026-09-22,ADI,"Analog Devices, Inc. (ADI) Presents at U.S. All Stars Conference Transcript",seekingalpha/ADI,,,2026-09-22 17:17:49
2026-09-22,AMAT,Applied Materials: Momentum Says 'Up'; The Cycle Says 'Down',seekingalpha/AMAT,,,2026-09-22 17:17:49
2026-09-22,AMAT,Applied Materials: Opportunity Is Brewing Again (Rating Upgrade),seekingalpha/AMAT,,,2026-09-22 17:17:49
2026-09-22,AMD,AMD At $1 Trillion: Gamma Squeeze Unlikely To Last Forever,seekingalpha/AMD,,,2026-09-23 01:15:01
2026-09-22,AMD,AMD's Next AI Boom Is Here,seekingalpha/AMD,,,2026-09-22 17:17:49
2026-09-22,AMD,AMD: $1 Trillion Does Not End The Story,seekingalpha/AMD,,,2026-09-22 17:17:49
2026-09-22,AMD,AMD: I Still Prefer Nvidia Or SOXX To This $1 Trillion Challenger,seekingalpha/AMD,,,2026-09-23 01:15:01
2026-09-22,AMD,AMD: Likely Dead Money From Here (Rating Downgrade),seekingalpha/AMD,,,2026-09-23 01:15:01
2026-09-22,AMD,AMD: Too Hot To Touch Now (Downgrade),seekingalpha/AMD,,,2026-09-22 17:17:49
2026-09-22,AMD,AMD: Welcome To The $1 Trillion Club; $740 Could Be Next (Rating Upgrade),seekingalpha/AMD,,,2026-09-22 17:17:49
2026-09-22,AMD,Meta's Muse brings agentic AI to consumers; could prompt 'massive inference demand': analysts,seekingalpha/AMD,,,2026-09-23 01:15:01
2026-09-22,AMGN,Amgen gains on late-stage trial win for Sjögren's disease therapy,seekingalpha/AMGN,,,2026-09-22 17:17:49
2026-09-22,AMT,Check 10 large-mega-cap US REITs flagged for weak momentum,seekingalpha/AMT,,,2026-09-22 17:17:49
2026-09-22,AMZN,AWS becomes first cloud provider approved for NATO restricted workloads,seekingalpha/AMZN,,,2026-09-22 17:17:49
2026-09-22,AMZN,"Accenture, AWS launch AI and cloud offerings for mid-sized companies",seekingalpha/AMZN,,,2026-09-22 17:17:49
2026-09-22,AMZN,Rivals on high alert as Paramount Skydance claims Warner Bros.,seekingalpha/AMZN,,,2026-09-22 17:17:49
2026-09-22,AMZN,Robinhood reports service recovery after AWS EC2 disruption,seekingalpha/AMZN,,,2026-09-22 17:17:49
2026-09-22,AMZN,Shopify partners with Meta's Muse as Amazon blocks it,seekingalpha/AMZN,,,2026-09-22 17:17:49
2026-09-22,AMZN,Wall Street Lunch: Meta's Muse Teams With Shopify After Amazon Ban,seekingalpha/AMZN,,,2026-09-22 17:17:49
2026-09-22,APH,"BNP Paribas ups estimates, price target on Amphenol after management meeting",seekingalpha/APH,,,2026-09-22 17:17:49
2026-09-22,APO,Apollo faces as much as $1.1B in loss on MFS collapse - report,seekingalpha/APO,,,2026-09-23 01:15:01
2026-09-22,APO,Apollo stands to receive only a tenth of what it lent to collapsed mortgage firm MFS - report,seekingalpha/APO,,,2026-09-24 01:13:02
2026-09-22,APO,Athene Holding Preferreds: Series E Stands Out At Present,seekingalpha/APO,,,2026-09-22 17:17:49
2026-09-22,ARE,Alexandria Real Estate: It Bounced Off Support And Is Now At Resistance,seekingalpha/ARE,,,2026-09-22 17:17:49
2026-09-22,ARE,"NNN, UE, KRC top list of 10 mid-cap U.S. REITs list with weak momentum grades",seekingalpha/ARE,,,2026-09-22 17:17:49
2026-09-22,ARE,"NNN, UE, KRC top list of 10 mid-cap U.S. REITs with weak momentum grades",seekingalpha/ARE,,,2026-09-24 01:13:02
2026-09-22,AVGO,How agentic AI impacts the semiconductor industry,seekingalpha/AVGO,,,2026-09-23 01:15:01
2026-09-22,AVGO,Meta's Muse brings agentic AI to consumers; could prompt 'massive inference demand': analysts,seekingalpha/AVGO,,,2026-09-23 01:15:01
2026-09-22,AXON,"Axon Enterprise: The $620 Million Question, And Why I Prefer ServiceNow",seekingalpha/AXON,,,2026-09-22 17:17:49
2026-09-22,AZO,"AutoZone GAAP EPS of $56.05 beats by $2.16, revenue of $6.59B misses by $110M",seekingalpha/AZO,,,2026-09-22 17:17:49
2026-09-22,AZO,AutoZone expects FY 2027 domestic comps flat to up low single digits while planning ~400 new stores and targeting ~300 Mega Hubs,seekingalpha/AZO,,,2026-09-23 01:15:01
2026-09-22,AZO,"AutoZone reports mixed FQ4 results reflecting tariff refunds, slumping comp sales, new stores",seekingalpha/AZO,,,2026-09-22 17:17:49
2026-09-22,AZO,"AutoZone, Inc. (AZO) Q4 2026 Earnings Call Transcript",seekingalpha/AZO,,,2026-09-23 01:15:01
2026-09-22,AZO,"AutoZone, Inc. 2026 Q4 - Results - Earnings Call Presentation",seekingalpha/AZO,,,2026-09-22 17:17:49
2026-09-22,AZO,Earnings Snapshot: AutoZone beats FQ4 EPS estimates despite slight revenue miss,seekingalpha/AZO,,,2026-09-22 17:17:49
2026-09-22,BAC,Six banks partner to develop principles for future development of agentic commerce,seekingalpha/BAC,,,2026-09-22 17:17:49
2026-09-22,BRK.B,Lennar stock jumps after Berkshire Hathaway raises stake,seekingalpha/BRK.B,,,2026-09-22 17:17:49
2026-09-22,BX,IDP Education rejects Blackstone’s improved A$695M takeover offer,seekingalpha/BX,,,2026-09-22 17:17:49
2026-09-22,CDNS,"Cadence's new RTL AI agent cuts chip design area 24%, power 18%",seekingalpha/CDNS,,,2026-09-22 17:17:49
2026-09-22,CI,Trump administration removes hundreds of thousands of Obamacare enrollees,seekingalpha/CI,,,2026-09-23 01:15:01
2026-09-22,CI,U.S. to remove hundreds of thousands of Obamacare enrollees,seekingalpha/CI,,,2026-09-22 17:17:49
2026-09-22,CLX,Clorox: The Fundamentals Are Deteriorating - The Dividends Won't Save You,seekingalpha/CLX,,,2026-09-22 17:17:49
2026-09-22,CMCSA,Rivals on high alert as Paramount Skydance claims Warner Bros.,seekingalpha/CMCSA,,,2026-09-22 17:17:49
2026-09-22,CME,CME Group adds Bitcoin Cash and Uniswap futures to its crypto derivatives line,seekingalpha/CME,,,2026-09-22 17:17:49
2026-09-22,CNC,Trump administration removes hundreds of thousands of Obamacare enrollees,seekingalpha/CNC,,,2026-09-23 01:15:01
2026-09-22,CNC,U.S. to remove hundreds of thousands of Obamacare enrollees,seekingalpha/CNC,,,2026-09-22 17:17:49
2026-09-22,COF,Six banks partner to develop principles for future development of agentic commerce,seekingalpha/COF,,,2026-09-22 17:17:49
2026-09-22,COIN,Coinbase: Why The Everything Exchange Strategy Ignites Recovery,seekingalpha/COIN,,,2026-09-22 17:17:49
2026-09-22,CPRT,Copart's Return To Growth Starts Now: Adair's $1.9B Bet On ACV Auctions,seekingalpha/CPRT,,,2026-09-22 17:17:49
2026-09-22,CVNA,"Carvana: Giving Loans To Everyone Who Wants Works, Until It Doesn't",seekingalpha/CVNA,,,2026-09-23 01:15:01
2026-09-22,CVX,Trump says he supports U.S. diesel export ban; Bessent says studying feasibility,seekingalpha/CVX,,,2026-09-24 01:13:02
2026-09-22,DASH,DoorDash to compensate NYC drivers who were undertipped,seekingalpha/DASH,,,2026-09-22 17:17:49
2026-09-22,DIS,Rivals on high alert as Paramount Skydance claims Warner Bros.,seekingalpha/DIS,,,2026-09-22 17:17:49
2026-09-22,EG,"RBC Capital initiates coverage of Everest, RenaissanceRe, SiriusPoint",seekingalpha/EG,,,2026-09-22 17:17:49
2026-09-22,ELV,Trump administration removes hundreds of thousands of Obamacare enrollees,seekingalpha/ELV,,,2026-09-23 01:15:01
2026-09-22,ELV,U.S. to remove hundreds of thousands of Obamacare enrollees,seekingalpha/ELV,,,2026-09-22 17:17:49
2026-09-22,EXPD,"Expeditors International of Washington, Inc. (EXPD) Discusses EEI Basics and Third Party Screening in Trade Compliance Webinar Transcript",seekingalpha/EXPD,,,2026-09-23 01:15:01
2026-09-22,EXPD,"Expeditors International of Washington, Inc. (EXPD) Discusses Recent Developments in the U.S. Customs Market Prepared Remarks Transcript",seekingalpha/EXPD,,,2026-09-24 01:13:02
2026-09-22,EXPE,Expedia announces partnership with Meta's Muse,seekingalpha/EXPE,,,2026-09-23 01:15:01
2026-09-22,EXR,Check 10 large-mega-cap US REITs flagged for weak momentum,seekingalpha/EXR,,,2026-09-22 17:17:49
2026-09-22,FDS,"FactSet acquires BCC Group International, bolstering market data capabilities",seekingalpha/FDS,,,2026-09-22 17:17:49
2026-09-22,FITB,"Fifth Third Bancorp raised to Buy at Citi on Comerica integration, higher rate setup",seekingalpha/FITB,,,2026-09-22 17:17:49
2026-09-22,FOX,Media outlets barred by Trump cover his UN appearance,seekingalpha/FOX,,,2026-09-22 17:17:49
2026-09-22,FOXA,Media outlets barred by Trump cover his UN appearance,seekingalpha/FOXA,,,2026-09-22 17:17:49
2026-09-22,GD,Defense stocks fall as Trump raises prospect of Iran peace deal at UN,seekingalpha/GD,,,2026-09-22 17:17:49
2026-09-22,GE,GE Aerospace declares $0.47 dividend,seekingalpha/GE,,,2026-09-22 17:17:49
2026-09-22,GE,GE Aerospace names Wes Bush independent lead director,seekingalpha/GE,,,2026-09-23 01:15:01
2026-09-22,GE,GE Aerospace: A $225 Million Investment That Could Alter The Future Of Aviation,seekingalpha/GE,,,2026-09-22 17:17:49
2026-09-22,GE,GE Aerospace: Why $100 Oil Doesn't Break The Bull Case,seekingalpha/GE,,,2026-09-23 01:15:01
2026-09-22,GEN,Gen Digital slips 6% amid recent weakness,seekingalpha/GEN,,,2026-09-23 01:15:01
2026-09-22,GS,Goldman Sachs in talks to acquire $37B credit firm Palmer Square - report,seekingalpha/GS,,,2026-09-22 17:17:49
2026-09-22,HII,Defense stocks fall as Trump raises prospect of Iran peace deal at UN,seekingalpha/HII,,,2026-09-22 17:17:49
2026-09-22,HOOD,Robinhood reports service recovery after AWS EC2 disruption,seekingalpha/HOOD,,,2026-09-22 17:17:49
2026-09-22,HOOD,Robinhood: The Simplicity Of This Thesis Is Precisely Why I'm Bullish,seekingalpha/HOOD,,,2026-09-22 17:17:49
2026-09-22,ICE,NYSE proposal to ease audits of new listings draws backlash,seekingalpha/ICE,,,2026-09-22 17:17:49
2026-09-22,INTC,Intel: The Smart Money Is Piling In,seekingalpha/INTC,,,2026-09-23 01:15:01
2026-09-22,INVH,Check 10 large-mega-cap US REITs flagged for weak momentum,seekingalpha/INVH,,,2026-09-22 17:17:49
2026-09-22,J,Jacobs wins advisory contract for Germany’s Konrad radioactive waste repository,seekingalpha/J,,,2026-09-22 17:17:49
2026-09-22,JPM,JPMorgan to step up investment in India's GIFT City branch - report,seekingalpha/JPM,,,2026-09-22 17:17:49
2026-09-22,KKR,KKR creates equipment finance platform for small and midmarket businesses,seekingalpha/KKR,,,2026-09-22 17:17:49
2026-09-22,KMI,"Kinder Morgan, Williams launched with Buy ratings at Melius as AI lifts gas power demand",seekingalpha/KMI,,,2026-09-23 01:15:01
2026-09-22,LDOS,Leidos wins Army contract worth up to $127 million,seekingalpha/LDOS,,,2026-09-23 01:15:01
2026-09-22,LDOS,"Leidos: Homeland Surge, Defense Bookings, And A Bargain Multiple",seekingalpha/LDOS,,,2026-09-24 01:13:02
2026-09-22,LEN,Lennar stock jumps after Berkshire Hathaway raises stake,seekingalpha/LEN,,,2026-09-22 17:17:49
2026-09-22,LEN,Lennar: Below Book Value Is Getting Hard To Ignore,seekingalpha/LEN,,,2026-09-22 17:17:49
2026-09-22,LH,Labcorp reaffirms long-term outlook despite preliminary CMS payment cuts,seekingalpha/LH,,,2026-09-23 01:15:01
2026-09-22,LH,"Labcorp's Future Driven By Clinical Testing Demand, Despite Impact From Medicare Cuts",seekingalpha/LH,,,2026-09-23 01:15:01
2026-09-22,LHX,Defense stocks fall as Trump raises prospect of Iran peace deal at UN,seekingalpha/LHX,,,2026-09-22 17:17:49
2026-09-22,LLY,Nektar Therapeutics drops as jury deliberates in Eli Lilly dispute over Rezpeg,seekingalpha/LLY,,,2026-09-23 01:15:01
2026-09-22,LMT,Defense stocks fall as Trump raises prospect of Iran peace deal at UN,seekingalpha/LMT,,,2026-09-22 17:17:49
2026-09-22,LOW,Lowe's Is On The Wrong Side Of Demographics,seekingalpha/LOW,,,2026-09-22 17:17:49
2026-09-22,LULU,lululemon: A 40% Selloff And Still No Bottom In Sight,seekingalpha/LULU,,,2026-09-23 01:15:01
2026-09-22,LUV,Southwest Airlines: A $900 Million Fuel Bill Is Hiding A Different Company,seekingalpha/LUV,,,2026-09-22 17:17:49
2026-09-22,MA,"SoFi goes live with stablecoin settlement across Mastercard's payments network, shares up",seekingalpha/MA,,,2026-09-22 17:17:49
2026-09-22,MAA,Mid-America Apartment Communities declares $1.53 dividend,seekingalpha/MAA,,,2026-09-23 01:15:01
2026-09-22,MCD,McDonald's Stock Selloff Is Hiding An Even Better Setup,seekingalpha/MCD,,,2026-09-22 17:17:49
2026-09-22,MCHP,"Microchip: Growth Accelerates, Margins Soar",seekingalpha/MCHP,,,2026-09-22 17:17:49
2026-09-22,MDT,Medtronic: Don't Miss Out On This Dividend Aristocrat Deal Now,seekingalpha/MDT,,,2026-09-22 17:17:49
2026-09-22,META,Expedia announces partnership with Meta's Muse,seekingalpha/META,,,2026-09-23 01:15:01
2026-09-22,META,Innodata surges after report suggests Meta's Muse could be a `big win',seekingalpha/META,,,2026-09-23 01:15:01
2026-09-22,META,Meta testing using 'human concierge' for new Muse app: report,seekingalpha/META,,,2026-09-23 01:15:01
2026-09-22,META,Meta's Muse brings agentic AI to consumers; could prompt 'massive inference demand': analysts,seekingalpha/META,,,2026-09-23 01:15:01
2026-09-22,META,Meta: AI Monetization Potential Is Finally Evident,seekingalpha/META,,,2026-09-23 01:15:01
2026-09-22,META,Meta: Muse Just Showed The Market What The CapEx Is For,seekingalpha/META,,,2026-09-22 17:17:49
2026-09-22,META,Meta: Why The Muse Announcement Has Me Downgrading The Stock,seekingalpha/META,,,2026-09-22 17:17:49
2026-09-22,META,PayPal teams up with Meta for Muse AI shopping bots,seekingalpha/META,,,2026-09-22 17:17:49
2026-09-22,META,Shopify partners with Meta's Muse as Amazon blocks it,seekingalpha/META,,,2026-09-22 17:17:49
2026-09-22,META,Wall Street Lunch: Meta's Muse Teams With Shopify After Amazon Ban,seekingalpha/META,,,2026-09-22 17:17:49
2026-09-22,MPC,Trump says he supports U.S. diesel export ban; Bessent says studying feasibility,seekingalpha/MPC,,,2026-09-24 01:13:02
2026-09-22,MPC,"Valero, Marathon cut at Jefferies, supporting less refining exposure after big gains",seekingalpha/MPC,,,2026-09-23 01:15:01
2026-09-22,MPWR,Monolithic Power Systems climbs 8% amid four-session recovery,seekingalpha/MPWR,,,2026-09-23 01:15:01
2026-09-22,MRK,Merck says FDA approved label update for PAH therapy Winrevair,seekingalpha/MRK,,,2026-09-22 17:17:49
2026-09-22,MS,Wall Street Lunch: Morgan Stanley Employee Accidentally Leaks Details On 100+ Deals,seekingalpha/MS,,,2026-09-25 01:08:08
2026-09-22,MSFT,Microsoft slips even as Oppenheimer ups price target,seekingalpha/MSFT,,,2026-09-22 16:55:06
2026-09-22,MSFT,Microsoft’s Xbox cuts 268 roles as Activision takes over ‘Halo’,seekingalpha/MSFT,,,2026-09-22 16:55:06
2026-09-22,MSFT,OpenAI president and MAGA Inc. mega-donor Brockman plans to attend Trump-Xi dinner: report,seekingalpha/MSFT,,,2026-09-22 16:55:06
2026-09-22,MU,How agentic AI impacts the semiconductor industry,seekingalpha/MU,,,2026-09-23 01:15:01
2026-09-22,MU,Meta's Muse brings agentic AI to consumers; could prompt 'massive inference demand': analysts,seekingalpha/MU,,,2026-09-23 01:15:01
2026-09-22,MU,Micron Q4 Preview: Robust Memory Demand Supports A Bullish Outlook,seekingalpha/MU,,,2026-09-23 01:15:01
2026-09-22,MU,"Micron Q4 Preview: Why $2,000 Is Becoming A Plausible Bull Case",seekingalpha/MU,,,2026-09-22 17:17:49
2026-09-22,MU,"Micron: Big Earnings, Big Money, But Maybe Big Disappointment",seekingalpha/MU,,,2026-09-22 17:17:49
2026-09-22,MU,"Why The Market Is Undervaluing Micron, Again (Earnings Preview)",seekingalpha/MU,,,2026-09-23 01:15:01
2026-09-22,NEE,"AI Needs More Electricity, And NextEra Is Building Ahead Of Demand",seekingalpha/NEE,,,2026-09-22 17:17:49
2026-09-22,NEE,"NextEra Energy: Undervalued, With A Dominion Energy Merger (Rating Upgrade)",seekingalpha/NEE,,,2026-09-22 17:17:49
2026-09-22,NEE,SA Asks: What are the most attractive nuclear energy stocks right now?,seekingalpha/NEE,,,2026-09-23 01:15:01
2026-09-22,NFLX,Netflix losing ground to YouTube — HSBC,seekingalpha/NFLX,,,2026-09-22 17:17:49
2026-09-22,NFLX,Rivals on high alert as Paramount Skydance claims Warner Bros.,seekingalpha/NFLX,,,2026-09-22 17:17:49
2026-09-22,NOC,Defense stocks fall as Trump raises prospect of Iran peace deal at UN,seekingalpha/NOC,,,2026-09-22 17:17:49
2026-09-22,NVDA,Meta's Muse brings agentic AI to consumers; could prompt 'massive inference demand': analysts,seekingalpha/NVDA,,,2026-09-23 01:15:01
2026-09-22,NVDA,Nvidia Is Building An AI Empire Rivals Cannot Replicate,seekingalpha/NVDA,,,2026-09-22 16:55:06
2026-09-22,NVDA,Nvidia-backed AI drugmaker Iambic Therapeutics seeks U.S. listing,seekingalpha/NVDA,,,2026-09-22 16:55:06
2026-09-22,NVDA,"Nvidia: Trucks, Tokens, And A 28x Multiple",seekingalpha/NVDA,,,2026-09-22 16:55:06
2026-09-22,O,Check 10 large-mega-cap US REITs flagged for weak momentum,seekingalpha/O,,,2026-09-22 17:17:49
2026-09-22,PANW,"Palo Alto Networks equips OpenAI, Anthropic frontier models into AI defense products",seekingalpha/PANW,,,2026-09-22 17:17:49
2026-09-22,PFE,Pfizer Inc. (PFE) Presents at U.S. All Stars Conference Transcript,seekingalpha/PFE,,,2026-09-22 17:17:49
2026-09-22,PFE,Pfizer: A Conservative Valuation Leaves Room For A Post-LOE Re-Rating,seekingalpha/PFE,,,2026-09-22 17:17:49
2026-09-22,PFE,"Pfizer: A Quietly Outperforming High-Dividend Idea, Pipeline On Watch (Upgrade)",seekingalpha/PFE,,,2026-09-24 01:13:02
2026-09-22,PFE,Pfizer: Stagnant Dividends At Rich Yields - Income Before Appreciation,seekingalpha/PFE,,,2026-09-22 17:17:49
2026-09-22,PFE,Pfizer: The Market Won't Pay For 2029 Until It Can - Downgrading To Hold,seekingalpha/PFE,,,2026-09-22 17:17:49
2026-09-22,PLTR,Palantir: The $10 Billion Inflection Is Bigger Than It Looks,seekingalpha/PLTR,,,2026-09-23 01:15:01
2026-09-22,PSKY,Rivals on high alert as Paramount Skydance claims Warner Bros.,seekingalpha/PSKY,,,2026-09-22 17:17:49
2026-09-22,PSX,Trump says he supports U.S. diesel export ban; Bessent says studying feasibility,seekingalpha/PSX,,,2026-09-24 01:13:02
2026-09-22,PYPL,PayPal teams up with Meta for Muse AI shopping bots,seekingalpha/PYPL,,,2026-09-22 17:17:49
2026-09-22,QCOM,Qualcomm embraces on-device agentic AI at Snapdragon Summit,seekingalpha/QCOM,,,2026-09-23 01:15:01
2026-09-22,QCOM,Qualcomm: The AI Story Is Far More Limited Than Bulls Want To Believe - Strong Sell,seekingalpha/QCOM,,,2026-09-22 17:17:49
2026-09-22,RCL,Royal Caribbean in talks to acquire Sandals Resorts in deal valued at $6B,seekingalpha/RCL,,,2026-09-23 01:15:01
2026-09-22,RDDT,Reddit's Valuation Is A Compelling Opportunity: Upgrading To Strong Buy,seekingalpha/RDDT,,,2026-09-22 17:17:49
2026-09-22,REG,Check 10 large-mega-cap US REITs flagged for weak momentum,seekingalpha/REG,,,2026-09-22 17:17:49
2026-09-22,RTX,Defense stocks fall as Trump raises prospect of Iran peace deal at UN,seekingalpha/RTX,,,2026-09-22 17:17:49
2026-09-22,RTX,RTX secures $105.6M AMRAAM parts deal from U.S. Air Force,seekingalpha/RTX,,,2026-09-23 01:15:01
2026-09-22,SNDK,Sandisk climbs 7% amid storage-sector strength,seekingalpha/SNDK,,,2026-09-23 01:15:01
2026-09-22,SNDK,Sandisk in spotlight as Rosenblatt starts with Buy rating,seekingalpha/SNDK,,,2026-09-22 17:17:49
2026-09-22,SNDK,"Sandisk: You Can Pace The Frontier, Not Its Memory Needs",seekingalpha/SNDK,,,2026-09-22 17:17:49
2026-09-22,SPY,2027: The Year The CRE Debt Maturity Wall Triggers Peak Pain,seekingalpha/SPY,,,2026-09-23 01:15:01
2026-09-22,SPY,"Europe Entering Another Energy Crisis, Markets Might See A Repeat Of 2022 Selloff",seekingalpha/SPY,,,2026-09-22 17:17:49
2026-09-22,SPY,"Midday Need to Know: Shopify up on AI shopping deal, Microsoft cuts Xbox jobs & more",seekingalpha/SPY,,,2026-09-22 17:17:49
2026-09-22,SPY,"S&P 500 rebound, tight volatility set stage for potential Q4 upside",seekingalpha/SPY,,,2026-09-22 17:17:49
2026-09-22,SPY,SA analyst: Geopolitics takes center stage as market risks rise,seekingalpha/SPY,,,2026-09-23 01:15:01
2026-09-22,SPY,The Stock Market Is Running On Fumes,seekingalpha/SPY,,,2026-09-22 17:17:49
2026-09-22,SPY,Too Big To Fail 2.0: Are Hyperscalers The 2026 Version Of Banks In 2008?,seekingalpha/SPY,,,2026-09-23 01:15:01
2026-09-22,SPY,Weekly ETFs: Eight of 11 sectors record outflows; Gold leads inflows,seekingalpha/SPY,,,2026-09-22 17:17:49
2026-09-22,SPY,Your Lunch Today Proves What The Fed Can't Really Fix,seekingalpha/SPY,,,2026-09-22 17:17:49
2026-09-22,SYF,Synchrony Financial: A Compounding Machine At 8x Earnings,seekingalpha/SYF,,,2026-09-22 17:17:49
2026-09-22,TSLA,"Tesla: Finally, Time To Say Enough Is Enough (Downgrade)",seekingalpha/TSLA,,,2026-09-22 17:17:49
2026-09-22,TSLA,Tesla: Trump Might Sink This Stock; Here's How,seekingalpha/TSLA,,,2026-09-22 17:17:49
2026-09-22,TTD,"The Trade Desk: I Was So Wrong, It's Time To Get Out",seekingalpha/TTD,,,2026-09-23 01:15:01
2026-09-22,TXN,Don't Sleep On (Analog) Semiconductors,seekingalpha/TXN,,,2026-09-23 01:15:01
2026-09-22,TXN,Texas Instruments: Time For Analog To Shine,seekingalpha/TXN,,,2026-09-23 01:15:01
2026-09-22,TXT,"Textron marks Aerosonde UAS flight, 500th Citation Latitude rollout",seekingalpha/TXT,,,2026-09-23 01:15:01
2026-09-22,UNH,UnitedHealth: Margin Recovery And Earnings Growth Support Further Upside,seekingalpha/UNH,,,2026-09-22 17:17:49
2026-09-22,VICI,Check 10 large-mega-cap US REITs flagged for weak momentum,seekingalpha/VICI,,,2026-09-22 17:17:49
2026-09-22,VICI,VICI Properties: I'm Flipping From Buy To Sell (Rating Downgrade),seekingalpha/VICI,,,2026-09-22 17:17:49
2026-09-22,VLO,Trump says he supports U.S. diesel export ban; Bessent says studying feasibility,seekingalpha/VLO,,,2026-09-24 01:13:02
2026-09-22,VLO,"Valero, Marathon cut at Jefferies, supporting less refining exposure after big gains",seekingalpha/VLO,,,2026-09-23 01:15:01
2026-09-22,VMRK,Check 10 large-mega-cap US REITs flagged for weak momentum,seekingalpha/VMRK,,,2026-09-22 17:17:49
2026-09-22,VOO,2027: The Year The CRE Debt Maturity Wall Triggers Peak Pain,seekingalpha/VOO,,,2026-09-23 01:15:01
2026-09-22,VOO,"AI Force? For China And America, Compute Is The Must-Have Resource",seekingalpha/VOO,,,2026-09-22 17:17:49
2026-09-22,VOO,"Europe Entering Another Energy Crisis, Markets Might See A Repeat Of 2022 Selloff",seekingalpha/VOO,,,2026-09-22 17:17:49
2026-09-22,VOO,"S&P 500 nears record level, but breadth shows signs of stress",seekingalpha/VOO,,,2026-09-22 17:17:49
2026-09-22,VOO,SA analyst: Geopolitics takes center stage as market risks rise,seekingalpha/VOO,,,2026-09-23 01:15:01
2026-09-22,VOO,The Stock Market Is Running On Fumes,seekingalpha/VOO,,,2026-09-22 17:17:49
2026-09-22,VOO,The Tech Sector Is Leaning Over Its Skis Again,seekingalpha/VOO,,,2026-09-22 17:17:49
2026-09-22,VOO,Too Big To Fail 2.0: Are Hyperscalers The 2026 Version Of Banks In 2008?,seekingalpha/VOO,,,2026-09-23 01:15:01
2026-09-22,VOO,Your Lunch Today Proves What The Fed Can't Really Fix,seekingalpha/VOO,,,2026-09-22 17:17:49
2026-09-22,VRTX,Vertex reports positive mid-stage results of inaxaplin for kidney disease,seekingalpha/VRTX,,,2026-09-22 17:17:49
2026-09-22,VTR,"Ventas: Investment-Grade Senior And Outpatient REIT, A Bet On Quality And Growth",seekingalpha/VTR,,,2026-09-22 17:17:49
2026-09-22,WBD,Media outlets barred by Trump cover his UN appearance,seekingalpha/WBD,,,2026-09-22 17:17:49
2026-09-22,WBD,Rivals on high alert as Paramount Skydance claims Warner Bros.,seekingalpha/WBD,,,2026-09-22 17:17:49
2026-09-22,WBD,Warner Bros. Discovery: Closing A Merger Can Be A Real Challenge,seekingalpha/WBD,,,2026-09-22 17:17:49
2026-09-22,WMB,"Kinder Morgan, Williams launched with Buy ratings at Melius as AI lifts gas power demand",seekingalpha/WMB,,,2026-09-23 01:15:01
2026-09-22,XOM,Exxon sees Brazil’s offshore Foz do Amazonas as next South American energy prize,seekingalpha/XOM,,,2026-09-23 01:15:01
2026-09-22,XOM,Trump says he supports U.S. diesel export ban; Bessent says studying feasibility,seekingalpha/XOM,,,2026-09-24 01:13:02
2026-09-23,A,"Agilent Technologies, Inc. (A) Presents at U.S. All Stars Conference Transcript",seekingalpha/A,,,2026-09-24 01:13:02
2026-09-23,AAPL,Apple's global iPhone 18 ship times decrease slightly year over year: BofA,seekingalpha/AAPL,,,2026-09-24 01:13:02
2026-09-23,ABBV,2026 2H Healthcare Dividend Roundup: Johnson & Johnson Outshines AbbVie,seekingalpha/ABBV,,,2026-09-24 01:13:02
2026-09-23,ABBV,AbbVie: Revenue Pressure And Weakening Earnings Support A 'Sell',seekingalpha/ABBV,,,2026-09-24 01:13:02
2026-09-23,ABNB,Airbnb broadens use of OpenAI models across engineering teams,seekingalpha/ABNB,,,2026-09-24 01:13:02
2026-09-23,ABNB,Travel weakness sends Airbnb lower by 8%,seekingalpha/ABNB,,,2026-09-24 01:13:02
2026-09-23,ABT,Abbott Laboratories: A Strong Business At A Fair Price,seekingalpha/ABT,,,2026-09-24 01:13:02
2026-09-23,ABT,Abbott partners with Berry Street to provide nutrition coaching to Lingo users,seekingalpha/ABT,,,2026-09-24 01:13:02
2026-09-23,ADI,Analog Devices: A More Constructive Backdrop Here,seekingalpha/ADI,,,2026-09-24 01:13:02
2026-09-23,ALL,Insurers trade higher after online insurance marketplace blocks Meta's Muse,seekingalpha/ALL,,,2026-09-24 01:13:02
2026-09-23,AMAT,Bipartisan chip export bills face delay in reaching US Senate floor for vote: report,seekingalpha/AMAT,,,2026-09-24 01:13:02
2026-09-23,AMD,AMD snaps six straight sessions of gains,seekingalpha/AMD,,,2026-09-24 01:13:02
2026-09-23,AMD,AMD: This Uptrend Is Far From Over,seekingalpha/AMD,,,2026-09-24 01:13:02
2026-09-23,AMD,Bipartisan chip export bills face delay in reaching US Senate floor for vote: report,seekingalpha/AMD,,,2026-09-24 01:13:02
2026-09-23,AMZN,"Best Buy, Amazon expand Fire TV deal to add advertising",seekingalpha/AMZN,,,2026-09-24 01:13:02
2026-09-23,AMZN,"Trump July disclosure: 1,156 trades, Microsoft and Amazon among largest sales",seekingalpha/AMZN,,,2026-09-24 01:13:02
2026-09-23,APO,"Apollo Global Management, Inc. (APO) Presents at Bank of America 31st Annual Financials CEO Conference Transcript",seekingalpha/APO,,,2026-09-24 01:13:02
2026-09-23,APO,Apollo caps private credit fund redemptions for third straight quarter,seekingalpha/APO,,,2026-09-24 01:13:02
2026-09-23,AVGO,"Broadcom: Hard To Ignore The Numbers, Buy Before The Market Catches Up",seekingalpha/AVGO,,,2026-09-24 01:13:02
2026-09-23,AVY,Avery Dennison Corporation (AVY) Discusses Strategic Importance and Growth Initiatives in High-Value Categories - Slideshow,seekingalpha/AVY,,,2026-09-24 01:13:02
2026-09-23,AXON,Flock Safety is evaluating a sale - Semafor,seekingalpha/AXON,,,2026-09-24 01:13:02
2026-09-23,AXON,"Trump July disclosure: 1,156 trades, Microsoft and Amazon among largest sales",seekingalpha/AXON,,,2026-09-24 01:13:02
2026-09-23,BA,Boeing pushes suppliers toward automation as jet production ramps up,seekingalpha/BA,,,2026-09-24 01:13:02
2026-09-23,BA,Boeing union backs new contract deal featuring higher wage increases,seekingalpha/BA,,,2026-09-24 01:13:02
2026-09-23,BA,"Boeing, Turkish Airlines finalize order for up to 150 737 Max Jets",seekingalpha/BA,,,2026-09-24 01:13:02
2026-09-23,BAC,Bank of America Corporation (BAC) Presents at Bank of America 31st Annual Financials CEO Conference Transcript,seekingalpha/BAC,,,2026-09-24 01:13:02
2026-09-23,BAC,Bank of America sees less-robust markets in Q3; highlights growth opportunities across businesses,seekingalpha/BAC,,,2026-09-24 01:13:02
2026-09-23,BBY,"Best Buy, Amazon expand Fire TV deal to add advertising",seekingalpha/BBY,,,2026-09-24 01:13:02
2026-09-23,BLK,"Cox Capital launches tender offers for shares of Blackstone, BlackRock private credit funds at discount to NAV",seekingalpha/BLK,,,2026-09-24 01:13:02
2026-09-23,BX,"Cox Capital launches tender offers for shares of Blackstone, BlackRock private credit funds at discount to NAV",seekingalpha/BX,,,2026-09-24 01:13:02
2026-09-23,BX,Nvidia-backed Firmus plans to raise $10B before Australian listing - report,seekingalpha/BX,,,2026-09-24 01:13:02
2026-09-23,C,Citi creates a platform to connect advertisers with Citi credit card customers,seekingalpha/C,,,2026-09-24 01:13:02
2026-09-23,C,Citigroup: Value Meets Operational Momentum,seekingalpha/C,,,2026-09-24 01:13:02
2026-09-23,CAT,"Data centers drive surge in U.S. construction starts, UBS says",seekingalpha/CAT,,,2026-09-24 01:13:02
2026-09-23,CB,Insurers trade higher after online insurance marketplace blocks Meta's Muse,seekingalpha/CB,,,2026-09-24 01:13:02
2026-09-23,CDNS,Cadence expands TSMC partnership to power next-gen AI chips,seekingalpha/CDNS,,,2026-09-24 01:13:02
2026-09-23,CHD,"Trump July disclosure: 1,156 trades, Microsoft and Amazon among largest sales",seekingalpha/CHD,,,2026-09-24 01:13:02
2026-09-23,COIN,Bitcoin slides back to $84K after strong U.S. business activity report,seekingalpha/COIN,,,2026-09-24 01:13:02
2026-09-23,COST,"Costco Q4 preview: Healthy earnings, margin risks, and anticipations of a ‘Christmas present’",seekingalpha/COST,,,2026-09-24 01:13:02
2026-09-23,CRM,Salesforce shares break six-session losing streak,seekingalpha/CRM,,,2026-09-24 01:13:02
2026-09-23,CRM,"Salesforce: AWU Economics Are Worsening, Now Faster Than Ever",seekingalpha/CRM,,,2026-09-24 01:13:02
2026-09-23,CRM,"Trump July disclosure: 1,156 trades, Microsoft and Amazon among largest sales",seekingalpha/CRM,,,2026-09-24 01:13:02
2026-09-23,CTAS,Cintas Corporation (CTAS) Q1 2027 Earnings Call Transcript,seekingalpha/CTAS,,,2026-09-24 01:13:02
2026-09-23,CTAS,"Cintas Non-GAAP EPS of $1.39 beats by $0.04, revenue of $3.01B beats by $30M",seekingalpha/CTAS,,,2026-09-24 01:13:02
2026-09-23,CTAS,Cintas forecasts fiscal 2027 adjusted EPS of $5.45-$5.54 as it raises revenue outlook to $12.15B-$12.27B,seekingalpha/CTAS,,,2026-09-24 01:13:02
2026-09-23,CTAS,"Cintas tops revenue estimate, raises fiscal 2027 outlook",seekingalpha/CTAS,,,2026-09-24 01:13:02
2026-09-23,CTAS,Cintas: Underperformance Continues Into 2026-2027E,seekingalpha/CTAS,,,2026-09-24 01:13:02
2026-09-23,CTSH,Cognizant: Rogue AI Agents Need Guardrails,seekingalpha/CTSH,,,2026-09-24 01:13:02
2026-09-23,CVX,Chevron CFO sees little relief anytime soon from elevated oil prices,seekingalpha/CVX,,,2026-09-24 01:13:02
2026-09-23,DE,"Data centers drive surge in U.S. construction starts, UBS says",seekingalpha/DE,,,2026-09-24 01:13:02
2026-09-23,DE,Deere: Time To Take Some Profits (Downgrade To Sell),seekingalpha/DE,,,2026-09-24 01:13:02
2026-09-23,DG,Instacart stock surges on Dollar General delivery deal,seekingalpha/DG,,,2026-09-24 01:13:02
2026-09-23,DGX,Quest Diagnostics Incorporated: Testing Growth Keeps Me Bullish Despite Medicare Headwinds,seekingalpha/DGX,,,2026-09-24 01:13:02
2026-09-23,DIS,Disney+ raising prices ad-free streaming prices,seekingalpha/DIS,,,2026-09-24 01:13:02
2026-09-23,DRI,Darden Restaurants Q1 2027 Earnings Preview,seekingalpha/DRI,,,2026-09-24 01:13:02
2026-09-23,DVN,Devon Energy gains on report activist investor Toms Capital is pushing for sale,seekingalpha/DVN,,,2026-09-24 01:13:02
2026-09-23,EME,"Data centers drive surge in U.S. construction starts, UBS says",seekingalpha/EME,,,2026-09-24 01:13:02
2026-09-23,EQT,"EQT expects higher 2026 U.S. gas production with lower spending, CEO says",seekingalpha/EQT,,,2026-09-24 01:13:02
2026-09-23,EXPE,Expedia Group slides 8% amid broad online travel selling,seekingalpha/EXPE,,,2026-09-24 01:13:02
2026-09-23,FCX,Freeport-McMoRan declares $0.15 dividend,seekingalpha/FCX,,,2026-09-24 01:13:02
2026-09-23,FCX,SA Asks: What's the best critical minerals stock play right now?,seekingalpha/FCX,,,2026-09-24 01:13:02
2026-09-23,FOX,"DOJ asks court to deny CNN, MS Now, and Politico credentials reinstatement",seekingalpha/FOX,,,2026-09-24 01:13:02
2026-09-23,FOXA,"DOJ asks court to deny CNN, MS Now, and Politico credentials reinstatement",seekingalpha/FOXA,,,2026-09-24 01:13:02
2026-09-23,GEHC,GE HealthCare Technologies boosts dividend by 14.3% to $0.04 a share,seekingalpha/GEHC,,,2026-09-24 01:13:02
2026-09-23,GEV,"GE Vernova, partners sign MoU to advance BWRX-300 small modular reactors in Europe",seekingalpha/GEV,,,2026-09-24 01:13:02
2026-09-23,GILD,Gilead: HIV Growth Is Not Enough At The Current Price,seekingalpha/GILD,,,2026-09-24 01:13:02
2026-09-23,GIS,"General Mills beats conservative FQ1 estimates, but higher costs weigh on profits",seekingalpha/GIS,,,2026-09-24 01:13:02
2026-09-23,GIS,General Mills in charts: North America retail sales fall 7% in Q1; pet segment is flat y/y,seekingalpha/GIS,,,2026-09-24 01:13:02
2026-09-23,GIS,General Mills outlines $750M fiscal 2027 cost savings as it expects inflation to reach ~6% in Q4,seekingalpha/GIS,,,2026-09-24 01:13:02
2026-09-23,GIS,"General Mills, Inc. (GIS) Q1 2027 Earnings Call Transcript",seekingalpha/GIS,,,2026-09-24 01:13:02
2026-09-23,GIS,"General Mills, Inc. 2027 Q1 - Results - Earnings Call Presentation",seekingalpha/GIS,,,2026-09-24 01:13:02
2026-09-23,GIS,"General Mills: Costs In Focus To Begin FY 2027, High Free Cash Flow, 6.9% Dividend",seekingalpha/GIS,,,2026-09-24 01:13:02
2026-09-23,GLW,Corning: The AI Fiber Demand Makes The Premium Worth Paying,seekingalpha/GLW,,,2026-09-24 01:13:02
2026-09-23,GM,General Motors Company (GM) Presents at U.S. All Stars Conference Transcript,seekingalpha/GM,,,2026-09-24 01:13:02
2026-09-23,GOOG,Google expands free AI video generation in Google Vids,seekingalpha/GOOG,,,2026-09-24 01:13:02
2026-09-23,GOOG,"Google unveils new Gemini 3.8 Flash TTS, Gemini 3.8 Flash-Lite TTS AI models",seekingalpha/GOOG,,,2026-09-24 01:13:02
2026-09-23,GOOG,"UK watchdog wants Google to offer broader search choices, including AI",seekingalpha/GOOG,,,2026-09-24 01:13:02
2026-09-23,GOOG,"YouTube offering creators new tools, incentives to ward off Netflix",seekingalpha/GOOG,,,2026-09-24 01:13:02
2026-09-23,GOOGL,Google expands free AI video generation in Google Vids,seekingalpha/GOOGL,,,2026-09-24 01:13:02
2026-09-23,GOOGL,"Google unveils new Gemini 3.8 Flash TTS, Gemini 3.8 Flash-Lite TTS AI models",seekingalpha/GOOGL,,,2026-09-24 01:13:02
2026-09-23,HONA,"Honeywell Aerospace lands Garuda maintenance deal, unveils F-35 cooling upgrade",seekingalpha/HONA,,,2026-09-24 01:13:02
2026-09-23,HOOD,"Robinhood: Tokenized Stocks Are Coming, But It's Time To Sell",seekingalpha/HOOD,,,2026-09-24 01:13:02
2026-09-23,ICE,"NYSE, Blockchain.com partner for 24/7/365 trading of tokenized securities",seekingalpha/ICE,,,2026-09-24 01:13:02
2026-09-23,INTC,Bipartisan chip export bills face delay in reaching US Senate floor for vote: report,seekingalpha/INTC,,,2026-09-24 01:13:02
2026-09-23,INTC,Intel Is Storming Back Into The AI Conversation - Reiterate Buy,seekingalpha/INTC,,,2026-09-24 01:13:02
2026-09-23,INTC,Intel: Beware The Muse AI-Driven FOMO Rally,seekingalpha/INTC,,,2026-09-24 01:13:02
2026-09-23,INTC,Intel: The Future Has Arguably Never Looked This Bright,seekingalpha/INTC,,,2026-09-24 01:13:02
2026-09-23,INTC,Intel: The Party Is Only Getting Started,seekingalpha/INTC,,,2026-09-24 01:13:02
2026-09-23,INTU,"Trump July disclosure: 1,156 trades, Microsoft and Amazon among largest sales",seekingalpha/INTU,,,2026-09-24 01:13:02
2026-09-23,J,"Data centers drive surge in U.S. construction starts, UBS says",seekingalpha/J,,,2026-09-24 01:13:02
2026-09-23,JNJ,2026 2H Healthcare Dividend Roundup: Johnson & Johnson Outshines AbbVie,seekingalpha/JNJ,,,2026-09-24 01:13:02
2026-09-23,JNJ,J&J says analysis demonstrates potential of Tecvayli-Darzalex combo for multiple myeloma,seekingalpha/JNJ,,,2026-09-24 01:13:02
2026-09-23,JPM,Private credit eyeing piece of JPMorgan’s credit card portfolio: WSJ,seekingalpha/JPM,,,2026-09-24 01:13:02
2026-09-23,KLAC,Bipartisan chip export bills face delay in reaching US Senate floor for vote: report,seekingalpha/KLAC,,,2026-09-24 01:13:02
2026-09-23,KMB,EU extends review of Kimberly-Clark’s $40B Kenvue deal,seekingalpha/KMB,,,2026-09-24 01:13:02
2026-09-23,LEN,Lennar declares $0.50 dividend,seekingalpha/LEN,,,2026-09-24 01:13:02
2026-09-23,LEN,Who's best positioned with housing under pressure?,seekingalpha/LEN,,,2026-09-24 01:13:02
2026-09-23,LH,Labcorp: The CMS Selloff Represents An Excellent Opportunity - Strong Buy,seekingalpha/LH,,,2026-09-24 01:13:02
2026-09-23,LHX,L3Harris Technologies wins $876M Navy contract boost to advance next-gen jammer,seekingalpha/LHX,,,2026-09-24 01:13:02
2026-09-23,LMT,"F-35 parts with stealth coating diverted to Hong Kong, taken by China",seekingalpha/LMT,,,2026-09-24 01:13:02
2026-09-23,LMT,Lockheed Martin says Mexico orders second Super Hercules,seekingalpha/LMT,,,2026-09-24 01:13:02
2026-09-23,LRCX,Bipartisan chip export bills face delay in reaching US Senate floor for vote: report,seekingalpha/LRCX,,,2026-09-24 01:13:02
2026-09-23,MCD,McDonald's Corporation (MCD) Analyst/Investor Day Transcript,seekingalpha/MCD,,,2026-09-24 01:13:02
2026-09-23,MCD,McDonald's puts $8.5B behind its next big comeback -- updated,seekingalpha/MCD,,,2026-09-24 01:13:02
2026-09-23,MDLZ,"Mondelez International: Tasty Fundamentals, But Not A Tasty Price",seekingalpha/MDLZ,,,2026-09-24 01:13:02
2026-09-23,MDT,Medtronic: Buy The 3% Yield And Strong Free Cash Flow Growth,seekingalpha/MDT,,,2026-09-24 01:13:02
2026-09-23,MDT,Medtronic: The Turnaround Is No Longer Quiet,seekingalpha/MDT,,,2026-09-24 01:13:02
2026-09-23,META,Insurers trade higher after online insurance marketplace blocks Meta's Muse,seekingalpha/META,,,2026-09-24 01:13:02
2026-09-23,META,Meta Just Leapfrogged Everyone In The AI Race,seekingalpha/META,,,2026-09-24 01:13:02
2026-09-23,META,Meta expected to address privacy concerns with camera-free smart glasses,seekingalpha/META,,,2026-09-24 01:13:02
2026-09-23,META,Meta is 'well positioned' as Cantor Fitzgerald says agents could be 'the third S-curve in AI',seekingalpha/META,,,2026-09-24 01:13:02
2026-09-23,META,Meta: Muse Could Become The Middleman For The Entire Internet Economy,seekingalpha/META,,,2026-09-24 01:13:02
2026-09-23,META,Muse Might Be The Product That Makes Meta's AI Spend Make Sense,seekingalpha/META,,,2026-09-24 01:13:02
2026-09-23,MGM,MGM Resorts plunges after Barry Diller's People Inc. withdraws takeover bid,seekingalpha/MGM,,,2026-09-25 01:08:08
2026-09-23,MLM,"Data centers drive surge in U.S. construction starts, UBS says",seekingalpha/MLM,,,2026-09-24 01:13:02
2026-09-23,MO,"U.S. weighs faster approval process for new vapes, nicotine pouches",seekingalpha/MO,,,2026-09-24 01:13:02
2026-09-23,MRK,CDC acknowledges one Pennsylvania measles death,seekingalpha/MRK,,,2026-09-24 01:13:02
2026-09-23,MRK,Merck's Melt-Up Triggers Profit-Taking Risks - Multi-Year Portfolio Renewal (Rating Downgrade),seekingalpha/MRK,,,2026-09-24 01:13:02
2026-09-23,MRNA,"Moderna, Inc. (MRNA) Presents at Bernstein Insights: Healthcare Leaders and Disruptors - 3rd Annual Healthcare Forum Transcript",seekingalpha/MRNA,,,2026-09-24 01:13:02
2026-09-23,MRVL,"Seaport starts bullish on Marvell, Semtech, and On Semi",seekingalpha/MRVL,,,2026-09-24 01:13:02
2026-09-23,MRVL,"Trump July disclosure: 1,156 trades, Microsoft and Amazon among largest sales",seekingalpha/MRVL,,,2026-09-24 01:13:02
2026-09-23,MS,Morgan Stanley accidentally leaks details on over 100 investment banking deals - report,seekingalpha/MS,,,2026-09-24 01:13:02
2026-09-23,MS,Wall Street Lunch: Morgan Stanley Employee Accidentally Leaks Details On 100+ Deals,seekingalpha/MS,,,2026-09-24 01:13:02
2026-09-23,MSFT,Microsoft plans more than $10B investment in Middle East through 2030,seekingalpha/MSFT,,,2026-09-24 01:13:02
2026-09-23,MSFT,Microsoft to keep shareholder proposal rights through 2027: report,seekingalpha/MSFT,,,2026-09-24 01:13:02
2026-09-23,MSFT,Microsoft upgraded at Stifel as firm says tech giant is 'getting back on track',seekingalpha/MSFT,,,2026-09-24 01:13:02
2026-09-23,MSFT,Microsoft: Buy This Early Recovery,seekingalpha/MSFT,,,2026-09-24 01:13:02
2026-09-23,MSFT,Microsoft: Fortunes Could Be Made,seekingalpha/MSFT,,,2026-09-24 01:13:02
2026-09-23,MSFT,"Trump July disclosure: 1,156 trades, Microsoft and Amazon among largest sales",seekingalpha/MSFT,,,2026-09-24 01:13:02
2026-09-23,MSI,Flock Safety is evaluating a sale - Semafor,seekingalpha/MSI,,,2026-09-24 01:13:02
2026-09-23,MU,"Michael Burry adds fresh shorts in Micron, Nebius, Palantir as chip supply ramps up",seekingalpha/MU,,,2026-09-24 01:13:02
2026-09-23,MU,Micron in focus as Citi ups estimates on better-than-expected DRAM pricing,seekingalpha/MU,,,2026-09-24 01:13:02
2026-09-23,MU,Micron: Signs Of A Rebellion In The Memory Market,seekingalpha/MU,,,2026-09-24 01:13:02
2026-09-23,NDAQ,"Nasdaq, Inc. (NDAQ) Presents at Autonomous 2026 Future of Commerce Symposium Transcript",seekingalpha/NDAQ,,,2026-09-24 01:13:02
2026-09-23,NOC,"Trump July disclosure: 1,156 trades, Microsoft and Amazon among largest sales",seekingalpha/NOC,,,2026-09-24 01:13:02
2026-09-23,NUE,"Data centers drive surge in U.S. construction starts, UBS says",seekingalpha/NUE,,,2026-09-24 01:13:02
2026-09-23,NVDA,Bipartisan chip export bills face delay in reaching US Senate floor for vote: report,seekingalpha/NVDA,,,2026-09-24 01:13:02
2026-09-23,NVDA,Nvidia director Mark Stevens sells another $300M in shares,seekingalpha/NVDA,,,2026-09-24 01:13:02
2026-09-23,NVDA,"Nvidia on track to snap six straight sessions of gains, down 2%",seekingalpha/NVDA,,,2026-09-24 01:13:02
2026-09-23,NVDA,Nvidia-backed Firmus plans to raise $10B before Australian listing - report,seekingalpha/NVDA,,,2026-09-24 01:13:02
2026-09-23,NVDA,"Trump July disclosure: 1,156 trades, Microsoft and Amazon among largest sales",seekingalpha/NVDA,,,2026-09-24 01:13:02
2026-09-23,NVR,Who's best positioned with housing under pressure?,seekingalpha/NVR,,,2026-09-24 01:13:02
2026-09-23,NXPI,Ambarella speculated to have a rival suitor - Betaville,seekingalpha/NXPI,,,2026-09-24 01:13:02
2026-09-23,O,Realty Income: YTD Lows Make The Monthly Dividend Attractive Again,seekingalpha/O,,,2026-09-24 01:13:02
2026-09-23,ON,"Seaport starts bullish on Marvell, Semtech, and On Semi",seekingalpha/ON,,,2026-09-24 01:13:02
2026-09-23,ORCL,Oracle's AI Economics Are Changing,seekingalpha/ORCL,,,2026-09-24 01:13:02
2026-09-23,ORCL,Oracle: Reality Check Incoming,seekingalpha/ORCL,,,2026-09-24 01:13:02
2026-09-23,ORCL,Oracle: The Most Mispriced AI Opportunity On The Market Today,seekingalpha/ORCL,,,2026-09-24 01:13:02
2026-09-23,ORCL,"Trump July disclosure: 1,156 trades, Microsoft and Amazon among largest sales",seekingalpha/ORCL,,,2026-09-24 01:13:02
2026-09-23,ORLY,"O'Reilly Automotive: Great Business, Still No Bargain",seekingalpha/ORLY,,,2026-09-24 01:13:02
2026-09-23,PAYX,Paychex Q1 Review: AI Is Still An Unproven Growth Lever,seekingalpha/PAYX,,,2026-09-24 01:13:02
2026-09-23,PAYX,Paychex falls 9% after earnings,seekingalpha/PAYX,,,2026-09-24 01:13:02
2026-09-23,PAYX,"Paychex reaffirms FY2027 guidance, updates PEO and insurance growth to 7%-8% with Q2 revenue growth expected at ~4%",seekingalpha/PAYX,,,2026-09-24 01:13:02
2026-09-23,PAYX,"Paychex stock slumps after Q1 earnings beat; earnings, revenue guidance unchanged",seekingalpha/PAYX,,,2026-09-24 01:13:02
2026-09-23,PAYX,"Paychex, Inc. (PAYX) Q1 2027 Earnings Call Transcript",seekingalpha/PAYX,,,2026-09-24 01:13:02
2026-09-23,PAYX,"Paychex, Inc. 2027 Q1 - Results - Earnings Call Presentation",seekingalpha/PAYX,,,2026-09-24 01:13:02
2026-09-23,PCG,PG&E drops to nearly four-year low after UBS downgrades as wildfire reform catalyst fades,seekingalpha/PCG,,,2026-09-24 01:13:02
2026-09-23,PFE,BridgeBio says heart disease therapy Attruby beat Pfizer’s Vyndamax in real world study,seekingalpha/PFE,,,2026-09-24 01:13:02
2026-09-23,PGR,Insurers trade higher after online insurance marketplace blocks Meta's Muse,seekingalpha/PGR,,,2026-09-24 01:13:02
2026-09-23,PLTR,"Michael Burry adds fresh shorts in Micron, Nebius, Palantir as chip supply ramps up",seekingalpha/PLTR,,,2026-09-24 01:13:02
2026-09-23,PM,"U.S. weighs faster approval process for new vapes, nicotine pouches",seekingalpha/PM,,,2026-09-24 01:13:02
2026-09-23,PSKY,Paramount Skydance evaluates tapping Elon Musk for equity investment - Semafor,seekingalpha/PSKY,,,2026-09-24 01:13:02
2026-09-23,PSKY,Paramount/Warner Bros.: I Read The Consent Decree; The Ellisons Won Even Bigger Than People Think,seekingalpha/PSKY,,,2026-09-24 01:13:02
2026-09-23,PWR,"Data centers drive surge in U.S. construction starts, UBS says",seekingalpha/PWR,,,2026-09-24 01:13:02
2026-09-23,QCOM,Qualcomm acquiring robotics software firm PickNik,seekingalpha/QCOM,,,2026-09-24 01:13:02
2026-09-23,QCOM,Qualcomm's Snapdragon Sound Elite Gen 2 aims to capture AI wearables market,seekingalpha/QCOM,,,2026-09-24 01:13:02
2026-09-23,RCL,Royal Caribbean Cruises' Potential Deal Has Shares In Rough Waters,seekingalpha/RCL,,,2026-09-24 01:13:02
2026-09-23,RCL,Royal Caribbean to buy 50% stake in Sandals Resorts for $3B,seekingalpha/RCL,,,2026-09-24 01:13:02
2026-09-23,REGN,"Regeneron Pharmaceuticals, Inc. (REGN) Presents at Bernstein Insights: Healthcare Leaders and Disruptors - 3rd Annual Healthcare Forum Transcript",seekingalpha/REGN,,,2026-09-24 01:13:02
2026-09-23,ROL,Rollins cut to neutral at Piper on impact from agentic AI,seekingalpha/ROL,,,2026-09-25 01:08:08
2026-09-23,RTX,Boeing pushes suppliers toward automation as jet production ramps up,seekingalpha/RTX,,,2026-09-24 01:13:02
2026-09-23,RTX,"RTX’s Collins Aerospace expands aftermarket deals with ST Engineering, Royal Brunei",seekingalpha/RTX,,,2026-09-24 01:13:02
2026-09-23,SLB,SLB wins contract for 548K bbl/day Oman facility expansion,seekingalpha/SLB,,,2026-09-24 01:13:02
2026-09-23,SNDK,Sandisk's $15.5 Billion Buyback Could Retire Up To 5.6% Of Current Shares,seekingalpha/SNDK,,,2026-09-24 01:13:02
2026-09-23,SNDK,Sandisk: Supply Is Getting Worse And Worse,seekingalpha/SNDK,,,2026-09-24 01:13:02
2026-09-23,SPY,American Fuel First: Trump's Diesel Export Ban And The European Fallout,seekingalpha/SPY,,,2026-09-24 01:13:02
2026-09-23,SPY,Hormuz Reopening Won't Save The Bond Market,seekingalpha/SPY,,,2026-09-24 01:13:02
2026-09-23,SPY,Interest Rates May Be Heading Much Higher,seekingalpha/SPY,,,2026-09-24 01:13:02
2026-09-23,SPY,SA analyst: Treasury yields signal more pressure ahead,seekingalpha/SPY,,,2026-09-24 01:13:02
2026-09-23,SPY,This Boring Market Is Good News For Investors,seekingalpha/SPY,,,2026-09-24 01:13:02
2026-09-23,SPY,Why Banning AI Won't Save Jobs: It Will Only Guarantee Economic Collapse,seekingalpha/SPY,,,2026-09-24 01:13:02
2026-09-23,SRE,Sempra: A Solid Margin Of Safety For A High-Growth Utility (Rating Upgrade),seekingalpha/SRE,,,2026-09-25 01:08:08
2026-09-23,STLD,"Data centers drive surge in U.S. construction starts, UBS says",seekingalpha/STLD,,,2026-09-24 01:13:02
2026-09-23,STT,State Street's investment management unit launches three new ETFs,seekingalpha/STT,,,2026-09-24 01:13:02
2026-09-23,SW,Smurfit Westrock to buy Empresas' Chile containerboard business in $420M deal,seekingalpha/SW,,,2026-09-24 01:13:02
2026-09-23,TGT,Target declares $1.16 dividend,seekingalpha/TGT,,,2026-09-24 01:13:02
2026-09-23,TRV,Insurers trade higher after online insurance marketplace blocks Meta's Muse,seekingalpha/TRV,,,2026-09-24 01:13:02
2026-09-23,TSLA,Tesla: I Believe In The Future. I Don't Believe In The Math,seekingalpha/TSLA,,,2026-09-24 01:13:02
2026-09-23,URI,"Data centers drive surge in U.S. construction starts, UBS says",seekingalpha/URI,,,2026-09-24 01:13:02
2026-09-23,V,"Visa deposits $405M into escrow account, having the effect of stock buyback",seekingalpha/V,,,2026-09-24 01:13:02
2026-09-23,VEEV,Veeva Systems gains new top 20 biopharma win for Vault CRM,seekingalpha/VEEV,,,2026-09-24 01:13:02
2026-09-23,VLTO,Veralto declares $0.13 dividend,seekingalpha/VLTO,,,2026-09-24 01:13:02
2026-09-23,VMC,"Data centers drive surge in U.S. construction starts, UBS says",seekingalpha/VMC,,,2026-09-24 01:13:02
2026-09-23,VOO,American Fuel First: Trump's Diesel Export Ban And The European Fallout,seekingalpha/VOO,,,2026-09-24 01:13:02
2026-09-23,VOO,Hormuz Reopening Won't Save The Bond Market,seekingalpha/VOO,,,2026-09-24 01:13:02
2026-09-23,VOO,Interest Rates May Be Heading Much Higher,seekingalpha/VOO,,,2026-09-24 01:13:02
2026-09-23,VOO,SA analyst: Treasury yields signal more pressure ahead,seekingalpha/VOO,,,2026-09-24 01:13:02
2026-09-23,VOO,This Boring Market Is Good News For Investors,seekingalpha/VOO,,,2026-09-24 01:13:02
2026-09-23,VOO,Why Banning AI Won't Save Jobs: It Will Only Guarantee Economic Collapse,seekingalpha/VOO,,,2026-09-24 01:13:02
2026-09-23,VRSK,"Verisk Analytics, Inc. (VRSK) Presents at U.S. All Stars Conference Transcript",seekingalpha/VRSK,,,2026-09-24 01:13:02
2026-09-23,VRTX,Vertex Pharmaceuticals Incorporated (VRTX) Presents at Bank of America Global Healthcare Conference 2026 Transcript,seekingalpha/VRTX,,,2026-10-08 02:34:29
2026-09-23,VTRS,"Viatris, Teva initiated at Outperform at Oppenheimer",seekingalpha/VTRS,,,2026-09-24 01:13:02
2026-09-23,VZ,Verizon announces $70M investment in nationwide AI upskilling initiative,seekingalpha/VZ,,,2026-09-24 01:13:02
2026-09-23,WAT,Waters Corporation (WAT) Presents at U.S. All Stars Conference Transcript,seekingalpha/WAT,,,2026-09-24 01:13:02
2026-09-23,WAT,Waters: Positive Momentum Rides High Again,seekingalpha/WAT,,,2026-09-24 01:13:02
2026-09-23,WBD,"DOJ asks court to deny CNN, MS Now, and Politico credentials reinstatement",seekingalpha/WBD,,,2026-09-24 01:13:02
2026-09-23,WBD,Paramount Skydance evaluates tapping Elon Musk for equity investment - Semafor,seekingalpha/WBD,,,2026-09-24 01:13:02
2026-09-23,WBD,Paramount/Warner Bros.: I Read The Consent Decree; The Ellisons Won Even Bigger Than People Think,seekingalpha/WBD,,,2026-09-24 01:13:02
2026-09-23,WFC,Wells Fargo's chief operating officer to become risk chief,seekingalpha/WFC,,,2026-09-24 01:13:02
2026-09-23,XEL,Xcel Energy: When 3.3% Is Better Than 7.1%,seekingalpha/XEL,,,2026-09-24 01:13:02
2026-09-24,AAPL,Qualcomm slips even as it renews patent license agreement with Apple,seekingalpha/AAPL,,,2026-09-25 01:08:08
2026-09-24,AJG,"Arthur J. Gallagher & Co. (AJG) Discusses Business Strategies, Insurance Market Conditions, and Financial Outlook - Slideshow",seekingalpha/AJG,,,2026-09-25 01:08:08
2026-09-24,AJG,"Arthur J. Gallagher & Co. (AJG) Discusses Business Strategies, Insurance Market Conditions, and Financial Outlook Transcript",seekingalpha/AJG,,,2026-09-25 01:08:08
2026-09-24,AKAM,"Akamai Technologies, Inc. (AKAM) Discusses Landmark Multi-Billion Dollar Cloud Infrastructure Contract and Impact on Business Growth Transcript",seekingalpha/AKAM,,,2026-09-25 01:08:08
2026-09-24,AKAM,Akamai surges after announcing massive deal with Anthropic,seekingalpha/AKAM,,,2026-09-25 01:08:08
2026-09-24,AMAT,"SA analyst upgrades/downgrades: TSLA, AMD, AMAT, SPCX",seekingalpha/AMAT,,,2026-09-25 01:08:08
2026-09-24,AMD,AMD: AI Agents Give Its Memory Advantage A Much Bigger Market,seekingalpha/AMD,,,2026-09-25 01:08:08
2026-09-24,AMD,AMD: The AI Spending Cycle Could Hit A Wall,seekingalpha/AMD,,,2026-09-25 01:08:08
2026-09-24,AMD,Being Picky With Stocks More Important Than Ever,seekingalpha/AMD,,,2026-09-25 01:08:08
2026-09-24,AMD,"SA analyst upgrades/downgrades: TSLA, AMD, AMAT, SPCX",seekingalpha/AMD,,,2026-09-25 01:08:08
2026-09-24,AMGN,FDA commissioner nominee Overton rebuffs questions about Trump medical claims,seekingalpha/AMGN,,,2026-09-25 01:08:08
2026-09-24,AMZN,"Amazon plans $100M Indiana manufacturing hub, 300 jobs",seekingalpha/AMZN,,,2026-09-25 01:08:08
2026-09-24,AMZN,Amazon plans a $3B India quick-commerce investment by 2030: report,seekingalpha/AMZN,,,2026-09-25 01:08:08
2026-09-24,AMZN,Amazon: Market Is Misunderstanding The Threat From Meta Muse (Rating Upgrade),seekingalpha/AMZN,,,2026-09-25 01:08:08
2026-09-24,ARE,"Alexandria Real Estate: Near 7% Yield And Single-Digit Multiple Attractive, But I Haven't Seen Enough Yet",seekingalpha/ARE,,,2026-09-25 01:08:08
2026-09-24,ARE,Realty Income downgraded at Scotiabank; J.P. Morgan makes 11 REIT rating changes,seekingalpha/ARE,,,2026-09-25 01:08:08
2026-09-24,ARES,"Ares, Carlyle initiated at Piper Sandler with Buy equivalent",seekingalpha/ARES,,,2026-09-25 01:08:08
2026-09-24,AVGO,"Broadcom: China Just Added A New Risk To The AI Story, Beyond Margins",seekingalpha/AVGO,,,2026-09-25 01:08:08
2026-09-24,AVY,Avery Dennison Corporation (AVY) Discusses Strategic Importance and Growth Initiatives in High-Value Categories Transcript,seekingalpha/AVY,,,2026-09-25 01:08:08
2026-09-24,BA,Boeing’s hopes for bigger China jet deal fade ahead of Trump-Xi summit,seekingalpha/BA,,,2026-09-25 01:08:08
2026-09-24,BA,Hopes for a new Boeing-China deal fade - report,seekingalpha/BA,,,2026-09-25 01:08:08
2026-09-24,BA,India's Akasa Air is said to weigh order for more than 200 Boeing 737 Max jets,seekingalpha/BA,,,2026-09-25 01:08:08
2026-09-24,BA,Planes and cars to chips and arms: What's on the table for Trump and Xi,seekingalpha/BA,,,2026-09-25 01:08:08
2026-09-24,BAC,"Bank of America plans additional hiring, workforce development",seekingalpha/BAC,,,2026-09-25 01:08:08
2026-09-24,BAC,Bank of America: A Decent Value Play Amid A Sharp Selloff (Upgrade),seekingalpha/BAC,,,2026-09-25 01:08:08
2026-09-24,BAC,Bank of America: Strong Core Earnings Make The Recent Selloff Attractive,seekingalpha/BAC,,,2026-09-25 01:08:08
2026-09-24,BG,Bunge Global: A Mispricing Appears,seekingalpha/BG,,,2026-09-25 01:08:08
2026-09-24,BKNG,BTIG thinks AI agent fears with Booking Holdings are overdone,seekingalpha/BKNG,,,2026-09-25 01:08:08
2026-09-24,BMY,FDA commissioner nominee Overton rebuffs questions about Trump medical claims,seekingalpha/BMY,,,2026-09-25 01:08:08
2026-09-24,BRK.B,"Berkshire Hathaway: The Next Move, Hyperscaler Symbiosis, And Hard-Asset Arbitrage",seekingalpha/BRK.B,,,2026-09-25 01:08:08
2026-09-24,BX,Blackstone launches BXPM fund to simplify access to private markets,seekingalpha/BX,,,2026-09-25 01:08:08
2026-09-24,C,Citi offers higher savings rate for clients who consolidate at the bank,seekingalpha/C,,,2026-09-25 01:08:08
2026-09-24,C,Citigroup: Meta's Muse Just Created The Last Thing This Name Needs - Sell,seekingalpha/C,,,2026-09-25 01:08:08
2026-09-24,CBRE,CBRE gets contract to operate and maintain Fermi's first data center,seekingalpha/CBRE,,,2026-09-25 01:08:08
2026-09-24,CLX,Clorox declares $1.25 dividend,seekingalpha/CLX,,,2026-09-25 01:08:08
2026-09-24,CLX,Clorox's Selloff May Not Be Over Yet (Rating Downgrade),seekingalpha/CLX,,,2026-09-25 01:08:08
2026-09-24,CLX,"Clorox: Operations Should Improve Going Forward, But I'll Be Patient",seekingalpha/CLX,,,2026-09-26 01:12:21
2026-09-24,CNP,CenterPoint Energy selected for $50M DOE grid upgrade award,seekingalpha/CNP,,,2026-09-25 01:08:08
2026-09-24,COST,"Costco GAAP EPS of $20.76 beats by $0.20, revenue of $303.15B beats by $1.16B",seekingalpha/COST,,,2026-09-25 01:08:08
2026-09-24,COST,Costco Wholesale Corporation (COST) Q4 2026 Earnings Call Transcript,seekingalpha/COST,,,2026-09-25 01:08:08
2026-09-24,COST,Costco beats sales and profit expectations as comparable sales continue to surge,seekingalpha/COST,,,2026-09-25 01:08:08
2026-09-24,COST,Costco in charts: E-commerce adjusted comparable sales drop to ~20%,seekingalpha/COST,,,2026-09-25 01:08:08
2026-09-24,COST,Costco outlines $7.5B FY2027 capex plan as it targets 33 warehouse openings,seekingalpha/COST,,,2026-09-25 01:08:08
2026-09-24,COST,"Earnings Snapshot: Costco Q4 sales rise 11.2%, revenue hits $95.72B; profit solid",seekingalpha/COST,,,2026-09-25 01:08:08
2026-09-24,CRL,"Charles River Laboratories International, Inc. (CRL) Analyst/Investor Day - Slideshow",seekingalpha/CRL,,,2026-09-25 01:08:08
2026-09-24,CRL,"Charles River Laboratories International, Inc. (CRL) Analyst/Investor Day Transcript",seekingalpha/CRL,,,2026-09-25 01:08:08
2026-09-24,CRL,Charles River rises on Investor Day on promising 2026 outlook,seekingalpha/CRL,,,2026-09-25 01:08:08
2026-09-24,CVS,CVS Health shares fell for eight consecutive sessions,seekingalpha/CVS,,,2026-09-25 01:08:08
2026-09-24,CVX,Big oil mobilizes to block Trump's diesel export ban idea: WSJ,seekingalpha/CVX,,,2026-09-25 01:08:08
2026-09-24,CVX,Chevron: Buy On Long-Term Signals And Forget About It,seekingalpha/CVX,,,2026-09-25 01:08:08
2026-09-24,CVX,Chevron: Overvalued In Current Oil Environment,seekingalpha/CVX,,,2026-09-25 01:08:08
2026-09-24,DAL,Delta Air Lines declares $0.215 dividend,seekingalpha/DAL,,,2026-09-25 01:08:08
2026-09-24,DD,DuPont: Secular Growth And Margin Expansion Should Drive Good Upside,seekingalpha/DD,,,2026-09-25 01:08:08
2026-09-24,DG,Dollar General's turnaround moves from promise to delivery -- HSBC,seekingalpha/DG,,,2026-09-25 01:08:08
2026-09-24,DG,"Investors turn defensive, bidding up Kroger and Dollar General",seekingalpha/DG,,,2026-09-25 01:08:08
2026-09-24,DHR,"Danaher Isn't Anything Special, Even After Absorbing Masimo",seekingalpha/DHR,,,2026-09-25 01:08:08
2026-09-24,DRI,Darden Restaurants Delivers Despite Inflationary Pressures,seekingalpha/DRI,,,2026-09-25 01:08:08
2026-09-24,DRI,Darden Restaurants declares $1.62 dividend,seekingalpha/DRI,,,2026-09-25 01:08:08
2026-09-24,DRI,Darden Restaurants slips after FQ1 revenue falls short of expectations,seekingalpha/DRI,,,2026-09-25 01:08:08
2026-09-24,DRI,"Darden Restaurants, Inc. (DRI) Q1 2027 Earnings Call Transcript",seekingalpha/DRI,,,2026-09-25 01:08:08
2026-09-24,DRI,"Darden Restaurants, Inc. 2027 Q1 - Results - Earnings Call Presentation",seekingalpha/DRI,,,2026-09-25 01:08:08
2026-09-24,DRI,Darden reaffirms FY2027 EPS $11.10-$11.35 as Yard House targets 13 openings,seekingalpha/DRI,,,2026-09-25 01:08:08
2026-09-24,DVN,BP weighing potential acquisition ​of Devon Energy's South Texas shale assets - Reuters,seekingalpha/DVN,,,2026-09-25 01:08:08
2026-09-24,ECL,Ecolab: An Essentials-Focused Dividend Aristocrat,seekingalpha/ECL,,,2026-09-25 01:08:08
2026-09-24,ECL,"Ecolab: CoolIT Makes The Growth Case Stronger, But The Stock Is Priced For It",seekingalpha/ECL,,,2026-09-25 01:08:08
2026-09-24,EQIX,Equinix Offers Great Value And Durable Growth Beyond The AI Capex Cycle,seekingalpha/EQIX,,,2026-09-25 01:08:08
2026-09-24,F,"EU car market grows in August, with BEVs taking 21.7% share",seekingalpha/F,,,2026-09-25 01:08:08
2026-09-24,F,Planes and cars to chips and arms: What's on the table for Trump and Xi,seekingalpha/F,,,2026-09-25 01:08:08
2026-09-24,FITB,Fifth Third Bancorp to redeem $500M senior notes due 2027,seekingalpha/FITB,,,2026-09-25 01:08:08
2026-09-24,FOX,"Judge lifts Trump's White House ban on CNN, MS NOW, Politico",seekingalpha/FOX,,,2026-09-25 01:08:08
2026-09-24,FOXA,"Judge lifts Trump's White House ban on CNN, MS NOW, Politico",seekingalpha/FOXA,,,2026-09-25 01:08:08
2026-09-24,FOXA,Newsmax chief Ruddy pushes for DOJ to block Fox's $22B Roku deal - Semafor,seekingalpha/FOXA,,,2026-09-25 01:08:08
2026-09-24,FSLR,First Solar leads big solar sector drop as high borrowing costs threaten project financing,seekingalpha/FSLR,,,2026-09-25 01:08:08
2026-09-24,GDDY,GoDaddy jumps on report of takeover offer from Gen Digital,seekingalpha/GDDY,,,2026-09-25 01:08:08
2026-09-24,GEN,GoDaddy jumps on report of takeover offer from Gen Digital,seekingalpha/GEN,,,2026-09-25 01:08:08
2026-09-24,GEV,"GE Vernova: AI Public Backlash Grows, But Data Center Growth Is On Track",seekingalpha/GEV,,,2026-09-25 01:08:08
2026-09-24,GEV,GE Vernova: Overbought Risks Negate Outsized Demand/Backlog Trends - Initiate Hold,seekingalpha/GEV,,,2026-09-25 01:08:08
2026-09-24,GM,Planes and cars to chips and arms: What's on the table for Trump and Xi,seekingalpha/GM,,,2026-09-25 01:08:08
2026-09-24,GOOG,Alphabet: Something Big Is Coming,seekingalpha/GOOG,,,2026-09-25 01:08:08
2026-09-24,GOOG,Alphabet: The Gemini-Cloud Divergence Hides A $1 Trillion Opportunity,seekingalpha/GOOG,,,2026-09-25 01:08:08
2026-09-24,GOOG,BNP Paribas expands Google Cloud pact to support agentic AI,seekingalpha/GOOG,,,2026-09-25 01:08:08
2026-09-24,GOOG,Google brings Gemini into AI agent race with business-calling feature,seekingalpha/GOOG,,,2026-09-25 01:08:08
2026-09-24,GOOG,Google to test AI chips in space as Suncatcher project advances,seekingalpha/GOOG,,,2026-09-25 01:08:08
2026-09-24,GOOG,Google unveils new Gemini 3.8 Live with Live Avatar model,seekingalpha/GOOG,,,2026-09-25 01:08:08
2026-09-24,GOOGL,Alphabet: Something Big Is Coming,seekingalpha/GOOGL,,,2026-09-25 01:08:08
2026-09-24,GOOGL,Alphabet: The Gemini-Cloud Divergence Hides A $1 Trillion Opportunity,seekingalpha/GOOGL,,,2026-09-25 01:08:08
2026-09-24,GOOGL,BNP Paribas expands Google Cloud pact to support agentic AI,seekingalpha/GOOGL,,,2026-09-25 01:08:08
2026-09-24,GOOGL,Google brings Gemini into AI agent race with business-calling feature,seekingalpha/GOOGL,,,2026-09-25 01:08:08
2026-09-24,GOOGL,Google to test AI chips in space as Suncatcher project advances,seekingalpha/GOOGL,,,2026-09-25 01:08:08
2026-09-24,GOOGL,Google unveils new Gemini 3.8 Live with Live Avatar model,seekingalpha/GOOGL,,,2026-09-25 01:08:08
2026-09-24,GS,"Goldman Sachs Upgraded To Buy After Recent Pullback, Betting On Quality And Durability",seekingalpha/GS,,,2026-09-25 01:08:08
2026-09-24,GS,Goldman Sachs said to have earned over $200M in fees this year from Situational Awareness,seekingalpha/GS,,,2026-09-25 01:08:08
2026-09-24,HON,Honeywell: Post-Spin Growth Story Is Just Getting Started,seekingalpha/HON,,,2026-09-25 01:08:08
2026-09-24,IBM,IBM expands digital asset push with Swift blockchain integration,seekingalpha/IBM,,,2026-09-25 01:08:08
2026-09-24,INTC,"Meta's AI Agents Are Putting CPUs In Data Centers, But That's Not Bullish For Intel",seekingalpha/INTC,,,2026-09-25 01:08:08
2026-09-24,INTC,"SA Asks: Is Intel a buy, hold or sell right now?",seekingalpha/INTC,,,2026-09-25 01:08:08
2026-09-24,INVH,Invitation Homes: Investment-Grade Single-Family REIT Riding The Wave Of Rental Demand,seekingalpha/INVH,,,2026-09-25 01:08:08
2026-09-24,J,Jacobs wins contract extension for thyssenkrupp direct reduction plant in Germany,seekingalpha/J,,,2026-09-25 01:08:08
2026-09-24,J,Jacobs: Increased Scope Of AI Work And Margin Improvement Should Help Deliver Good Upside,seekingalpha/J,,,2026-09-25 01:08:08
2026-09-24,JNJ,FDA commissioner nominee Overton rebuffs questions about Trump medical claims,seekingalpha/JNJ,,,2026-09-25 01:08:08
2026-09-24,KR,"Investors turn defensive, bidding up Kroger and Dollar General",seekingalpha/KR,,,2026-09-25 01:08:08
2026-09-24,LLY,FDA commissioner nominee Overton rebuffs questions about Trump medical claims,seekingalpha/LLY,,,2026-09-25 01:08:08
2026-09-24,LLY,InnoCare inks licensing deal with Eli Lilly worth up to $3.35B,seekingalpha/LLY,,,2026-09-25 01:08:08
2026-09-24,LLY,"Lilly wins FDA nod for once-weekly insulin product, Onswik",seekingalpha/LLY,,,2026-09-25 01:08:08
2026-09-24,LMT,"Elroy Air boosts PIPE commitments to $175M, Lockheed Martin Ventures joins",seekingalpha/LMT,,,2026-09-25 01:08:08
2026-09-24,LOW,Lowe's begins testing drone delivery,seekingalpha/LOW,,,2026-09-25 01:08:08
2026-09-24,LULU,lululemon: The Path Of Recovery,seekingalpha/LULU,,,2026-09-25 01:08:08
2026-09-24,MCD,McDonald's NEXT initiative leaves Wall Street questioning near-term success,seekingalpha/MCD,,,2026-09-25 01:08:08
2026-09-24,MCD,McDonald's: Investor Day Selloff Makes NEXT A Buy,seekingalpha/MCD,,,2026-09-25 01:08:08
2026-09-24,MCD,McDonald's: The Market Is Selling A Dividend King For The Wrong Reasons,seekingalpha/MCD,,,2026-09-25 01:08:08
2026-09-24,MDLZ,Mondelez invests in Canadian farmland to boost its supply chain,seekingalpha/MDLZ,,,2026-09-25 01:08:08
2026-09-24,MDT,MiniMed a new Buy at Truist on turnaround following Medtronic split,seekingalpha/MDT,,,2026-09-25 01:08:08
2026-09-24,META,Meta Platforms' Turn To Shine: History Suggests 40% Upside,seekingalpha/META,,,2026-09-25 01:08:08
2026-09-24,META,Meta: Muse AI Set To Create New Multibillion Dollar Revenue Stream,seekingalpha/META,,,2026-09-25 01:08:08
2026-09-24,META,Meta: Muse Completely Rewrites The Playbook (Rating Upgrade),seekingalpha/META,,,2026-09-25 01:08:08
2026-09-24,META,Meta: Muse Is A Compute Giveaway; Don't Take The Bait,seekingalpha/META,,,2026-09-25 01:08:08
2026-09-24,META,Meta’s Muse gains ground as personalized AI apps grow,seekingalpha/META,,,2026-09-25 01:08:08
2026-09-24,META,"Muse Is A Mirage, Not Proof Of AI Monetization For Meta",seekingalpha/META,,,2026-09-25 01:08:08
2026-09-24,MGM,MGM Resorts moved to neutral at BofA after People withdraws takeover offer,seekingalpha/MGM,,,2026-09-25 01:08:08
2026-09-24,MGM,People Inc. jumps on report of MGM takeover interest,seekingalpha/MGM,,,2026-09-25 01:08:08
2026-09-24,MGM,Shares Of MGM Resorts Are Irresistible After People Inc. Throws In The Towel,seekingalpha/MGM,,,2026-09-25 01:08:08
2026-09-24,MRK,FDA commissioner nominee Overton rebuffs questions about Trump medical claims,seekingalpha/MRK,,,2026-09-25 01:08:08
2026-09-24,MRK,"Merck Welireg, Eisai Lenvima combo approved for kidney cancer",seekingalpha/MRK,,,2026-09-25 01:08:08
2026-09-24,MRK,Merck’s diabetic macular edema therapy succeeds in Phase 2b/3 trial,seekingalpha/MRK,,,2026-09-25 01:08:08
2026-09-24,MS,Morgan Stanley said to be working to contain damage from email misfire,seekingalpha/MS,,,2026-09-25 01:08:08
2026-09-24,MSFT,Microsoft: Frontier Co And The Palantir-Ization,seekingalpha/MSFT,,,2026-09-25 01:08:08
2026-09-24,MU,Micron Is Winning By Losing The HBM Race,seekingalpha/MU,,,2026-09-25 01:08:08
2026-09-24,MU,Micron Stock: Why The AI Memory Cycle Is Different This Time,seekingalpha/MU,,,2026-09-25 01:08:08
2026-09-24,MU,Micron: Exit Before It's Too Late,seekingalpha/MU,,,2026-09-25 01:08:08
2026-09-24,NDAQ,"Nasdaq, Inc. (NDAQ) Presents at Bank of America 31st Annual Financials CEO Conference Transcript",seekingalpha/NDAQ,,,2026-09-25 01:08:08
2026-09-24,NFLX,Being Picky With Stocks More Important Than Ever,seekingalpha/NFLX,,,2026-09-25 01:08:08
2026-09-24,NVDA,Nvidia-backed Firmus Grid begins premarketing for A$7B ASX IPO: report,seekingalpha/NVDA,,,2026-09-25 01:08:08
2026-09-24,O,Realty Income downgraded at Scotiabank; J.P. Morgan makes 11 REIT rating changes,seekingalpha/O,,,2026-09-25 01:08:08
2026-09-24,ORCL,Bloom Energy slides on reported Oracle data center force majeure,seekingalpha/ORCL,,,2026-09-25 01:08:08
2026-09-24,ORCL,Oracle credit default swaps hit record high as AI debt worries mount,seekingalpha/ORCL,,,2026-09-25 01:08:08
2026-09-24,ORCL,Oracle sends force majeure notice over New Mexico data center: report,seekingalpha/ORCL,,,2026-09-25 01:08:08
2026-09-24,ORCL,"Oracle, Bloom Energy finish down but pare earlier losses after data center force majeure notice",seekingalpha/ORCL,,,2026-09-25 01:08:08
2026-09-24,ORCL,Wall Street Lunch: Oracle Draws  Line On AI Data Center Delays,seekingalpha/ORCL,,,2026-09-25 01:08:08
2026-09-24,PEP,PepsiCo to lift prices on some snacks after earlier cuts fail to boost sales,seekingalpha/PEP,,,2026-09-25 01:08:08
2026-09-24,PFE,FDA commissioner nominee Overton rebuffs questions about Trump medical claims,seekingalpha/PFE,,,2026-09-25 01:08:08
2026-09-24,PFE,Pfizer: Poised For Gains With A New Drug Pipeline And Cost-Cutting Plans,seekingalpha/PFE,,,2026-09-25 01:08:08
2026-09-24,PLTR,Being Picky With Stocks More Important Than Ever,seekingalpha/PLTR,,,2026-09-25 01:08:08
2026-09-24,PLTR,"Palantir clocks 7.67% weekly gain: AI bull case, $250 target, valuation risk",seekingalpha/PLTR,,,2026-09-25 01:08:08
2026-09-24,PLTR,Palantir: Expect Another Leg Higher,seekingalpha/PLTR,,,2026-09-25 01:08:08
2026-09-24,PLTR,Palantir: Open Weight Bet Could Be Behind The Recent Rerate (Rating Downgrade),seekingalpha/PLTR,,,2026-09-25 01:08:08
2026-09-24,PODD,Insulet Corporation (PODD) Presents at Bernstein Insights: Healthcare Leaders and Disruptors - 3rd Annual Healthcare Forum Transcript,seekingalpha/PODD,,,2026-09-25 01:08:08
2026-09-24,PPL,PPL selected for up to $71.5M DoE grant for Pennsylvania transmission upgrade,seekingalpha/PPL,,,2026-09-25 01:08:08
2026-09-24,PSKY,Judge delays deal settlement approval in Warner Bros/Paramount Skydance deal,seekingalpha/PSKY,,,2026-09-25 01:08:08
2026-09-24,PSKY,Paramount Skydance launches $7.5B debt raise to fund WBD deal,seekingalpha/PSKY,,,2026-09-25 01:08:08
2026-09-24,PSX,Big oil mobilizes to block Trump's diesel export ban idea: WSJ,seekingalpha/PSX,,,2026-09-25 01:08:08
2026-09-24,PWR,Quanta Services upgraded at Bernstein as sharp pullback creates entry point,seekingalpha/PWR,,,2026-09-25 01:08:08
2026-09-24,PYPL,"Fed wants issuers to back stablecoins with assets, tailored process for banks mulling token issuance",seekingalpha/PYPL,,,2026-09-25 01:08:08
2026-09-24,QCOM,Qualcomm slips even as it renews patent license agreement with Apple,seekingalpha/QCOM,,,2026-09-25 01:08:08
2026-09-24,RCL,Royal Caribbean's Sandals play earns a 90-day positive catalyst watch—Citi Research,seekingalpha/RCL,,,2026-09-25 01:08:08
2026-09-24,REG,Realty Income downgraded at Scotiabank; J.P. Morgan makes 11 REIT rating changes,seekingalpha/REG,,,2026-09-25 01:08:08
2026-09-24,RJF,"Raymond James client assets hit record $1.97T in August, up 16% Y/Y",seekingalpha/RJF,,,2026-09-25 01:08:08
2026-09-24,RJF,"Raymond James: Recurring Fees Support Growth, But Risks Are Building",seekingalpha/RJF,,,2026-09-25 01:08:08
2026-09-24,ROL,"Rollins, Inc. (ROL) Presents at U.S. All Stars Conference Transcript",seekingalpha/ROL,,,2026-09-25 01:08:08
2026-09-24,RTX,RTX's Pratt & Whitney Canada secures four-year MRO agreement with AirBorneo Airways,seekingalpha/RTX,,,2026-09-25 01:08:08
2026-09-24,SBUX,Starbucks to close 250 stores in a minor tweak to the North American portfolio,seekingalpha/SBUX,,,2026-09-25 01:08:08
2026-09-24,SHW,"The Sherwin-Williams Company (SHW) Discusses Strategic Investments, Market Position and Growth Outlook at Financial Community Presentation - Slideshow",seekingalpha/SHW,,,2026-09-25 01:08:08
2026-09-24,SHW,"The Sherwin-Williams Company (SHW) Discusses Strategic Investments, Market Position and Growth Outlook at Financial Community Presentation Transcript",seekingalpha/SHW,,,2026-09-25 01:08:08
2026-09-24,SLB,SLB wins contract to deliver more than 450 wells for Saudi Aramco,seekingalpha/SLB,,,2026-09-25 01:08:08
2026-09-24,SNDK,Sandisk: Market Is Still Undervaluing The AI Supercycle Upside,seekingalpha/SNDK,,,2026-09-25 01:08:08
2026-09-24,SNPS,"Synopsys in focus as BNP Paribas upgrades, says investor day could be 'positive catalyst'",seekingalpha/SNPS,,,2026-09-25 01:08:08
2026-09-24,SPY,"Buy SPY Or QQQ, Hold Software, And Sell Semiconductors",seekingalpha/SPY,,,2026-09-25 01:08:08
2026-09-24,SPY,Hormuz reopening talks are back in play as Washington and Tehran discuss a phased deal,seekingalpha/SPY,,,2026-09-25 01:08:08
2026-09-24,SPY,"Midday Need to Know: Treasury yields climb, GoDaddy jumps & more",seekingalpha/SPY,,,2026-09-25 01:08:08
2026-09-24,SPY,My Top Defense Stocks To Consider,seekingalpha/SPY,,,2026-09-25 01:08:08
2026-09-24,SPY,SA analyst warns Iran war is driving inflation risks higher,seekingalpha/SPY,,,2026-09-25 01:08:08
2026-09-24,SPY,Why A 50-Bps Pre-Midterm Hike Isn't Off The Table,seekingalpha/SPY,,,2026-09-25 01:08:08
2026-09-24,SW,Smurfit Westrock Is Compelling Even As Management Racks Up More Debt On Another Acquisition,seekingalpha/SW,,,2026-09-26 01:12:21
2026-09-24,SYF,Synchrony: EPS Growth Without Net Income Growth,seekingalpha/SYF,,,2026-09-25 01:08:08
2026-09-24,T,AT&T declares $0.2775 dividend,seekingalpha/T,,,2026-09-25 01:08:08
2026-09-24,TMUS,T-Mobile US raises dividend to $1.17,seekingalpha/TMUS,,,2026-09-25 01:08:08
2026-09-24,TMUS,"T-Mobile builds AI capabilities into network to limit disruptions, close coverage gaps",seekingalpha/TMUS,,,2026-09-25 01:08:08
2026-09-24,TPL,Texas Pacific Land: A Clear Example Of High-Quality Assets With Limited Potential Due To Their Valuation,seekingalpha/TPL,,,2026-09-25 01:08:08
2026-09-24,TSLA,"EU car market grows in August, with BEVs taking 21.7% share",seekingalpha/TSLA,,,2026-09-25 01:08:08
2026-09-24,TSLA,"SA analyst upgrades/downgrades: TSLA, AMD, AMAT, SPCX",seekingalpha/TSLA,,,2026-09-25 01:08:08
2026-09-24,TSLA,"Tesla FSD misread speed limits in Belgium tests, road-safety group finds",seekingalpha/TSLA,,,2026-09-25 01:08:08
2026-09-24,TSLA,Tesla: The Windshield Is Bigger Than The Rearview Mirror,seekingalpha/TSLA,,,2026-09-25 01:08:08
2026-09-24,UBER,Being Picky With Stocks More Important Than Ever,seekingalpha/UBER,,,2026-09-25 01:08:08
2026-09-24,UDR,UDR declares $0.145 dividend,seekingalpha/UDR,,,2026-09-25 01:08:08
2026-09-24,UPS,UPS flashes death cross as momentum weakens,seekingalpha/UPS,,,2026-09-25 01:08:08
2026-09-24,VICI,Realty Income downgraded at Scotiabank; J.P. Morgan makes 11 REIT rating changes,seekingalpha/VICI,,,2026-09-25 01:08:08
2026-09-24,VLO,Big oil mobilizes to block Trump's diesel export ban idea: WSJ,seekingalpha/VLO,,,2026-09-25 01:08:08
2026-09-24,VOO,An October Surprise: Another Rate Hike Coming,seekingalpha/VOO,,,2026-09-25 01:08:08
2026-09-24,VOO,"Buy SPY Or QQQ, Hold Software, And Sell Semiconductors",seekingalpha/VOO,,,2026-09-25 01:08:08
2026-09-24,VOO,Hormuz reopening talks are back in play as Washington and Tehran discuss a phased deal,seekingalpha/VOO,,,2026-09-25 01:08:08
2026-09-24,VOO,My Top Defense Stocks To Consider,seekingalpha/VOO,,,2026-09-25 01:08:08
2026-09-24,VOO,SA analyst warns Iran war is driving inflation risks higher,seekingalpha/VOO,,,2026-09-25 01:08:08
2026-09-24,VOO,Why A 50-Bps Pre-Midterm Hike Isn't Off The Table,seekingalpha/VOO,,,2026-09-25 01:08:08
2026-09-24,VRT,Vertiv to acquire King Environmental Services to expand liquid cooling capabilities,seekingalpha/VRT,,,2026-09-25 01:08:08
2026-09-24,VZ,"Verizon: Fiber, Lower Churn, And AI Connect Support My Buy Rating",seekingalpha/VZ,,,2026-09-25 01:08:08
2026-09-24,WBD,Judge delays deal settlement approval in Warner Bros/Paramount Skydance deal,seekingalpha/WBD,,,2026-09-25 01:08:08
2026-09-24,WBD,"Judge lifts Trump's White House ban on CNN, MS NOW, Politico",seekingalpha/WBD,,,2026-09-25 01:08:08
2026-09-24,WBD,Wall Street Breakfast Podcast: Judge Gives Press A Pass,seekingalpha/WBD,,,2026-09-25 01:08:08
2026-09-24,WBD,"White House defies court order, bars reporters from CNN, Politico, MS Now — update",seekingalpha/WBD,,,2026-09-25 01:08:08
2026-09-24,WELL,Realty Income downgraded at Scotiabank; J.P. Morgan makes 11 REIT rating changes,seekingalpha/WELL,,,2026-09-25 01:08:08
2026-09-24,WELL,Welltower: Priced For Compounding That Is Already Slowing,seekingalpha/WELL,,,2026-09-25 01:08:08
2026-09-24,WMT,Walmart: Failing To Live Up To Rich Multiples (Rating Downgrade),seekingalpha/WMT,,,2026-09-25 01:08:08
2026-09-24,WMT,We May Be Seeing Peak Walmart,seekingalpha/WMT,,,2026-09-25 01:08:08
2026-09-24,XOM,Big oil mobilizes to block Trump's diesel export ban idea: WSJ,seekingalpha/XOM,,,2026-09-25 01:08:08
2026-09-24,YUM,"KFC tests new menu items, table service, and breakfast at a test lab location",seekingalpha/YUM,,,2026-09-25 01:08:08
2026-09-24,YUM,Yum! Brands faces headwinds in achieving growth targets -- Argus,seekingalpha/YUM,,,2026-09-25 01:08:08
2026-09-25,AAPL,Apple's new HomePod mini 2 to come in new variants: report,seekingalpha/AAPL,,,2026-09-26 01:12:21
2026-09-25,AAPL,Apple: Why I'm Betting Against This Valuable Company (Rating Downgrade),seekingalpha/AAPL,,,2026-09-26 01:12:21
2026-09-25,ABNB,Nasdaq gains 2% for the week driven by mid-week tech rally,seekingalpha/ABNB,,,2026-09-26 01:12:21
2026-09-25,ADBE,Nasdaq gains 2% for the week driven by mid-week tech rally,seekingalpha/ADBE,,,2026-09-26 01:12:21
2026-09-25,AKAM,Akamai Technologies: Anthropic's Multibillion-Dollar Infrastructure Partner,seekingalpha/AKAM,,,2026-09-26 01:12:21
2026-09-25,AKAM,"Akamai extends Anthropic rally with Lenovo, Jabil deals",seekingalpha/AKAM,,,2026-09-26 01:12:21
2026-09-25,AKAM,"Akamai's deal with Anthropic should boost CPU demand, GF says",seekingalpha/AKAM,,,2026-09-26 01:12:21
2026-09-25,AKAM,Akamai: So Now Anthropic Is Here To Save The Day,seekingalpha/AKAM,,,2026-09-26 01:12:21
2026-09-25,AMAT,"Applied Materials, KLA, GlobalFoundries expand Singapore semiconductor ties",seekingalpha/AMAT,,,2026-09-26 01:12:21
2026-09-25,AMD,AMD Is On The Edge... Of One More Inflection,seekingalpha/AMD,,,2026-09-26 01:12:21
2026-09-25,AMD,AMD: Potentially Zero Margin Of Safety Right Now,seekingalpha/AMD,,,2026-09-26 01:12:21
2026-09-25,AMD,Nasdaq gains 2% for the week driven by mid-week tech rally,seekingalpha/AMD,,,2026-09-26 01:12:21
2026-09-25,AMD,"SCHMID surges after Nvidia, AMD, Intel consider using glass substrates in chips",seekingalpha/AMD,,,2026-09-26 01:12:21
2026-09-25,AMZN,Amazon: Meta's Muse Just Handed Investors A $65 Billion Gift,seekingalpha/AMZN,,,2026-09-26 01:12:21
2026-09-25,AMZN,Amazon: Meta's Muse Just Handed Investors A $650 Billion Gift,seekingalpha/AMZN,,,2026-09-29 02:36:41
2026-09-25,AMZN,Burry warns of write-offs by hyperscalers as AI spending surges,seekingalpha/AMZN,,,2026-09-26 01:12:21
2026-09-25,AMZN,Goldman Sachs underweight hyperscalers amid debt flood,seekingalpha/AMZN,,,2026-09-26 01:12:21
2026-09-25,AMZN,"Hyperscaler CDS spreads widen, with Oracle hitting record high",seekingalpha/AMZN,,,2026-09-26 01:12:21
2026-09-25,BA,Boeing: The Recovery Hits Another Speed Bump,seekingalpha/BA,,,2026-09-26 01:12:21
2026-09-25,BRK.B,Buffett's Succession Plan Shows What Makes Berkshire Hathaway Unique,seekingalpha/BRK.B,,,2026-09-26 01:12:21
2026-09-25,BX,Blackstone's head of private equity to depart - report,seekingalpha/BX,,,2026-09-26 01:12:21
2026-09-25,BXP,AI firms boost office leasing in San Francisco and Manhattan markets - report,seekingalpha/BXP,,,2026-09-26 01:12:21
2026-09-25,CARR,"Carrier: Data Center Growth, Short-Cycle Recovery And Valuation Upside",seekingalpha/CARR,,,2026-09-26 01:12:21
2026-09-25,CDNS,Nasdaq gains 2% for the week driven by mid-week tech rally,seekingalpha/CDNS,,,2026-09-26 01:12:21
2026-09-25,CMCSA,"Comcast downgraded by KeyBanc to Underweight, $18 price target",seekingalpha/CMCSA,,,2026-09-26 01:12:21
2026-09-25,CMI,Cummins: The Backup Power Story Is The Main Story,seekingalpha/CMI,,,2026-09-26 01:12:21
2026-09-25,CNP,CenterPoint declares $0.24 dividend,seekingalpha/CNP,,,2026-09-26 01:12:21
2026-09-25,COF,Fed plans to boost thresholds for bank oversight - report,seekingalpha/COF,,,2026-09-26 01:12:21
2026-09-25,COST,"Costco: Great Quarter, But The Valuation Still Prices In Excellence",seekingalpha/COST,,,2026-09-26 01:12:21
2026-09-25,COST,"Costco: Strong Fundamentals, But Valuation Needs To Cool; Reiterate Sell",seekingalpha/COST,,,2026-09-26 01:12:21
2026-09-25,COST,Wall Street Breakfast Podcast: Costco Checks Out Strong,seekingalpha/COST,,,2026-09-26 01:12:21
2026-09-25,COST,What analysts are saying about Costco after its earnings report,seekingalpha/COST,,,2026-09-26 01:12:21
2026-09-25,CPRT,Nasdaq gains 2% for the week driven by mid-week tech rally,seekingalpha/CPRT,,,2026-09-26 01:12:21
2026-09-25,CPT,Pullback In Camden Property Creates Opportunity As Rents Inflect,seekingalpha/CPT,,,2026-09-26 01:12:21
2026-09-25,CRL,Charles River Laboratories: Positive Investor Day Is Fully Priced In,seekingalpha/CRL,,,2026-09-26 01:12:21
2026-09-25,CRM,Salesforce: Anthropic Stake Gives Optionality To Retire $25 Billion Share Repurchase Debt,seekingalpha/CRM,,,2026-09-26 01:12:21
2026-09-25,CRWD,DOJ closes probe of CrowdStrike deals - Bloomberg,seekingalpha/CRWD,,,2026-09-26 01:12:21
2026-09-25,CVS,CVS Health Stock Still Looks Good Even If Health Cost Woes Materialize,seekingalpha/CVS,,,2026-09-26 01:12:21
2026-09-25,DAL,"Dividend Roundup: AT&T, Delta Air Lines, Philip Morris, Target, and more",seekingalpha/DAL,,,2026-09-26 01:12:21
2026-09-25,DDOG,"Datadog extends upswing, rising another 4%",seekingalpha/DDOG,,,2026-09-26 01:12:21
2026-09-25,DDOG,Nasdaq gains 2% for the week driven by mid-week tech rally,seekingalpha/DDOG,,,2026-09-26 01:12:21
2026-09-25,DELL,Dell Technologies climbs 5% as choppy trading continues,seekingalpha/DELL,,,2026-09-26 01:12:21
2026-09-25,DRI,Darden: Don't Expect Much Out Of The Stock,seekingalpha/DRI,,,2026-09-26 01:12:21
2026-09-25,DTE,DTE Energy: Low-Risk Dividend Growth For Passive Income,seekingalpha/DTE,,,2026-09-26 01:12:21
2026-09-25,EIX,Edison declares $0.8775 dividend,seekingalpha/EIX,,,2026-09-26 01:12:21
2026-09-25,EOG,EOG Resources: Top-Tier Quality Amid Uncertainty,seekingalpha/EOG,,,2026-09-26 01:12:21
2026-09-25,ETN,Eaton expands Europe operations with €810M COL Group deal,seekingalpha/ETN,,,2026-09-26 01:12:21
2026-09-25,F,Ford F-150 production halted at a Detroit plant,seekingalpha/F,,,2026-09-26 01:12:21
2026-09-25,F,"GM, Ford to suffer steepest US market-share decline in 2026: Cox Automotive",seekingalpha/F,,,2026-09-26 01:12:21
2026-09-25,FDXF,FedEx Freight Holding: Priced For A Clean Quarter It Hasn't Had Yet,seekingalpha/FDXF,,,2026-09-26 01:12:21
2026-09-25,GEV,GE Vernova Will Continue To Underperform Even As Growth Impresses,seekingalpha/GEV,,,2026-09-26 01:12:21
2026-09-25,GIS,General Mills Earnings: 2 Major Risks Will Continue To Overshadow Returns Ahead,seekingalpha/GIS,,,2026-09-26 01:12:21
2026-09-25,GM,"GM, Ford to suffer steepest US market-share decline in 2026: Cox Automotive",seekingalpha/GM,,,2026-09-26 01:12:21
2026-09-25,GOOG,Alphabet's $30 Billion SpaceX Bill Isn't What It Looks Like,seekingalpha/GOOG,,,2026-09-26 01:12:21
2026-09-25,GOOG,Burry warns of write-offs by hyperscalers as AI spending surges,seekingalpha/GOOG,,,2026-09-26 01:12:21
2026-09-25,GOOG,Goldman Sachs underweight hyperscalers amid debt flood,seekingalpha/GOOG,,,2026-09-26 01:12:21
2026-09-25,GOOG,"Hyperscaler CDS spreads widen, with Oracle hitting record high",seekingalpha/GOOG,,,2026-09-26 01:12:21
2026-09-25,GOOG,"Trump, Johnson plan meeting with tech execs to discuss AI safety",seekingalpha/GOOG,,,2026-09-26 01:12:21
2026-09-25,GOOGL,Alphabet's $30 Billion SpaceX Bill Isn't What It Looks Like,seekingalpha/GOOGL,,,2026-09-26 01:12:21
2026-09-25,GOOGL,Burry warns of write-offs by hyperscalers as AI spending surges,seekingalpha/GOOGL,,,2026-09-26 01:12:21
2026-09-25,GOOGL,Goldman Sachs underweight hyperscalers amid debt flood,seekingalpha/GOOGL,,,2026-09-26 01:12:21
2026-09-25,GOOGL,"Hyperscaler CDS spreads widen, with Oracle hitting record high",seekingalpha/GOOGL,,,2026-09-26 01:12:21
2026-09-25,GOOGL,"Trump, Johnson plan meeting with tech execs to discuss AI safety",seekingalpha/GOOGL,,,2026-09-26 01:12:21
2026-09-25,HD,Home Depot Near 52-Week Lows: Why A 3.2% Yield Makes Me Look Twice,seekingalpha/HD,,,2026-09-26 01:12:21
2026-09-25,HD,Home Depot: There Is Not Much To Be Optimistic About In The Near Term,seekingalpha/HD,,,2026-09-26 01:12:21
2026-09-25,HON,Honeywell International declares $0.70 dividend,seekingalpha/HON,,,2026-09-26 01:12:21
2026-09-25,INTC,Nasdaq gains 2% for the week driven by mid-week tech rally,seekingalpha/INTC,,,2026-09-26 01:12:21
2026-09-25,INTC,"SCHMID surges after Nvidia, AMD, Intel consider using glass substrates in chips",seekingalpha/INTC,,,2026-09-26 01:12:21
2026-09-25,INTU,Intuit: PEG At ~0.5x Is A Clear Buying Signal,seekingalpha/INTU,,,2026-09-26 01:12:21
2026-09-25,INTU,Nasdaq gains 2% for the week driven by mid-week tech rally,seekingalpha/INTU,,,2026-09-26 01:12:21
2026-09-25,JBL,"Akamai extends Anthropic rally with Lenovo, Jabil deals",seekingalpha/JBL,,,2026-09-26 01:12:21
2026-09-25,KKR,KKR sells 16-hotel Japanese portfolio operating under Four Points Flex brand,seekingalpha/KKR,,,2026-09-26 01:12:21
2026-09-25,KLAC,"Applied Materials, KLA, GlobalFoundries expand Singapore semiconductor ties",seekingalpha/KLAC,,,2026-09-26 01:12:21
2026-09-25,LITE,Lumentum's $40 EPS Bet Changes Everything,seekingalpha/LITE,,,2026-09-26 01:12:21
2026-09-25,LLY,"Beyond GLP-1 injectables, who wins the next phase for obesity drugs?",seekingalpha/LLY,,,2026-09-26 01:12:21
2026-09-25,LLY,Eli Lilly's Olumiant receives expanded alopecia indication for children 12 and up,seekingalpha/LLY,,,2026-09-26 01:12:21
2026-09-25,LLY,Nektar gains 5% as jury awards $90M plus interest in Lilly trial,seekingalpha/LLY,,,2026-09-26 01:12:21
2026-09-25,LNT,Alliant Energy Corporation: This Utility Company May Energize Your Portfolio,seekingalpha/LNT,,,2026-09-29 02:36:41
2026-09-25,MCD,McDonald's Corporation (MCD) Analyst/Investor Day - Slideshow,seekingalpha/MCD,,,2026-09-26 01:12:21
2026-09-25,META,Bill Gates warns AI is 'powerful enough' to cause a billion deaths,seekingalpha/META,,,2026-09-26 01:12:21
2026-09-25,META,Facebook loses high-profile case in New Mexico over deceiving users,seekingalpha/META,,,2026-09-26 01:12:21
2026-09-25,META,"Hyperscaler CDS spreads widen, with Oracle hitting record high",seekingalpha/META,,,2026-09-26 01:12:21
2026-09-25,META,I'm Riding Meta Through This Run,seekingalpha/META,,,2026-09-26 01:12:21
2026-09-25,META,Meta's Stock May Plunge As Credit Market Warns Against Massive Rally,seekingalpha/META,,,2026-09-26 01:12:21
2026-09-25,META,"Trump, Johnson plan meeting with tech execs to discuss AI safety",seekingalpha/META,,,2026-09-26 01:12:21
2026-09-25,MGM,Las Vegas looks to boost traffic with rare resort-wide sale,seekingalpha/MGM,,,2026-09-26 01:12:21
2026-09-25,MGM,"MGM Resorts: Limited Catalysts, Downgrade To Hold",seekingalpha/MGM,,,2026-09-26 01:12:21
2026-09-25,MKC,McCormick declares $0.48 dividend,seekingalpha/MKC,,,2026-09-26 01:12:21
2026-09-25,MMM,"3M upgraded at Bernstein on R&D structural change, less PFAS risk than expected",seekingalpha/MMM,,,2026-09-26 01:12:21
2026-09-25,MPC,SA Asks: How would a U.S. diesel export ban impact the oil sector?,seekingalpha/MPC,,,2026-09-26 01:12:21
2026-09-25,MRK,Merck pulls BLA for antibody-drug conjugate I-DXd for small cell lung cancer,seekingalpha/MRK,,,2026-09-26 01:12:21
2026-09-25,MRVL,Marvell declares $0.06 dividend,seekingalpha/MRVL,,,2026-09-26 01:12:21
2026-09-25,MSFT,Bill Gates warns AI is 'powerful enough' to cause a billion deaths,seekingalpha/MSFT,,,2026-09-26 01:12:21
2026-09-25,MSFT,Burry warns of write-offs by hyperscalers as AI spending surges,seekingalpha/MSFT,,,2026-09-26 01:12:21
2026-09-25,MSFT,"Hyperscaler CDS spreads widen, with Oracle hitting record high",seekingalpha/MSFT,,,2026-09-26 01:12:21
2026-09-25,MSFT,"Microsoft revamps Copilot with focus on enterprise clients, AI spend management",seekingalpha/MSFT,,,2026-09-26 01:12:21
2026-09-25,MSFT,Microsoft: Risk And Reward Skewed To The Downside,seekingalpha/MSFT,,,2026-09-26 01:12:21
2026-09-25,MSFT,Option Activity Suggests Microsoft Rally Has Further To Go (Technical Analysis),seekingalpha/MSFT,,,2026-09-26 01:12:21
2026-09-25,MU,"Catalyst Watch: Jobs report, Trump AI talks, and ticking fee time for Paramount",seekingalpha/MU,,,2026-09-26 01:12:21
2026-09-25,NKE,"BofA downgrades Nike to Underperform, cuts PT to $30",seekingalpha/NKE,,,2026-09-26 01:12:21
2026-09-25,NKE,Nike: Tread Carefully As Q1 Earnings Loom,seekingalpha/NKE,,,2026-09-26 01:12:21
2026-09-25,NOC,Northrop Grumman's strategic deterrent deal gets $111.4M boost,seekingalpha/NOC,,,2026-09-26 01:12:21
2026-09-25,NTAP,NetApp targets AI storage bottlenecks with PEAK:AIO acquisition,seekingalpha/NTAP,,,2026-09-26 01:12:21
2026-09-25,NVDA,Bill Gates warns AI is 'powerful enough' to cause a billion deaths,seekingalpha/NVDA,,,2026-09-26 01:12:21
2026-09-25,NVDA,Elon Musk eyes doubling xAI's Colossus 2 Nvidia AI chips by year-end,seekingalpha/NVDA,,,2026-09-26 01:12:21
2026-09-25,NVDA,"Hyperscaler CDS spreads widen, with Oracle hitting record high",seekingalpha/NVDA,,,2026-09-26 01:12:21
2026-09-25,NVDA,"Nvidia CEO Pushes Back On The 'AI Apocalypse,' But The Risk Of A Slowdown Remains",seekingalpha/NVDA,,,2026-09-26 01:12:21
2026-09-25,NVDA,"SCHMID surges after Nvidia, AMD, Intel consider using glass substrates in chips",seekingalpha/NVDA,,,2026-09-26 01:12:21
2026-09-25,NVDA,"Trump, Johnson plan meeting with tech execs to discuss AI safety",seekingalpha/NVDA,,,2026-09-26 01:12:21
2026-09-25,ORCL,Burry warns of write-offs by hyperscalers as AI spending surges,seekingalpha/ORCL,,,2026-09-26 01:12:21
2026-09-25,ORCL,Goldman Sachs underweight hyperscalers amid debt flood,seekingalpha/ORCL,,,2026-09-26 01:12:21
2026-09-25,ORCL,"Hyperscaler CDS spreads widen, with Oracle hitting record high",seekingalpha/ORCL,,,2026-09-26 01:12:21
2026-09-25,ORCL,"Oracle Japan jumps 7% on record Q1, bucking U.S. parent selloff",seekingalpha/ORCL,,,2026-09-26 01:12:21
2026-09-25,ORCL,Oracle-Blue Owl project delay puts spotlight on AI financing - report,seekingalpha/ORCL,,,2026-09-26 01:12:21
2026-09-25,ORCL,Oracle: Load Up While The Market Continues To Misprice Delay Risks,seekingalpha/ORCL,,,2026-09-26 01:12:21
2026-09-25,PAYX,Nasdaq gains 2% for the week driven by mid-week tech rally,seekingalpha/PAYX,,,2026-09-26 01:12:21
2026-09-25,PFE,Pfizer shares rose for seven consecutive sessions,seekingalpha/PFE,,,2026-09-26 01:12:21
2026-09-25,PM,"Dividend Roundup: AT&T, Delta Air Lines, Philip Morris, Target, and more",seekingalpha/PM,,,2026-09-26 01:12:21
2026-09-25,PNC,Fed plans to boost thresholds for bank oversight - report,seekingalpha/PNC,,,2026-09-26 01:12:21
2026-09-25,PPL,PPL Corporation: Data Center Risk Development After July 2026,seekingalpha/PPL,,,2026-09-26 01:12:21
2026-09-25,PSKY,"Catalyst Watch: Jobs report, Trump AI talks, and ticking fee time for Paramount",seekingalpha/PSKY,,,2026-09-26 01:12:21
2026-09-25,PYPL,PayPal gains on report of renewed takeover interest,seekingalpha/PYPL,,,2026-09-26 01:12:21
2026-09-25,QCOM,Nasdaq gains 2% for the week driven by mid-week tech rally,seekingalpha/QCOM,,,2026-09-26 01:12:21
2026-09-25,RDDT,Reddit: Strong Advertising Momentum Meets Structural Headwinds,seekingalpha/RDDT,,,2026-09-26 01:12:21
2026-09-25,SBUX,"Starbucks: Management Delivered, Now Comes The Returns (Rating Upgrade)",seekingalpha/SBUX,,,2026-09-26 01:12:21
2026-09-25,SNDK,Sandisk: $94B In Contracts Reinforces Outlook,seekingalpha/SNDK,,,2026-09-26 01:12:21
2026-09-25,SNPS,Synopsys in spotlight as HSBC upgrades on AI prospects,seekingalpha/SNPS,,,2026-09-26 01:12:21
2026-09-25,SPY,"AI CapEx, Bond Yields, And Geopolitics Flash Warning Signs: Time To Be Out",seekingalpha/SPY,,,2026-09-26 01:12:21
2026-09-25,SPY,"SA analyst sees stocks, bonds, gold, and crypto rising into year-end",seekingalpha/SPY,,,2026-09-26 01:12:21
2026-09-25,SPY,The Big Reset: How Low Could We Go? Know Your Odds,seekingalpha/SPY,,,2026-09-26 01:12:21
2026-09-25,SPY,The Nasdaq's All-Time High Should Scare You,seekingalpha/SPY,,,2026-09-26 01:12:21
2026-09-25,SPY,Using Adaptive Time Frames To Allocate Risk,seekingalpha/SPY,,,2026-09-26 01:12:21
2026-09-25,SPY,Yellow Flag: The Bond Market Is Becoming An AI Trade,seekingalpha/SPY,,,2026-09-26 01:12:21
2026-09-25,T,"Dividend Roundup: AT&T, Delta Air Lines, Philip Morris, Target, and more",seekingalpha/T,,,2026-09-26 01:12:21
2026-09-25,TFC,Fed plans to boost thresholds for bank oversight - report,seekingalpha/TFC,,,2026-09-26 01:12:21
2026-09-25,TGT,"Dividend Roundup: AT&T, Delta Air Lines, Philip Morris, Target, and more",seekingalpha/TGT,,,2026-09-26 01:12:21
2026-09-25,TGT,"Target is winning back more customers with value offerings, organized stores",seekingalpha/TGT,,,2026-09-26 01:12:21
2026-09-25,TRMB,Trimble evaluates breaking up transportation unit in sale process - Axios Pro,seekingalpha/TRMB,,,2026-09-26 01:12:21
2026-09-25,TSLA,Elon Musk eyes doubling xAI's Colossus 2 Nvidia AI chips by year-end,seekingalpha/TSLA,,,2026-09-26 01:12:21
2026-09-25,TSLA,"Tesla commences semi-truck deliveries, reaffirms 50,000 annual output target",seekingalpha/TSLA,,,2026-09-26 01:12:21
2026-09-25,TSLA,Tesla's Roadster reveal: Rocket science or reality check?,seekingalpha/TSLA,,,2026-09-26 01:12:21
2026-09-25,UAL,U.S. airlines offer flight flexibility ahead of Northeast nor’easter,seekingalpha/UAL,,,2026-09-26 01:12:21
2026-09-25,UBER,Uber: I Sold In March - Here's Why I'm Buying Again (Double Upgrade),seekingalpha/UBER,,,2026-09-26 01:12:21
2026-09-25,USB,Fed plans to boost thresholds for bank oversight - report,seekingalpha/USB,,,2026-09-26 01:12:21
2026-09-25,VLO,SA Asks: How would a U.S. diesel export ban impact the oil sector?,seekingalpha/VLO,,,2026-09-26 01:12:21
2026-09-25,VMRK,Vivmark Residential declares $0.7025 dividend,seekingalpha/VMRK,,,2026-09-26 01:12:21
2026-09-25,VOO,"AI CapEx, Bond Yields, And Geopolitics Flash Warning Signs: Time To Be Out",seekingalpha/VOO,,,2026-09-26 01:12:21
2026-09-25,VOO,"SA analyst sees stocks, bonds, gold, and crypto rising into year-end",seekingalpha/VOO,,,2026-09-26 01:12:21
2026-09-25,VOO,South Korea: A Key S&P 500 Risk And What To Do,seekingalpha/VOO,,,2026-09-26 01:12:21
2026-09-25,VOO,The Big Reset: How Low Could We Go? Know Your Odds,seekingalpha/VOO,,,2026-09-26 01:12:21
2026-09-25,VOO,The Nasdaq's All-Time High Should Scare You,seekingalpha/VOO,,,2026-09-26 01:12:21
2026-09-25,VOO,Yellow Flag: The Bond Market Is Becoming An AI Trade,seekingalpha/VOO,,,2026-09-26 01:12:21
2026-09-25,VTI,The Big Reset: How Low Could We Go? Know Your Odds,seekingalpha/VTI,,,2026-09-26 01:12:21
2026-09-25,VTI,Vanguard Total Stock Market ETF declares quarterly distribution of $0.9555,seekingalpha/VTI,,,2026-09-26 01:12:21
2026-09-25,VTRS,Trump seeks to produce more generic drugs in the US,seekingalpha/VTRS,,,2026-09-26 01:12:21
2026-09-25,VTRS,"Viatris sues Novo Nordisk, seeks to market generic Wegovy",seekingalpha/VTRS,,,2026-09-26 01:12:21
2026-09-25,WMT,Walmart's Multi-Pronged Commerce Growth Initiatives Meet Premium Valuation Risks (Rating Downgrade),seekingalpha/WMT,,,2026-09-26 01:12:21
2026-09-26,AKAM,"Akamai: Deal With Anthropic Boosts Existing AI-Driven Tailwind, But Risks Cloud Horizon",seekingalpha/AKAM,,,2026-09-29 02:36:41
2026-09-26,ALL,Allstate Offers A 7% Yielding Preferred Stock To Ride Out Earnings Decrease,seekingalpha/ALL,,,2026-09-29 02:36:41
2026-09-26,AMD,"AMD: First AI Target Hit, Likely $1,000 Up Next",seekingalpha/AMD,,,2026-09-29 02:36:41
2026-09-26,AZO,Earnings Scoreboard: 5 of 6 key S&P 500 reporting firms top EPS estimates and expand Y/Y profits,seekingalpha/AZO,,,2026-09-29 02:36:41
2026-09-26,BA,Boeing identifies 737 MAX software glitch that could impact navigation: WSJ,seekingalpha/BA,,,2026-09-29 02:36:41
2026-09-26,CMCSA,"Notable analyst calls this week: Nike, Microsoft and CoreWeave among top picks",seekingalpha/CMCSA,,,2026-09-29 02:36:41
2026-09-26,COST,Earnings Scoreboard: 5 of 6 key S&P 500 reporting firms top EPS estimates and expand Y/Y profits,seekingalpha/COST,,,2026-09-29 02:36:41
2026-09-26,CRM,"Insider trades: Nvidia, Oracle, Salesforce among notable names",seekingalpha/CRM,,,2026-09-29 02:36:41
2026-09-26,CRWD,"Insider trades: Nvidia, Oracle, Salesforce among notable names",seekingalpha/CRWD,,,2026-09-29 02:36:41
2026-09-26,CTAS,Earnings Scoreboard: 5 of 6 key S&P 500 reporting firms top EPS estimates and expand Y/Y profits,seekingalpha/CTAS,,,2026-09-29 02:36:41
2026-09-26,DIS,"SA Asks: Is now the time to buy streaming stocks? If so, which ones?",seekingalpha/DIS,,,2026-09-29 02:36:41
2026-09-26,DRI,Earnings Scoreboard: 5 of 6 key S&P 500 reporting firms top EPS estimates and expand Y/Y profits,seekingalpha/DRI,,,2026-09-29 02:36:41
2026-09-26,FISV,Fiserv: Great Valuation In Need Of Turnaround Story,seekingalpha/FISV,,,2026-09-29 02:36:41
2026-09-26,GIS,Earnings Scoreboard: 5 of 6 key S&P 500 reporting firms top EPS estimates and expand Y/Y profits,seekingalpha/GIS,,,2026-09-29 02:36:41
2026-09-26,GIS,"General Mills, Inc. (GIS) Q1 2027 Earnings Call Prepared Remarks Transcript",seekingalpha/GIS,,,2026-09-29 02:36:41
2026-09-26,HAS,"Left for dead in the Amazon era, Toys ""R"" Us is growing again",seekingalpha/HAS,,,2026-09-29 02:36:41
2026-09-26,IBM,IBM: Investors Are Treating A Timing Slip Like A Demand Collapse,seekingalpha/IBM,,,2026-09-29 02:36:41
2026-09-26,IBM,IBM: Shares De-Risked After A Tough Summer,seekingalpha/IBM,,,2026-09-29 02:36:41
2026-09-26,INCY,Mirum and Incyte gain approval of zilurgisertib for rare bone disorder,seekingalpha/INCY,,,2026-09-29 02:36:41
2026-09-26,INTU,"Intuit: Bargain Price, But With Some Risks",seekingalpha/INTU,,,2026-09-29 02:36:41
2026-09-26,LNT,Alliant Energy: Growing Demand Still Has To Earn Its Cost Of Capital,seekingalpha/LNT,,,2026-09-29 02:36:41
2026-09-26,MRSH,Marsh & McLennan: A Deep-Value Insurance Broker,seekingalpha/MRSH,,,2026-09-29 02:36:41
2026-09-26,MRVL,Marvell: Not The Best Bang For Your Buck,seekingalpha/MRVL,,,2026-09-29 02:36:41
2026-09-26,NFLX,Netflix: The Recent Sentiment Shift Creates An Opportunity,seekingalpha/NFLX,,,2026-09-29 02:36:41
2026-09-26,NKE,"Notable analyst calls this week: Nike, Microsoft and CoreWeave among top picks",seekingalpha/NKE,,,2026-09-29 02:36:41
2026-09-26,O,Realty Income 3.0: The REIT You Know Is Rebuilding It's Growth Engine,seekingalpha/O,,,2026-09-29 02:36:41
2026-09-26,PANW,"Insider trades: Nvidia, Oracle, Salesforce among notable names",seekingalpha/PANW,,,2026-09-29 02:36:41
2026-09-26,PAYX,Earnings Scoreboard: 5 of 6 key S&P 500 reporting firms top EPS estimates and expand Y/Y profits,seekingalpha/PAYX,,,2026-09-29 02:36:41
2026-09-26,PCG,"Notable analyst calls this week: Nike, Microsoft and CoreWeave among top picks",seekingalpha/PCG,,,2026-09-29 02:36:41
2026-09-26,PFE,Pfizer: Buy Before The Street Catches Up To Its Own Numbers,seekingalpha/PFE,,,2026-09-29 02:36:41
2026-09-26,REG,"Regency Centers: Financial Position Analysis And Downgrade Of Preferred Shares To ""Hold""",seekingalpha/REG,,,2026-09-29 02:36:41
2026-09-26,SNDK,"Notable analyst calls this week: Nike, Microsoft and CoreWeave among top picks",seekingalpha/SNDK,,,2026-09-29 02:36:41
2026-09-26,VTI,"The 1-Minute Market Report, September 26, 2026",seekingalpha/VTI,,,2026-09-29 02:36:41
2026-09-26,WBD,CNN barred from travelling with Trump on Air Force One on Saturday,seekingalpha/WBD,,,2026-09-29 02:36:41
2026-09-26,XOM,Sheffield says Exxon launched 'smear campaign' to keep him off company's board,seekingalpha/XOM,,,2026-09-29 02:36:41
2026-09-27,ACN,"Earnings Week Ahead: MU, NKE, CCL, and more",seekingalpha/ACN,,,2026-09-29 02:36:41
2026-09-27,AMZN,Bill Gates calls for federal AI safeguards beyond industry self-regulation,seekingalpha/AMZN,,,2026-09-29 02:36:41
2026-09-27,APO,Private credit redemption pressure eases as fund performance improves,seekingalpha/APO,,,2026-09-29 02:36:41
2026-09-27,ARES,Private credit redemption pressure eases as fund performance improves,seekingalpha/ARES,,,2026-09-29 02:36:41
2026-09-27,BLK,Private credit redemption pressure eases as fund performance improves,seekingalpha/BLK,,,2026-09-29 02:36:41
2026-09-27,BX,Private credit redemption pressure eases as fund performance improves,seekingalpha/BX,,,2026-09-29 02:36:41
2026-09-27,CCL,"Earnings Week Ahead: MU, NKE, CCL, and more",seekingalpha/CCL,,,2026-09-29 02:36:41
2026-09-27,CMCSA,‘Avengers: Endgame’ re-release tops box office as sales jump 61% from year ago,seekingalpha/CMCSA,,,2026-09-29 02:36:41
2026-09-27,CVNA,Carvana: High Growth Rates And Operational Strength Demand A Higher Multiple,seekingalpha/CVNA,,,2026-09-29 02:36:41
2026-09-27,DIS,‘Avengers: Endgame’ re-release tops box office as sales jump 61% from year ago,seekingalpha/DIS,,,2026-09-29 02:36:41
2026-09-27,FDS,"Earnings Week Ahead: MU, NKE, CCL, and more",seekingalpha/FDS,,,2026-09-29 02:36:41
2026-09-27,GOOG,Bill Gates calls for federal AI safeguards beyond industry self-regulation,seekingalpha/GOOG,,,2026-09-29 02:36:41
2026-09-27,GOOGL,Bill Gates calls for federal AI safeguards beyond industry self-regulation,seekingalpha/GOOGL,,,2026-09-29 02:36:41
2026-09-27,GS,"Key deals this week: Qualcomm, Smurfit Westrock, Capri Holdings, and more",seekingalpha/GS,,,2026-09-29 02:36:41
2026-09-27,IBM,"IBM: Buy The Reset, Not The Growth Story (Rating Upgrade)",seekingalpha/IBM,,,2026-09-29 02:36:41
2026-09-27,JBL,"Earnings Week Ahead: MU, NKE, CCL, and more",seekingalpha/JBL,,,2026-09-29 02:36:41
2026-09-27,MA,Mastercard: Building The Future Of Payments Before It Arrives,seekingalpha/MA,,,2026-09-29 02:36:41
2026-09-27,MKC,"Earnings Week Ahead: MU, NKE, CCL, and more",seekingalpha/MKC,,,2026-09-29 02:36:41
2026-09-27,MSFT,Bill Gates calls for federal AI safeguards beyond industry self-regulation,seekingalpha/MSFT,,,2026-09-29 02:36:41
2026-09-27,NKE,"Earnings Week Ahead: MU, NKE, CCL, and more",seekingalpha/NKE,,,2026-09-29 02:36:41
2026-09-27,NKE,Nike: The Catalyst We've Been Waiting For,seekingalpha/NKE,,,2026-09-29 02:36:41
2026-09-27,ORCL,AI boom’s biggest risk may be the money spigot running dry,seekingalpha/ORCL,,,2026-09-29 02:36:41
2026-09-27,ORCL,"One Notch Higher Than Junk, Oracle Debt Warning Played Out (Upgrade)",seekingalpha/ORCL,,,2026-09-29 02:36:41
2026-09-27,PSKY,‘Avengers: Endgame’ re-release tops box office as sales jump 61% from year ago,seekingalpha/PSKY,,,2026-09-29 02:36:41
2026-09-27,QCOM,"Key deals this week: Qualcomm, Smurfit Westrock, Capri Holdings, and more",seekingalpha/QCOM,,,2026-09-29 02:36:41
2026-09-27,SNDK,Sandisk: The Market Still Doubts This Boom,seekingalpha/SNDK,,,2026-09-29 02:36:41
2026-09-27,SO,Southern Company: A 3.67% Yield With 17 Gigawatts Of Contracted Load At 52-Week Lows,seekingalpha/SO,,,2026-09-29 02:36:41
2026-09-27,SPG,Simon Property Group: Redemption Risk For SPG.PR.J,seekingalpha/SPG,,,2026-09-29 02:36:41
2026-09-27,SW,"Key deals this week: Qualcomm, Smurfit Westrock, Capri Holdings, and more",seekingalpha/SW,,,2026-09-29 02:36:41
2026-09-27,VEEV,"Veeva Systems: Excellent Execution, But Upside Potential Has Waned (Rating Downgrade)",seekingalpha/VEEV,,,2026-09-29 02:36:41
2026-09-27,WDAY,Workday: Flex Credits And Valuation Are Undervalued,seekingalpha/WDAY,,,2026-09-29 02:36:41
2026-09-27,WMB,Feeding The AI Beast: The Williams Companies' Path To Maintain Superior Dividend Growth,seekingalpha/WMB,,,2026-09-29 02:36:41
2026-09-28,AAPL,"Apple likely seeing 'healthy' iPhone 18 Pro demand, JPMorgan says",seekingalpha/AAPL,,,2026-09-29 02:36:41
2026-09-28,AAPL,"Apple: I Was Wrong, Margin Math Is Now In Its Favor (Rating Upgrade)",seekingalpha/AAPL,,,2026-09-29 02:36:41
2026-09-28,AAPL,Michael Burry: Trump 'cannot afford' to let AI boom fail,seekingalpha/AAPL,,,2026-09-29 02:36:41
2026-09-28,AAPL,"SA analyst upgrades/downgrades: AAPL, IBM, UBER, HOG",seekingalpha/AAPL,,,2026-09-29 02:36:41
2026-09-28,AAPL,"UK Tribunal revives consumer case against Apple, Amazon",seekingalpha/AAPL,,,2026-09-29 02:36:41
2026-09-28,AAPL,What's next for Apple after the iPhone Duo launch?,seekingalpha/AAPL,,,2026-09-29 02:36:41
2026-09-28,ABBV,AbbVie’s Juvmo wins FDA approval for Parkinson’s disease,seekingalpha/ABBV,,,2026-09-29 02:36:41
2026-09-28,ADSK,Arcadis expands AI strategic collaboration with Autodesk,seekingalpha/ADSK,,,2026-09-29 02:36:41
2026-09-28,AKAM,Akamai in focus as DA Davidson cuts price target,seekingalpha/AKAM,,,2026-09-29 02:36:41
2026-09-28,AKAM,"Akamai's Anthropic Deal Changes Everything, But The Real Opportunity Is Overlooked",seekingalpha/AKAM,,,2026-09-29 02:36:41
2026-09-28,AMAT,Morgan Stanley cuts Applied Materials' price target by $79,seekingalpha/AMAT,,,2026-09-29 02:36:41
2026-09-28,AMD,AMD Valuation: AI Investment Supercycle And More Present Compelling Upside Potential,seekingalpha/AMD,,,2026-09-29 02:36:41
2026-09-28,AMD,AMD to acquire World Labs in $8.2B all-stock deal,seekingalpha/AMD,,,2026-09-29 02:36:41
2026-09-28,AMD,"AMD: The AI Momentum Train Looks Unstoppable, But I'm Pausing Accumulation (Downgrade)",seekingalpha/AMD,,,2026-09-29 02:36:41
2026-09-28,AMD,Nvidia's $150B buyback fails to keep chip stocks buoyant,seekingalpha/AMD,,,2026-09-29 02:36:41
2026-09-28,AMZN,Holiday spending expected to increase 6.7% to reach record high of $275B—Adobe Analytics,seekingalpha/AMZN,,,2026-09-29 02:36:41
2026-09-28,AMZN,Michael Burry: Trump 'cannot afford' to let AI boom fail,seekingalpha/AMZN,,,2026-09-29 02:36:41
2026-09-28,AMZN,"UK Tribunal revives consumer case against Apple, Amazon",seekingalpha/AMZN,,,2026-09-29 02:36:41
2026-09-28,AVGO,Nvidia's $150B buyback fails to keep chip stocks buoyant,seekingalpha/AVGO,,,2026-09-29 02:36:41
2026-09-28,AXP,American Express adds ~20M merchant locations in 2026,seekingalpha/AXP,,,2026-09-29 02:36:41
2026-09-28,AXP,American Express declares $0.95 dividend,seekingalpha/AXP,,,2026-09-29 02:36:41
2026-09-28,BA,Boeing 737 Max 10 certification delayed by software issue,seekingalpha/BA,,,2026-09-29 02:36:41
2026-09-28,BA,Boeing slumps 7% after FAA delays 737 MAX 10 certification,seekingalpha/BA,,,2026-09-29 02:36:41
2026-09-28,BA,Boeing wins $13.8M U.S. Air Force C-17 fleet support deal,seekingalpha/BA,,,2026-09-29 02:36:41
2026-09-28,BA,FTAI Aviation buys 27 Boeing 737-700 planes from WestJet,seekingalpha/BA,,,2026-09-29 02:36:41
2026-09-28,BAC,Bank of America bolsters treasury services by adding AI insights to CashPro,seekingalpha/BAC,,,2026-09-29 02:36:41
2026-09-28,BKNG,"I Just Added $10,000 To Booking Holdings - Here's Why",seekingalpha/BKNG,,,2026-09-29 02:36:41
2026-09-28,BSX,Boston Scientific wins up to $135.7M U.S. defense health contract,seekingalpha/BSX,,,2026-09-29 02:36:41
2026-09-28,C,"Citi, Coinbase partner for stablecoin payments for institutional clients",seekingalpha/C,,,2026-09-29 02:36:41
2026-09-28,C,Citigroup aims to raise $3B in Banamex IPO - report,seekingalpha/C,,,2026-09-29 02:36:41
2026-09-28,CCI,Crown Castle: Buy This High Yield While It's Undervalued,seekingalpha/CCI,,,2026-09-29 02:36:41
2026-09-28,CCL,"Carnival Q3 2026 earnings preview: Revenue growth, debt in focus",seekingalpha/CCL,,,2026-09-29 02:36:41
2026-09-28,CF,CF Industries upgraded at Redburn as crop rally brightens fertilizer outlook,seekingalpha/CF,,,2026-09-29 02:36:41
2026-09-28,CLX,Clorox: The 6% Yield And Bargain Valuation Can't Fix A Slow Recovery,seekingalpha/CLX,,,2026-09-29 02:36:41
2026-09-28,CMG,Chipotle Mexican said to be subject of takeover speculation,seekingalpha/CMG,,,2026-09-29 02:36:41
2026-09-28,CMG,Chipotle revives its margarita after years of fan nostalgia,seekingalpha/CMG,,,2026-09-29 02:36:41
2026-09-28,CNP,Sector Pessimism Is Weighing On CenterPoint Energy,seekingalpha/CNP,,,2026-09-29 02:36:41
2026-09-28,COIN,"Citi, Coinbase partner for stablecoin payments for institutional clients",seekingalpha/COIN,,,2026-09-29 02:36:41
2026-09-28,COIN,Coinbase: No Clarity Needed,seekingalpha/COIN,,,2026-09-29 02:36:41
2026-09-28,COIN,Coinbase: The Bull Case Is Fading,seekingalpha/COIN,,,2026-09-29 02:36:41
2026-09-28,COIN,Coinbase: The Crypto Cycle Still Matters,seekingalpha/COIN,,,2026-09-29 02:36:41
2026-09-28,COST,Costco Wholesale Corporation 2026 Q4 - Results - Earnings Call Presentation,seekingalpha/COST,,,2026-09-29 02:36:41
2026-09-28,CRM,"Meta's new enterprise push hits ServiceNow, Salesforce and Microsoft",seekingalpha/CRM,,,2026-09-29 02:36:41
2026-09-28,CTVA,"Corteva reaches FTC antitrust settlement, agrees to $35M payment",seekingalpha/CTVA,,,2026-09-29 02:36:41
2026-09-28,CVNA,Winners and losers as agentic AI enters the car-buying process,seekingalpha/CVNA,,,2026-09-29 02:36:41
2026-09-28,DIS,"Ex-Disney CEO Bob Chapek advises startups, open to PE fund: Bloomberg",seekingalpha/DIS,,,2026-09-29 02:36:41
2026-09-28,EBAY,Holiday spending expected to increase 6.7% to reach record high of $275B—Adobe Analytics,seekingalpha/EBAY,,,2026-09-29 02:36:41
2026-09-28,F,"Trump issues rule lowering fuel economy standards, ends Biden EV mandate",seekingalpha/F,,,2026-09-29 02:36:41
2026-09-28,FDS,FactSet Q4 Earnings: Why A Strong Beat Is Coming,seekingalpha/FDS,,,2026-09-29 02:36:41
2026-09-28,FE,FirstEnergy: The Grid Is Growing Faster Than The Case For A Rerating,seekingalpha/FE,,,2026-09-29 02:36:41
2026-09-28,FISV,Activist Jana pushes Fiserv to increase planned cost cuts - Reuters,seekingalpha/FISV,,,2026-09-29 02:36:41
2026-09-28,FISV,Fiserv: Low Valuation Is Not A Reason To Buy; Muted Growth Outlook Compresses Terminal Value,seekingalpha/FISV,,,2026-09-29 02:36:41
2026-09-28,FISV,Fiserv: The Market Is Overreacting To A One-Off Decline,seekingalpha/FISV,,,2026-09-29 02:36:41
2026-09-28,FSLR,First Solar upgraded at KeyBanc as valuation limits downside,seekingalpha/FSLR,,,2026-09-29 02:36:41
2026-09-28,GDDY,Gen Digital CEO expects to hit high end of guidance; addresses GoDaddy rumors,seekingalpha/GDDY,,,2026-09-29 02:36:41
2026-09-28,GE,GE Aerospace expands military helicopter support in Poland,seekingalpha/GE,,,2026-09-29 02:36:41
2026-09-28,GEN,Gen Digital CEO expects to hit high end of guidance; addresses GoDaddy rumors,seekingalpha/GEN,,,2026-09-29 02:36:41
2026-09-28,GM,"General Motors: The Risks Keep Stacking Up, Now With Chinese EV Makers",seekingalpha/GM,,,2026-09-29 02:36:41
2026-09-28,GM,"Trump issues rule lowering fuel economy standards, ends Biden EV mandate",seekingalpha/GM,,,2026-09-29 02:36:41
2026-09-28,GOOG,Alphabet: Buy Before It Cashes In On Its TPUs,seekingalpha/GOOG,,,2026-09-29 02:36:41
2026-09-28,GOOG,Michael Burry: Trump 'cannot afford' to let AI boom fail,seekingalpha/GOOG,,,2026-09-29 02:36:41
2026-09-28,GOOGL,Alphabet: Buy Before It Cashes In On Its TPUs,seekingalpha/GOOGL,,,2026-09-29 02:36:41
2026-09-28,GOOGL,Michael Burry: Trump 'cannot afford' to let AI boom fail,seekingalpha/GOOGL,,,2026-09-29 02:36:41
2026-09-28,GS,Goldman Sachs considers naming COO John Waldron as next CEO: WSJ,seekingalpha/GS,,,2026-09-30 01:51:54
2026-09-28,GS,Goldman Sachs' proposed retail investor voting instruction program bags SEC nod,seekingalpha/GS,,,2026-09-29 02:36:41
2026-09-28,HPQ,"HP Inc.: PC Revenue Burst Is Temporary, Steer Clear (Rating Downgrade)",seekingalpha/HPQ,,,2026-09-29 02:36:41
2026-09-28,HRL,Hormel: Undervalued And A Record Yield But Facing Growth Struggles,seekingalpha/HRL,,,2026-09-29 02:36:41
2026-09-28,IBM,IBM: The Cheapest Entry Since My Coverage Began Is Now A Sell,seekingalpha/IBM,,,2026-09-29 02:36:41
2026-09-28,IBM,IBM: The Software Story Just Got More Complicated,seekingalpha/IBM,,,2026-09-29 02:36:41
2026-09-28,IBM,"SA analyst upgrades/downgrades: AAPL, IBM, UBER, HOG",seekingalpha/IBM,,,2026-09-29 02:36:41
2026-09-28,INTC,Nvidia's $150B buyback fails to keep chip stocks buoyant,seekingalpha/INTC,,,2026-09-29 02:36:41
2026-09-28,INTC,What's next for Intel after the SK Hynix partnership rumors?,seekingalpha/INTC,,,2026-09-29 02:36:41
2026-09-28,KO,Coca-Cola hires a key exec from Monster Beverage,seekingalpha/KO,,,2026-09-29 02:36:41
2026-09-28,LLY,Eli Lilly CEO Ricks says drugmaker on hunt for bigger deals: Bloomberg,seekingalpha/LLY,,,2026-09-29 02:36:41
2026-09-28,LMT,Lockheed Martin's unit gets $155.7M boost for Navy combat systems,seekingalpha/LMT,,,2026-09-29 02:36:41
2026-09-28,LRCX,Lam Research: A Key AI Infrastructure Player With Growth Upside,seekingalpha/LRCX,,,2026-09-29 02:36:41
2026-09-28,MA,Mastercard beefs up commercial payments with AI-driven B2B analytics,seekingalpha/MA,,,2026-09-29 02:36:41
2026-09-28,MCD,McDonald's: Best Time In Years To Accumulate Shares Of This Dividend King,seekingalpha/MCD,,,2026-09-29 02:36:41
2026-09-28,META,"Meta Platforms: Ignore The CapEx Fears, Buy The Hidden Ecosystem",seekingalpha/META,,,2026-09-29 02:36:41
2026-09-28,META,Meta Platforms: Muse Could Become The Next Metaverse,seekingalpha/META,,,2026-09-29 02:36:41
2026-09-28,META,Meta's AI Breakthrough Came At The Wrong Price,seekingalpha/META,,,2026-09-29 02:36:41
2026-09-28,META,Meta: Building Entirely New Revenue Streams,seekingalpha/META,,,2026-09-29 02:36:41
2026-09-28,META,"Meta: More Cautious Than Before, More Bullish Than Ever",seekingalpha/META,,,2026-09-29 02:36:41
2026-09-28,META,Wall Street Lunch: MongoDB Tumbles As CEO CJ Desai Joins Meta To Lead Enterprise Push,seekingalpha/META,,,2026-09-29 02:36:41
2026-09-28,MNST,Coca-Cola hires a key exec from Monster Beverage,seekingalpha/MNST,,,2026-09-29 02:36:41
2026-09-28,MRK,Merck signs up to $2.13B license deal with SciBrunch,seekingalpha/MRK,,,2026-09-29 02:36:41
2026-09-28,MRNA,"Pfizer, BioNTech, Moderna dealt blow in effort to dismiss mRNA patent lawsuits",seekingalpha/MRNA,,,2026-09-29 02:36:41
2026-09-28,MS,Morgan Stanley to establish financial hub in Texas,seekingalpha/MS,,,2026-09-29 02:36:41
2026-09-28,MSFT,"Meta's new enterprise push hits ServiceNow, Salesforce and Microsoft",seekingalpha/MSFT,,,2026-09-29 02:36:41
2026-09-28,MSFT,Michael Burry: Trump 'cannot afford' to let AI boom fail,seekingalpha/MSFT,,,2026-09-29 02:36:41
2026-09-28,MSFT,Microsoft's Copilot upgrade strengthens long-term conviction: Jefferies,seekingalpha/MSFT,,,2026-09-29 02:36:41
2026-09-28,MSFT,"Microsoft: At 5% Yields, It's A $4 Trillion AI Haven To Own",seekingalpha/MSFT,,,2026-09-29 02:36:41
2026-09-28,MSFT,Microsoft: Why The $3.8T Fortress Won't Deliver An AI Moonshot,seekingalpha/MSFT,,,2026-09-29 02:36:41
2026-09-28,MU,Micron Q4: The Market Is Already Looking Beyond 2027,seekingalpha/MU,,,2026-09-29 02:36:41
2026-09-28,MU,"Micron's Earnings: Don't Be Misled By The Guidance, Don't Worry, Q4 Should Be Stellar",seekingalpha/MU,,,2026-09-29 02:36:41
2026-09-28,MU,Micron's Stock Faces Another Post-Earnings Plunge,seekingalpha/MU,,,2026-09-29 02:36:41
2026-09-28,MU,Micron: Remains A Strong Buy Ahead Of Q4 Earnings,seekingalpha/MU,,,2026-09-29 02:36:41
2026-09-28,MU,Micron: The Memory Cycle May Never Be The Same,seekingalpha/MU,,,2026-09-29 02:36:41
2026-09-28,MU,Nvidia's $150B buyback fails to keep chip stocks buoyant,seekingalpha/MU,,,2026-09-29 02:36:41
2026-09-28,NEM,"I Was Wrong, But Newmont Is Still A Buy",seekingalpha/NEM,,,2026-09-29 02:36:41
2026-09-28,NKE,Nike Earnings Preview: The Only Bullish Aspect To The Stock Is The Extreme Bearishness,seekingalpha/NKE,,,2026-09-29 02:36:41
2026-09-28,NKE,Nike cut to Neutral by Piper Sandler; PT lowered to $38,seekingalpha/NKE,,,2026-09-29 02:36:41
2026-09-28,NOC,Northrop Grumman Will Do Well Even If Donald Trump's War Against Iran Ends,seekingalpha/NOC,,,2026-09-29 02:36:41
2026-09-28,NOW,"Meta's new enterprise push hits ServiceNow, Salesforce and Microsoft",seekingalpha/NOW,,,2026-09-29 02:36:41
2026-09-28,NVDA,"Anthropic's cloud and neocloud contracts surpass $180B, Nvidia says",seekingalpha/NVDA,,,2026-09-29 02:36:41
2026-09-28,NVDA,Nvidia unveils massive $150B increase to share buyback program,seekingalpha/NVDA,,,2026-09-29 02:36:41
2026-09-28,NVDA,Nvidia's $150B Repurchase News: What To Do About Its Trillion-Dollar Problem,seekingalpha/NVDA,,,2026-09-29 02:36:41
2026-09-28,NVDA,Nvidia's $150B buyback fails to keep chip stocks buoyant,seekingalpha/NVDA,,,2026-09-29 02:36:41
2026-09-28,NVDA,Nvidia: Ramping Up The Buyback,seekingalpha/NVDA,,,2026-09-29 02:36:41
2026-09-28,NVDA,Nvidia: The Valuation Has Gotten Too Cheap; I'm Upgrading To A Buy,seekingalpha/NVDA,,,2026-09-29 02:36:41
2026-09-28,NXPI,"NXP, VIS joint venture VSMC opens $7.8B 300 mm wafer fab in Singapore",seekingalpha/NXPI,,,2026-09-29 02:36:41
2026-09-28,OMC,Omnicom: Buy This Deep Value With A Dividend Kicker,seekingalpha/OMC,,,2026-09-29 02:36:41
2026-09-28,ORCL,Ellison pledges 67M more Oracle shares as loan collateral,seekingalpha/ORCL,,,2026-09-29 02:36:41
2026-09-28,ORCL,"Meta's new enterprise push hits ServiceNow, Salesforce and Microsoft",seekingalpha/ORCL,,,2026-09-29 02:36:41
2026-09-28,ORCL,Oracle: Here's How Badly The AI Trade Could Go (Rating Downgrade),seekingalpha/ORCL,,,2026-09-29 02:36:41
2026-09-28,ORCL,Wall Street Breakfast Podcast: SK Hynix Hit By IPO Concerns,seekingalpha/ORCL,,,2026-09-29 02:36:41
2026-09-28,PANW,Palo Alto Networks in spotlight as BTIG ups price target,seekingalpha/PANW,,,2026-09-29 02:36:41
2026-09-28,PEP,Deutsche Bank turns bearish on PepsiCo amid turnaround struggles,seekingalpha/PEP,,,2026-09-29 02:36:41
2026-09-28,PEP,PepsiCo plans a major investment in Colombia,seekingalpha/PEP,,,2026-09-29 02:36:41
2026-09-28,PFE,"Pfizer, BioNTech, Moderna dealt blow in effort to dismiss mRNA patent lawsuits",seekingalpha/PFE,,,2026-09-29 02:36:41
2026-09-28,PNW,Pinnacle West: Arizona's Growth Still Has To Reach The Shareholder,seekingalpha/PNW,,,2026-09-30 01:51:54
2026-09-28,PSKY,Paramount Skydance announces $44.4B notes offering,seekingalpha/PSKY,,,2026-09-29 02:36:41
2026-09-28,QCOM,QUALCOMM slides 7% amid longer-term upswing,seekingalpha/QCOM,,,2026-09-29 02:36:41
2026-09-28,QCOM,Qualcomm: Deteriorating Handset Revenues And A Weakening Competitive Moat,seekingalpha/QCOM,,,2026-09-30 01:51:54
2026-09-28,RCL,"Royal Caribbean is ""a quality business on sale"" -- analysts",seekingalpha/RCL,,,2026-09-29 02:36:41
2026-09-28,RTX,RTX Corporation: Improving Margins Could Unlock More Value From Its Backlog,seekingalpha/RTX,,,2026-09-29 02:36:41
2026-09-28,RTX,RTX wins up to a $20.7B multi-year U.S. Air Force AMRAAM deal,seekingalpha/RTX,,,2026-09-29 02:36:41
2026-09-28,RTX,RTX's Collins Aerospace unit wins $249.7M U.S. Navy contract,seekingalpha/RTX,,,2026-09-29 02:36:41
2026-09-28,RTX,RTX: Buy The Earnings Yield Selloff,seekingalpha/RTX,,,2026-09-29 02:36:41
2026-09-28,SMCI,Rating Upgrade: Super Micro Computer Presents A Rare Value Opportunity,seekingalpha/SMCI,,,2026-09-29 02:36:41
2026-09-28,SPY,A Ben Franklin Market Analysis,seekingalpha/SPY,,,2026-09-29 02:36:41
2026-09-28,SPY,Equities Unfazed By Spike In Rates Volatility,seekingalpha/SPY,,,2026-09-29 02:36:41
2026-09-28,SPY,Markets shrug at Trump’s nuclear relief offer to Iran,seekingalpha/SPY,,,2026-09-29 02:36:41
2026-09-28,SPY,SA analyst warns that tech stocks could join the market selloff,seekingalpha/SPY,,,2026-09-29 02:36:41
2026-09-28,SPY,The Market Is Wrong About Big Tech,seekingalpha/SPY,,,2026-09-29 02:36:41
2026-09-28,SPY,Trump Rejects Iran's Proposal - The Energy Crisis Continues Unabated,seekingalpha/SPY,,,2026-09-29 02:36:41
2026-09-28,STX,"Seagate: More Compelling After The Pullback, But Still Expensive (Upgrade)",seekingalpha/STX,,,2026-09-29 02:36:41
2026-09-28,STX,Seagate: The Areal Density Breakthrough,seekingalpha/STX,,,2026-09-29 02:36:41
2026-09-28,TFC,Truist: Solid Credit And Renewed Focus Creates Opportunity (Upgrade),seekingalpha/TFC,,,2026-09-29 02:36:41
2026-09-28,TJX,The TJX Companies: Trading 11% Above My Fair Value Estimate Despite The Selloff,seekingalpha/TJX,,,2026-09-29 02:36:41
2026-09-28,TSLA,Tesla reschedules its Roadster reveal event to October 15,seekingalpha/TSLA,,,2026-09-29 02:36:41
2026-09-28,TSLA,"Trump issues rule lowering fuel economy standards, ends Biden EV mandate",seekingalpha/TSLA,,,2026-09-29 02:36:41
2026-09-28,TSN,Tyson Foods: Headwinds Warrant Caution (Downgrade),seekingalpha/TSN,,,2026-09-29 02:36:41
2026-09-28,UBER,"SA analyst upgrades/downgrades: AAPL, IBM, UBER, HOG",seekingalpha/UBER,,,2026-09-29 02:36:41
2026-09-28,UNH,UnitedHealth: Quality Dividends From Health Insurance,seekingalpha/UNH,,,2026-09-29 02:36:41
2026-09-28,VICI,"VICI Properties signs 20-year, $7.5M Alberta lease with Highfield",seekingalpha/VICI,,,2026-09-29 02:36:41
2026-09-28,VICI,VICI Properties: Priced For A Caesars Rent Cut The Math Doesn't Support,seekingalpha/VICI,,,2026-09-29 02:36:41
2026-09-28,VICI,VICI Properties: Time To Sell,seekingalpha/VICI,,,2026-09-29 02:36:41
2026-09-28,VOO,A Ben Franklin Market Analysis,seekingalpha/VOO,,,2026-09-29 02:36:41
2026-09-28,VOO,Markets shrug at Trump’s nuclear relief offer to Iran,seekingalpha/VOO,,,2026-09-29 02:36:41
2026-09-28,VOO,SA analyst warns that tech stocks could join the market selloff,seekingalpha/VOO,,,2026-09-29 02:36:41
2026-09-28,VOO,"September Changed The Market Narrative, And Hopefully Taught Apple A Big Lesson",seekingalpha/VOO,,,2026-09-29 02:36:41
2026-09-28,VOO,The Market Is Wrong About Big Tech,seekingalpha/VOO,,,2026-09-29 02:36:41
2026-09-28,VOO,Trump Rejects Iran's Proposal - The Energy Crisis Continues Unabated,seekingalpha/VOO,,,2026-09-29 02:36:41
2026-09-28,VTI,A Ben Franklin Market Analysis,seekingalpha/VTI,,,2026-09-29 02:36:41
2026-09-28,WEC,WEC Energy Group: Declines Push This Back Into A Worthy Buy Territory,seekingalpha/WEC,,,2026-09-29 02:36:41
2026-09-28,WMT,Holiday spending expected to increase 6.7% to reach record high of $275B—Adobe Analytics,seekingalpha/WMT,,,2026-09-29 02:36:41
2026-09-28,WMT,Walmart continues to expand its Neighborhood Market concept,seekingalpha/WMT,,,2026-09-29 02:36:41
2026-09-29,AAPL,"Apple CEO Ternus may look to unveil products faster, become more experimental: report",seekingalpha/AAPL,,,2026-09-30 01:51:54
2026-09-29,AAPL,"Apple could see increased risk as Muse, AI agents race to capture intent: BofA",seekingalpha/AAPL,,,2026-09-30 01:51:54
2026-09-29,ADI,Analog Devices: Double-Digit Growth To Continue Into 2027,seekingalpha/ADI,,,2026-09-30 01:51:54
2026-09-29,ADM,Archer-Daniels-Midland: The Numbers Are Pointing To A Fresh Start,seekingalpha/ADM,,,2026-09-30 01:51:54
2026-09-29,AEE,Scotiabank launches coverage of 14 U.S. power stocks amid data center demand,seekingalpha/AEE,,,2026-09-30 01:51:54
2026-09-29,AMAT,Applied Materials partners with KIOXIA to develop next‑generation memory for AI,seekingalpha/AMAT,,,2026-09-30 01:51:54
2026-09-29,AMD,AMD in focus as Wall Street praises World Labs deal in bid to boost physical AI,seekingalpha/AMD,,,2026-09-30 01:51:54
2026-09-29,AMD,"AMD: Path To $1,000 (Rating Upgrade)",seekingalpha/AMD,,,2026-09-30 01:51:54
2026-09-29,AMD,"AMD: Reasons To Trim, Reasons To Hold, Reasons To Hedge After This Huge Rally",seekingalpha/AMD,,,2026-09-30 01:51:54
2026-09-29,AMD,AMD: Why I Say 80x Forward P/E Doesn't Matter This Time,seekingalpha/AMD,,,2026-09-30 01:51:54
2026-09-29,AMP,Ameriprise announces additional $5.5B stock repurchase authorization,seekingalpha/AMP,,,2026-09-30 01:51:54
2026-09-29,AMZN,AI compute demand must reach $6T by 2031 to support colossal data center buildout: Bain,seekingalpha/AMZN,,,2026-09-30 01:51:54
2026-09-29,AMZN,Anthropic IPO reveals AI lab's dependence on small group of partners: report,seekingalpha/AMZN,,,2026-09-30 01:51:54
2026-09-29,ANET,Arista: The Layer Beneath The Chips,seekingalpha/ANET,,,2026-09-30 01:51:54
2026-09-29,BA,"Boeing wins $20B Navy fighter contract, its 2nd major stealth jet program",seekingalpha/BA,,,2026-09-30 01:51:54
2026-09-29,BA,NASA adds $359M to Boeing Starliner rescue effort,seekingalpha/BA,,,2026-09-30 01:51:54
2026-09-29,BMY,Potential liver safety issue seen in phase 3 trial for Bristol's admilparant,seekingalpha/BMY,,,2026-09-30 01:51:54
2026-09-29,BR,Broadridge: Building The Infrastructure For Tokenization,seekingalpha/BR,,,2026-09-30 01:51:54
2026-09-29,BRK.B,Berkshire's Delta Bet Shows Why Quality Matters In Airline Stocks,seekingalpha/BRK.B,,,2026-09-30 01:51:54
2026-09-29,BSX,Boston Scientific: Market Pessimism Has Pushed The Stock Into Undervalued Territory,seekingalpha/BSX,,,2026-09-30 01:51:54
2026-09-29,BX,Blackstone launches Norla to target Nordic logistics warehouses,seekingalpha/BX,,,2026-09-30 01:51:54
2026-09-29,C,Citi launches multi-market instant payments on Swift payments scheme,seekingalpha/C,,,2026-09-30 01:51:54
2026-09-29,CBOE,"Cboe, S&P DJI extend exclusive licensing agreement by 25 years",seekingalpha/CBOE,,,2026-09-30 01:51:54
2026-09-29,CCI,Crown Castle Inc. (CCI) Presents at RBC Capital Markets 2026 Global Communications and Infrastructure Conference Transcript,seekingalpha/CCI,,,2026-09-30 01:51:54
2026-09-29,CCL,Carnival Corporation Ltd. (CCL) Q3 2026 Earnings Call Transcript,seekingalpha/CCL,,,2026-09-30 01:51:54
2026-09-29,CCL,Carnival Corporation Ltd. 2026 Q3 - Results - Earnings Call Presentation,seekingalpha/CCL,,,2026-09-30 01:51:54
2026-09-29,CCL,Carnival expects $2.24 FY 2026 EPS as 2027 capacity rises 0.5% and customer deposits reach $7.6B,seekingalpha/CCL,,,2026-09-30 01:51:54
2026-09-29,CCL,"Carnival in charts: Customer deposits hit record in Q3, up 7% despite flat capacity",seekingalpha/CCL,,,2026-09-30 01:51:54
2026-09-29,CCL,"Cruise stocks rally as Carnival beats expectations, sees record booking for 2027",seekingalpha/CCL,,,2026-09-30 01:51:54
2026-09-29,CCL,Earnings Snapshot: Carnival's Q3 revenue hits $8.44B; higher fuel costs bite margins,seekingalpha/CCL,,,2026-09-30 01:51:54
2026-09-29,CEG,Constellation Energy: Premium Company At A Premium Price,seekingalpha/CEG,,,2026-09-30 01:51:54
2026-09-29,CI,CMS says Medicare Advantage premiums will drop in 2027,seekingalpha/CI,,,2026-09-30 01:51:54
2026-09-29,CMG,Chipotle hits another milestone with its successful Chipotlane concept,seekingalpha/CMG,,,2026-09-30 01:51:54
2026-09-29,COHR,Coherent: A Cautious Buy,seekingalpha/COHR,,,2026-09-30 01:51:54
2026-09-29,COIN,"Coinbase Ventures, CMCC Global back Raven's $90M prediction market push",seekingalpha/COIN,,,2026-09-30 01:51:54
2026-09-29,COIN,Coinbase gets CFTC approval for derivatives clearing,seekingalpha/COIN,,,2026-09-30 01:51:54
2026-09-29,CRM,Salesforce agrees to buy Listen Labs,seekingalpha/CRM,,,2026-09-30 01:51:54
2026-09-29,CRM,Salesforce in focus as Oppenheimer reiterates Outperform rating after customer survey,seekingalpha/CRM,,,2026-09-30 01:51:54
2026-09-29,CRWD,CrowdStrike: Time To Ring The Register,seekingalpha/CRWD,,,2026-09-30 01:51:54
2026-09-29,CSCO,"Bell Canada, Cisco to collaborate on sovereign AI infrastructure",seekingalpha/CSCO,,,2026-09-30 01:51:54
2026-09-29,CSX,"CSX: A Top-Ranked Railroad, Hold Until It Finds A Floor",seekingalpha/CSX,,,2026-09-30 01:51:54
2026-09-29,CVS,CMS says Medicare Advantage premiums will drop in 2027,seekingalpha/CVS,,,2026-09-30 01:51:54
2026-09-29,DAL,Berkshire's Delta Bet Shows Why Quality Matters In Airline Stocks,seekingalpha/DAL,,,2026-09-30 01:51:54
2026-09-29,DELL,Dell in focus as Susquehanna says inferencing can be a 'tailwind' for server revenue,seekingalpha/DELL,,,2026-09-30 01:51:54
2026-09-29,DELL,Dell's Rally Isn't Over Yet,seekingalpha/DELL,,,2026-09-30 01:51:54
2026-09-29,DIS,Disney to cut workforce by another 'few hundred' — Deadline,seekingalpha/DIS,,,2026-09-30 01:51:54
2026-09-29,DLR,"Digital Realty Trust, Inc. (DLR) Presents at RBC Capital Markets 2026 Global Communications and Infrastructure Conference Transcript",seekingalpha/DLR,,,2026-09-30 01:51:54
2026-09-29,EFX,"Equifax: The Signs Are There, But An Imminent Re-Rating May Not Be Forthcoming",seekingalpha/EFX,,,2026-09-30 01:51:54
2026-09-29,ELV,CMS says Medicare Advantage premiums will drop in 2027,seekingalpha/ELV,,,2026-09-30 01:51:54
2026-09-29,EQIX,"Equinix, Inc. (EQIX) Presents at RBC Capital Markets 2026 Global Communications and Infrastructure Conference Transcript",seekingalpha/EQIX,,,2026-09-30 01:51:54
2026-09-29,F,GM tech costs to fall by $20B through 2031 after rollback of fuel economy standards,seekingalpha/F,,,2026-09-30 01:51:54
2026-09-29,FDS,FactSet Research Systems Q4 2026 Earnings Preview,seekingalpha/FDS,,,2026-09-30 01:51:54
2026-09-29,FE,FirstEnergy declares $0.465 dividend,seekingalpha/FE,,,2026-09-30 01:51:54
2026-09-29,FICO,FICO stock slides after TransUnion extends 99-cent pricing for VantageScore 4.0,seekingalpha/FICO,,,2026-09-30 01:51:54
2026-09-29,FICO,"Fair Isaac: VantageScore 4.0 Fears Strike Again, Here's Where To Buy",seekingalpha/FICO,,,2026-09-30 01:51:54
2026-09-29,FITB,"Fifth Third: Dip Opportunity Among Banks, Supported By Portfolio Growth And Balance Sheet",seekingalpha/FITB,,,2026-09-30 01:51:54
2026-09-29,FLEX,"Flex: Even On Normalized Numbers, The Cash Only Justifies Today's Price",seekingalpha/FLEX,,,2026-09-30 01:51:54
2026-09-29,FSLR,First Solar: Why The Market Still Doesn't Believe The Story (Rating Downgrade),seekingalpha/FSLR,,,2026-09-30 01:51:54
2026-09-29,GDDY,Gen Digital bid for GoDaddy appears less likely - analyst,seekingalpha/GDDY,,,2026-09-30 01:51:54
2026-09-29,GEN,Gen Digital bid for GoDaddy appears less likely - analyst,seekingalpha/GEN,,,2026-09-30 01:51:54
2026-09-29,GIS,General Mills declares $0.61 dividend,seekingalpha/GIS,,,2026-09-30 01:51:54
2026-09-29,GIS,"General Mills, Inc. 2027 Q1 - Results - Earnings Call Presentation",seekingalpha/GIS,,,2026-09-30 01:51:54
2026-09-29,GLW,"AT&T, Corning enter multi-year fiber and cable supply deal",seekingalpha/GLW,,,2026-09-30 01:51:54
2026-09-29,GM,GM tech costs to fall by $20B through 2031 after rollback of fuel economy standards,seekingalpha/GM,,,2026-09-30 01:51:54
2026-09-29,GOOG,AI compute demand must reach $6T by 2031 to support colossal data center buildout: Bain,seekingalpha/GOOG,,,2026-09-30 01:51:54
2026-09-29,GOOG,"Alphabet Is Building An AI Empire, But Investors May Be Paying Too Much",seekingalpha/GOOG,,,2026-09-30 01:51:54
2026-09-29,GOOG,Alphabet: TPU Advantage Vs. AI Search Competition,seekingalpha/GOOG,,,2026-09-30 01:51:54
2026-09-29,GOOG,Alphabet: The AI Winner Nobody Is Talking About,seekingalpha/GOOG,,,2026-09-30 01:51:54
2026-09-29,GOOG,Anthropic IPO reveals AI lab's dependence on small group of partners: report,seekingalpha/GOOG,,,2026-09-30 01:51:54
2026-09-29,GOOG,Big tech CEOs sign off on Trump's 'super intelligence' safety accord,seekingalpha/GOOG,,,2026-09-30 01:51:54
2026-09-29,GOOGL,AI compute demand must reach $6T by 2031 to support colossal data center buildout: Bain,seekingalpha/GOOGL,,,2026-09-30 01:51:54
2026-09-29,GOOGL,Alphabet: The AI Winner Nobody Is Talking About,seekingalpha/GOOGL,,,2026-09-30 01:51:54
2026-09-29,GOOGL,Anthropic IPO reveals AI lab's dependence on small group of partners: report,seekingalpha/GOOGL,,,2026-09-30 01:51:54
2026-09-29,GOOGL,Big tech CEOs sign off on Trump's 'super intelligence' safety accord,seekingalpha/GOOGL,,,2026-09-30 01:51:54
2026-09-29,GOOGL,Google expands Gemini Enterprise with cybersecurity tools from major vendors,seekingalpha/GOOGL,,,2026-09-30 01:51:54
2026-09-29,GOOGL,Trump set to launch AI-powered America.gov government website,seekingalpha/GOOGL,,,2026-09-30 01:51:54
2026-09-29,HII,Huntington Ingalls wins $5.2B in new U.S. Navy contracts,seekingalpha/HII,,,2026-09-30 01:51:54
2026-09-29,HOOD,"Robinhood: The Market Is Pricing In A Lot, But Not Really Everything",seekingalpha/HOOD,,,2026-09-30 01:51:54
2026-09-29,HRL,Hormel Foods declares $0.2925 dividend,seekingalpha/HRL,,,2026-09-30 01:51:54
2026-09-29,HUM,CMS says Medicare Advantage premiums will drop in 2027,seekingalpha/HUM,,,2026-09-30 01:51:54
2026-09-29,IBM,"IBM: A Rough Quarter, But The Fundamentals Tell A Different Story",seekingalpha/IBM,,,2026-09-30 01:51:54
2026-09-29,IBM,IBM: Growth Story Never Existed,seekingalpha/IBM,,,2026-09-30 01:51:54
2026-09-29,ICE,Wells Fargo renews Intercontinental Exchange's mortgage loan servicing system agreement,seekingalpha/ICE,,,2026-09-30 01:51:54
2026-09-29,INTC,Intel: An Overlooked Business And A Ticking Clock,seekingalpha/INTC,,,2026-09-30 01:51:54
2026-09-29,INTC,Quantitative Data Vs. Human Sentiment: Analyzing INTC's Surprising Turnaround,seekingalpha/INTC,,,2026-09-30 01:51:54
2026-09-29,IRM,Iron Mountain Incorporated (IRM) Presents at RBC Capital Markets 2026 Global Communications and Infrastructure Conference Transcript,seekingalpha/IRM,,,2026-09-30 01:51:54
2026-09-29,JBL,Jabil Q4 2026 Earnings Preview,seekingalpha/JBL,,,2026-09-30 01:51:54
2026-09-29,JNJ,"Johnson & Johnson: Strong Catalysts, But I'm Staying At Hold",seekingalpha/JNJ,,,2026-09-30 01:51:54
2026-09-29,KDP,C4 Energy looks for beverage market share outside the gym,seekingalpha/KDP,,,2026-09-30 01:51:54
2026-09-29,KKR,Samsung commits $1B to Nvidia- and KKR-backed AI firm Helix,seekingalpha/KKR,,,2026-09-30 01:51:54
2026-09-29,KLAC,KLA: This Window Of Opportunity Won't Last Forever,seekingalpha/KLAC,,,2026-09-30 01:51:54
2026-09-29,KMB,Kimberly-Clark's Dividend And Safe Haven Trade Outweigh Post-Merger Risks,seekingalpha/KMB,,,2026-09-30 01:51:54
2026-09-29,KMI,Kinder Morgan: Buy This 4% Yield With $10 Billion Growth Backlog,seekingalpha/KMI,,,2026-09-30 01:51:54
2026-09-29,KMI,"Trans Mountain toll deal wins approval from Canadian energy regulator, raising contracted capacity to 90%",seekingalpha/KMI,,,2026-09-30 01:51:54
2026-09-29,KR,Aldi to roll out ready-made meals nationally,seekingalpha/KR,,,2026-09-30 01:51:54
2026-09-29,LHX,L3Harris lands $6B missile-propulsion contract from Lockheed Martin,seekingalpha/LHX,,,2026-09-30 01:51:54
2026-09-29,LITE,Lumentum Stock: I Bought It At $800; 2027 Could Change The Story,seekingalpha/LITE,,,2026-09-30 01:51:54
2026-09-29,LITE,Lumentum's outlook brightens on Nvidia's co-packaged optics scale-out: GF,seekingalpha/LITE,,,2026-09-30 01:51:54
2026-09-29,LLY,Lilly says Zepbound at higher doses tops Novo’s Wegovy HD,seekingalpha/LLY,,,2026-09-30 01:51:54
2026-09-29,LLY,Lilly’s Foundayo 17.2 mg beats oral semaglutide 25 mg on weight loss,seekingalpha/LLY,,,2026-09-30 01:51:54
2026-09-29,LLY,Novo says Ozempic outperforms Lilly’s Mounjaro in cutting major cardiovascular events,seekingalpha/LLY,,,2026-09-30 01:51:54
2026-09-29,LMT,Can strong aerospace and defense backlogs survive execution risk?,seekingalpha/LMT,,,2026-09-30 01:51:54
2026-09-29,LMT,Lockheed Martin inks $297M U.S. Navy contract and $724M in missile defense contract,seekingalpha/LMT,,,2026-09-30 01:51:54
2026-09-29,MA,Mastercard declares $0.87 dividend,seekingalpha/MA,,,2026-09-30 01:51:54
2026-09-29,MA,"Mastercard: Fairly Valued, Still Compounding",seekingalpha/MA,,,2026-09-30 01:51:54
2026-09-29,MA,Visa Vs. Mastercard: Why I Prefer Visa,seekingalpha/MA,,,2026-09-30 01:51:54
2026-09-29,MCD,McDonald's stock and 10-year U.S. Treasury yield are perfect opposites,seekingalpha/MCD,,,2026-09-30 01:51:54
2026-09-29,META,AI compute demand must reach $6T by 2031 to support colossal data center buildout: Bain,seekingalpha/META,,,2026-09-30 01:51:54
2026-09-29,META,"Apple could see increased risk as Muse, AI agents race to capture intent: BofA",seekingalpha/META,,,2026-09-30 01:51:54
2026-09-29,META,Big tech CEOs sign off on Trump's 'super intelligence' safety accord,seekingalpha/META,,,2026-09-30 01:51:54
2026-09-29,META,Meta Platforms: Why Missing The Rally May Be The Better Trade,seekingalpha/META,,,2026-09-30 01:51:54
2026-09-29,META,Meta: The Advertising Engine Still Has To Pay For The AI Ambition,seekingalpha/META,,,2026-09-30 01:51:54
2026-09-29,META,OpenAI unleashes new agents known as Dots as Altman remains unfazed by Meta's Muse,seekingalpha/META,,,2026-09-30 01:51:54
2026-09-29,MMM,"3M: Had A Great Run In The Last 3 Years, But Too Expensive To Buy Now",seekingalpha/MMM,,,2026-09-30 01:51:54
2026-09-29,MNST,Monster Beverage Keeps Growing In The Tech Millennium,seekingalpha/MNST,,,2026-09-30 01:51:54
2026-09-29,MRK,CDC data now show two measles deaths for 2026; Pennsylvania records four,seekingalpha/MRK,,,2026-09-30 01:51:54
2026-09-29,MRNA,Moderna And Merck: The Intismeran Readout That Was Worth $86 Billion,seekingalpha/MRNA,,,2026-09-30 01:51:54
2026-09-29,MRVL,Marvell's Investor Day Could Ignite Another Rerating,seekingalpha/MRVL,,,2026-09-30 01:51:54
2026-09-29,MS,Morgan Stanley sets up digital asset lab to test crypto technologies - report,seekingalpha/MS,,,2026-09-30 01:51:54
2026-09-29,MSFT,AI compute demand must reach $6T by 2031 to support colossal data center buildout: Bain,seekingalpha/MSFT,,,2026-09-30 01:51:54
2026-09-29,MSFT,Microsoft's 10-K Makes Me Second-Guess My Own Bull Case,seekingalpha/MSFT,,,2026-09-30 01:51:54
2026-09-29,MSFT,"Microsoft: Still Great Business, But AI Raises Serious Questions",seekingalpha/MSFT,,,2026-09-30 01:51:54
2026-09-29,MU,AI compute demand must reach $6T by 2031 to support colossal data center buildout: Bain,seekingalpha/MU,,,2026-09-30 01:51:54
2026-09-29,MU,Bulls Vs. Bears: Micron And The AI Trade: The TechTalk Podcast Episode 2,seekingalpha/MU,,,2026-09-30 01:51:54
2026-09-29,MU,Micron Q4 earnings on deck: What to expect,seekingalpha/MU,,,2026-09-30 01:51:54
2026-09-29,MU,Micron options chain skews bullish in run-up to Q4 earnings,seekingalpha/MU,,,2026-09-30 01:51:54
2026-09-29,MU,Why I Wouldn't Own Micron Into The Print - Earnings Preview,seekingalpha/MU,,,2026-09-30 01:51:54
2026-09-29,NDAQ,Nasdaq introduces agentic AI capabilities to Calypso platform to scale trading operations,seekingalpha/NDAQ,,,2026-09-30 01:51:54
2026-09-29,NEM,Newmont Corporation (NEM) Presents at Mining Forum Americas 2026 - Slideshow,seekingalpha/NEM,,,2026-09-30 01:51:54
2026-09-29,NEM,Newmont Corporation (NEM) Presents at Mining Forum Americas 2026 Transcript,seekingalpha/NEM,,,2026-09-30 01:51:54
2026-09-29,NFLX,Netflix becomes exclusive home for WWE in Japan,seekingalpha/NFLX,,,2026-09-30 01:51:54
2026-09-29,NFLX,"Netflix upgraded to Buy as Deutsche Bank sees international growth, AI upside",seekingalpha/NFLX,,,2026-09-30 01:51:54
2026-09-29,NI,Scotiabank launches coverage of 14 U.S. power stocks amid data center demand,seekingalpha/NI,,,2026-09-30 01:51:54
2026-09-29,NKE,Nike's Win Now Plan Is For Patient Investors Willing To Win Later,seekingalpha/NKE,,,2026-09-30 01:51:54
2026-09-29,NOC,"Boeing wins $20B Navy fighter contract, its 2nd major stealth jet program",seekingalpha/NOC,,,2026-09-30 01:51:54
2026-09-29,NOW,ServiceNow: A Bellwether For The AI Vs. Software Trade,seekingalpha/NOW,,,2026-09-30 01:51:54
2026-09-29,NTRS,Northern Trust CFO Dave Fox to retire,seekingalpha/NTRS,,,2026-09-30 01:51:54
2026-09-29,NVDA,AI compute demand must reach $6T by 2031 to support colossal data center buildout: Bain,seekingalpha/NVDA,,,2026-09-30 01:51:54
2026-09-29,NVDA,Big tech CEOs sign off on Trump's 'super intelligence' safety accord,seekingalpha/NVDA,,,2026-09-30 01:51:54
2026-09-29,NVDA,Lumentum's outlook brightens on Nvidia's co-packaged optics scale-out: GF,seekingalpha/NVDA,,,2026-09-30 01:51:54
2026-09-29,NVDA,Nvidia looks to insurers to spread the risk of AI buildout - report,seekingalpha/NVDA,,,2026-09-30 01:51:54
2026-09-29,NVDA,Nvidia: A Deep Analysis About The AI CapEx,seekingalpha/NVDA,,,2026-09-30 01:51:54
2026-09-29,NVDA,Nvidia: The Valuation Still Doesn't Match The AI Growth,seekingalpha/NVDA,,,2026-09-30 01:51:54
2026-09-29,ORCL,AI compute demand must reach $6T by 2031 to support colossal data center buildout: Bain,seekingalpha/ORCL,,,2026-09-30 01:51:54
2026-09-29,ORCL,OpenAI's annual revenue run rate nears $70B: report,seekingalpha/ORCL,,,2026-09-30 01:51:54
2026-09-29,ORCL,Oracle: Down 55% And I'm Buying,seekingalpha/ORCL,,,2026-09-30 01:51:54
2026-09-29,PEP,PepsiCo's North America problems aren't going away yet—J.P. Morgan,seekingalpha/PEP,,,2026-09-30 01:51:54
2026-09-29,PFE,Pfizer: Growth Portfolio And Cost Cuts Support A Buy Through The LOE Trough,seekingalpha/PFE,,,2026-09-30 01:51:54
2026-09-29,PLTR,Palantir's September Shift Changes The $200 Debate,seekingalpha/PLTR,,,2026-09-30 01:51:54
2026-09-29,PLTR,Palantir: Buy At An Elite Growth Valuation,seekingalpha/PLTR,,,2026-09-30 01:51:54
2026-09-29,PNC,PNC to redeem $525M of depositary shares representing interests in Series S preferred stock,seekingalpha/PNC,,,2026-09-30 01:51:54
2026-09-29,PNW,Scotiabank launches coverage of 14 U.S. power stocks amid data center demand,seekingalpha/PNW,,,2026-09-30 01:51:54
2026-09-29,PPL,Scotiabank launches coverage of 14 U.S. power stocks amid data center demand,seekingalpha/PPL,,,2026-09-30 01:51:54
2026-09-29,PRU,Prudential's PGIM seeks AI limits in CLOs to restrict exposure - report,seekingalpha/PRU,,,2026-09-30 01:51:54
2026-09-29,PSKY,Paramount’s Warner Bros. deal hinges on $6B in cost savings,seekingalpha/PSKY,,,2026-09-30 01:51:54
2026-09-29,PSX,Phillips 66 extends losses to eighth straight session,seekingalpha/PSX,,,2026-09-30 01:51:54
2026-09-29,PYPL,PayPal: Deteriorating Margins Negate Renewed Growth Opportunities - More Macro/Takeover Noise,seekingalpha/PYPL,,,2026-09-30 01:51:54
2026-09-29,QCOM,Qualcomm: Downgrading For The First Time In Over A Year,seekingalpha/QCOM,,,2026-09-30 01:51:54
2026-09-29,RTX,"Raytheon wins $247M deal to upgrade Phalanx, SeaRAM systems",seekingalpha/RTX,,,2026-09-30 01:51:54
2026-09-29,SBAC,SBA Communications Corporation (SBAC) Presents at RBC Capital Markets 2026 Global Communications and Infrastructure Conference Transcript,seekingalpha/SBAC,,,2026-09-30 01:51:54
2026-09-29,SJM,J. M. Smucker: Among The Best-Executing Staples Companies,seekingalpha/SJM,,,2026-09-30 01:51:54
2026-09-29,SNDK,"As Macro Fears Grow Rapidly, Sandisk Is Printing Money",seekingalpha/SNDK,,,2026-09-30 01:51:54
2026-09-29,SPGI,"Cboe, S&P DJI extend exclusive licensing agreement by 25 years",seekingalpha/SPGI,,,2026-09-30 01:51:54
2026-09-29,SPGI,S&P Global declares $0.97 dividend,seekingalpha/SPGI,,,2026-09-30 01:51:54
2026-09-29,SPY,3 Key Members Of The AI Ecosystem Continue To Send Up Red Flags,seekingalpha/SPY,,,2026-09-30 01:51:54
2026-09-29,SPY,"Bitcoin beats Gold, SPY, Silver, QQQ in Iran war: Here's the twist",seekingalpha/SPY,,,2026-09-30 01:51:54
2026-09-29,SPY,Housing Stocks: More Downside Likely As Interest Rates Soar,seekingalpha/SPY,,,2026-09-30 01:51:54
2026-09-29,SPY,SA analyst warns that the Treasury market could trigger broader volatility,seekingalpha/SPY,,,2026-09-30 01:51:54
2026-09-29,SPY,The VIX Is Lying To You: Look At Bond Volatility Instead,seekingalpha/SPY,,,2026-09-30 01:51:54
2026-09-29,SPY,Why Higher Rates May Be Here To Stay,seekingalpha/SPY,,,2026-09-30 01:51:54
2026-09-29,SRE,Scotiabank launches coverage of 14 U.S. power stocks amid data center demand,seekingalpha/SRE,,,2026-09-30 01:51:54
2026-09-29,T,"AT&T, Corning enter multi-year fiber and cable supply deal",seekingalpha/T,,,2026-09-30 01:51:54
2026-09-29,TAP,The U.S. ban on Canadian alcohol begins,seekingalpha/TAP,,,2026-09-30 01:51:54
2026-09-29,TECH,Apollo flags a $1.2 trillion hole in tech forecasts,seekingalpha/TECH,,,2026-09-30 01:51:54
2026-09-29,TGT,Target cuts prices on thousands of products as value war heats up,seekingalpha/TGT,,,2026-09-30 01:51:54
2026-09-29,TGT,Target's price cuts are seen as the latest winning move by management,seekingalpha/TGT,,,2026-09-30 01:51:54
2026-09-29,TJX,The TJX Companies' Problems Are Only Temporary,seekingalpha/TJX,,,2026-09-30 01:51:54
2026-09-29,TKO,Netflix becomes exclusive home for WWE in Japan,seekingalpha/TKO,,,2026-09-30 01:51:54
2026-09-29,UBER,Uber Technologies: Buy The Robotaxi Panic,seekingalpha/UBER,,,2026-09-30 01:51:54
2026-09-29,UBER,Uber: The Road To Disintermediation,seekingalpha/UBER,,,2026-09-30 01:51:54
2026-09-29,UNH,CMS says Medicare Advantage premiums will drop in 2027,seekingalpha/UNH,,,2026-09-30 01:51:54
2026-09-29,UPS,"UPS providing no-box, no-label shipping for TikTok Shop",seekingalpha/UPS,,,2026-09-30 01:51:54
2026-09-29,V,Visa Vs. Mastercard: Why I Prefer Visa,seekingalpha/V,,,2026-09-30 01:51:54
2026-09-29,VOO,3 Key Members Of The AI Ecosystem Continue To Send Up Red Flags,seekingalpha/VOO,,,2026-09-30 01:51:54
2026-09-29,VOO,5.5% Treasury Rates Bring Me Back To Ray Dalio's All-Weather Portfolio,seekingalpha/VOO,,,2026-09-30 01:51:54
2026-09-29,VOO,SA analyst warns that the Treasury market could trigger broader volatility,seekingalpha/VOO,,,2026-09-30 01:51:54
2026-09-29,VOO,"Sentiment Slides Again, Yet U.S. Consumers Keep Spending",seekingalpha/VOO,,,2026-09-30 01:51:54
2026-09-29,VOO,The VIX Is Lying To You: Look At Bond Volatility Instead,seekingalpha/VOO,,,2026-09-30 01:51:54
2026-09-29,VOO,Why Higher Rates May Be Here To Stay,seekingalpha/VOO,,,2026-09-30 01:51:54
2026-09-29,VRTX,Vertex Pharmaceuticals- Still Too Much Emphasis On CF Supremacy - I Foresee A Downgrade,seekingalpha/VRTX,,,2026-09-30 01:51:54
2026-09-29,WBD,Paramount’s Warner Bros. deal hinges on $6B in cost savings,seekingalpha/WBD,,,2026-09-30 01:51:54
2026-09-29,WBD,Warner Bros. cut to SELL by Argus as Paramount deal nears,seekingalpha/WBD,,,2026-09-30 01:51:54
2026-09-29,WDAY,Workday reduces headcount by 2.5%; mainly affects Product and Technology team,seekingalpha/WDAY,,,2026-09-30 01:51:54
2026-09-29,WFC,Wells Fargo renews Intercontinental Exchange's mortgage loan servicing system agreement,seekingalpha/WFC,,,2026-09-30 01:51:54
2026-09-29,WFC,Wells Fargo: Better Than Expected Is Not Enough To Buy,seekingalpha/WFC,,,2026-09-30 01:51:54
2026-09-29,WMT,Aldi to roll out ready-made meals nationally,seekingalpha/WMT,,,2026-09-30 01:51:54
2026-09-29,XEL,Scotiabank launches coverage of 14 U.S. power stocks amid data center demand,seekingalpha/XEL,,,2026-09-30 01:51:54
2026-09-30,AAPL,"Apple enters India payments market, taking on Google and Paytm",seekingalpha/AAPL,,,2026-10-01 01:52:39
2026-09-30,AAPL,"Apple likely to sell 6M iPhone Duos this year, Counterpoint says",seekingalpha/AAPL,,,2026-10-01 01:52:39
2026-09-30,AAPL,Apple plans smart-home hub launch in October: report,seekingalpha/AAPL,,,2026-10-01 01:52:39
2026-09-30,AAPL,"Apple rises amid iPhone Duo excitement, though UBS sees 'flattish' wait times for Pro",seekingalpha/AAPL,,,2026-10-01 01:52:39
2026-09-30,ABBV,AbbVie reports positive phase 2 data for Zumilokibart in atopic dermatitis,seekingalpha/ABBV,,,2026-10-01 01:52:39
2026-09-30,ABBV,AbbVie's ABBV-295 delivers up to 9.8% weight loss in Phase 1,seekingalpha/ABBV,,,2026-10-01 01:52:39
2026-09-30,ABNB,"Airbnb expands platform features, delivery services, and new tools for hosts",seekingalpha/ABNB,,,2026-10-01 01:52:39
2026-09-30,ABT,"Abbott launches ""SimpleScreen"" blood test to expand cancer screening",seekingalpha/ABT,,,2026-10-01 01:52:39
2026-09-30,ACN,"Accenture Q4 preview: SaaSpocalypse concerns persist, but AI tailwinds offer optimism",seekingalpha/ACN,,,2026-10-01 01:52:39
2026-09-30,ADBE,"Amazon, Intel, Google commit $23M to Melania Trump's education initiative",seekingalpha/ADBE,,,2026-10-01 01:52:39
2026-09-30,ADBE,Samsung reveals Galaxy Tab S12 series preloaded with Adobe Photoshop,seekingalpha/ADBE,,,2026-10-01 01:52:39
2026-09-30,AES,"US lawmakers, including Sen. Warren, push regulators to block $33B AES buyout: Reuters",seekingalpha/AES,,,2026-10-01 01:52:39
2026-09-30,AKAM,Akamai: The $11.6 Billion Anthropic Deal Is Worth Far Less - And Potentially Far More - Than It Looks,seekingalpha/AKAM,,,2026-10-01 01:52:39
2026-09-30,AMD,AMD Stock Crosses $1 Trillion - And The Market Still Underestimates The Dark Horse,seekingalpha/AMD,,,2026-10-02 02:07:53
2026-09-30,AMD,AMD Stock Crosses $1 Trillion -- And The Market Still Underestimates The Dark Horse,seekingalpha/AMD,,,2026-10-01 01:52:39
2026-09-30,AMD,"AMD: Expensive, But Growth Is Still Fast Enough To Keep The Bull Case Alive",seekingalpha/AMD,,,2026-10-01 01:52:39
2026-09-30,AMD,AMD: Lisa Su Proved Me Wrong (Rating Upgrade),seekingalpha/AMD,,,2026-10-01 01:52:39
2026-09-30,AMD,AMD: The Scary $1 Trillion Question,seekingalpha/AMD,,,2026-10-01 01:52:39
2026-09-30,AMD,"HPE rises as it wins $1.2B AMD Helios order from Vultr, boosts 2027 outlook",seekingalpha/AMD,,,2026-10-01 01:52:39
2026-09-30,AMD,"SA analyst upgrades/downgrades: AMD, QCOM, NWL, PLTR",seekingalpha/AMD,,,2026-10-01 01:52:39
2026-09-30,AMGN,FDA launches recruitment drive to add members to advisory panels,seekingalpha/AMGN,,,2026-10-01 01:52:39
2026-09-30,AMGN,"Pharmaceutical industry lobbying group names new CEO, Eric Cantor",seekingalpha/AMGN,,,2026-10-01 01:52:39
2026-09-30,AMP,"Biggest stock movers Wednesday: BA, PYXS, NOC, and more",seekingalpha/AMP,,,2026-10-01 01:52:39
2026-09-30,AMZN,"Amazon, Intel, Google commit $23M to Melania Trump's education initiative",seekingalpha/AMZN,,,2026-10-01 01:52:39
2026-09-30,AMZN,Amazon: AI Growth Story Looks Great Until You Ask Who's Paying,seekingalpha/AMZN,,,2026-10-01 01:52:39
2026-09-30,AMZN,Amazon: Anthropic's $110 Billion Commitment Changes The AI Capex Debate (Rating Reiterated),seekingalpha/AMZN,,,2026-10-01 01:52:39
2026-09-30,AMZN,"Constellation, Amazon sign 20-yr nuclear power agreement",seekingalpha/AMZN,,,2026-10-01 01:52:39
2026-09-30,AMZN,House Dem questions Big Tech over secret AI data center NDAs: WSJ,seekingalpha/AMZN,,,2026-10-01 01:52:39
2026-09-30,AMZN,"Synopsys, Amazon sign multiyear agreement for custom chips",seekingalpha/AMZN,,,2026-10-01 01:52:39
2026-09-30,AON,"Aon: A Pricey USI Acquisition Ironically Creates Appeal, Holding On For A Dip",seekingalpha/AON,,,2026-10-01 01:52:39
2026-09-30,APP,AppLovin: Growth Concerns Have Created An Opportunity,seekingalpha/APP,,,2026-10-01 01:52:39
2026-09-30,ARES,Ares Management expects Q3 realized net performance income of ~$10M,seekingalpha/ARES,,,2026-10-01 01:52:39
2026-09-30,AXP,"American Express refreshes corporate card, adding expense management",seekingalpha/AXP,,,2026-10-01 01:52:39
2026-09-30,BA,"Biggest stock movers Wednesday: BA, PYXS, NOC, and more",seekingalpha/BA,,,2026-10-01 01:52:39
2026-09-30,BA,"Boeing’s F/A-XX win is ‘major strategic’ victory, Morgan Stanley says",seekingalpha/BA,,,2026-10-01 01:52:39
2026-09-30,BA,Duffy sees no current safety concern from 737 MAX software issue,seekingalpha/BA,,,2026-10-01 01:52:39
2026-09-30,BA,Ethiopian Airlines is said to order 10 Boeing freighters,seekingalpha/BA,,,2026-10-01 01:52:39
2026-09-30,BA,Pentagon launches Project Meridian to identify future warfare technology,seekingalpha/BA,,,2026-10-01 01:52:39
2026-09-30,BKNG,Booking Holdings: Meta's Muse Doesn't Break The ~9% Shareholder Yield,seekingalpha/BKNG,,,2026-10-01 01:52:39
2026-09-30,BMY,Bristol wins approval of Camzyos for children with rare heart condition,seekingalpha/BMY,,,2026-10-01 01:52:39
2026-09-30,BMY,FDA launches recruitment drive to add members to advisory panels,seekingalpha/BMY,,,2026-10-01 01:52:39
2026-09-30,BMY,"Pharmaceutical industry lobbying group names new CEO, Eric Cantor",seekingalpha/BMY,,,2026-10-01 01:52:39
2026-09-30,CAH,Cardinal Health: I'm Still Buying After Checking The Numbers,seekingalpha/CAH,,,2026-10-01 01:52:39
2026-09-30,CAT,"Caterpillar plans $1B North Carolina expansion, agrees to buy Fabick dealership",seekingalpha/CAT,,,2026-10-01 01:52:39
2026-09-30,CCL,"Carnival Q3: Strong Bookings Overcome Higher Fuel, Shares Fairly Valued",seekingalpha/CCL,,,2026-10-01 01:52:39
2026-09-30,CCL,Carnival cruises past fuel fears with strong FQ3 results -- analysts,seekingalpha/CCL,,,2026-10-01 01:52:39
2026-09-30,CCL,Carnival: The Q3 Print Validates My Bull Thesis On A Few Fronts,seekingalpha/CCL,,,2026-10-01 01:52:39
2026-09-30,CCL,Why Carnival Stock Rose 13% After Earnings Yesterday,seekingalpha/CCL,,,2026-10-01 01:52:39
2026-09-30,CEG,Constellation Energy: A More Attractive Entry Point Into The Nuclear Power Boom,seekingalpha/CEG,,,2026-10-01 01:52:39
2026-09-30,CEG,"Constellation, Amazon sign 20-yr nuclear power agreement",seekingalpha/CEG,,,2026-10-01 01:52:39
2026-09-30,CI,Cigna sets aside $3B to boost performance; issues long-term targets,seekingalpha/CI,,,2026-10-01 01:52:39
2026-09-30,CI,The Cigna Group (CI) Analyst/Investor Day - Slideshow,seekingalpha/CI,,,2026-10-01 01:52:39
2026-09-30,COIN,Coinbase: Bitcoin Breakout A Positive Catalyst,seekingalpha/COIN,,,2026-10-01 01:52:39
2026-09-30,COIN,"Visa, Mastercard, Stripe, Coinbase-backed Open USD goes live",seekingalpha/COIN,,,2026-10-01 01:52:39
2026-09-30,CVS,CVS declares $0.665 dividend,seekingalpha/CVS,,,2026-10-01 01:52:39
2026-09-30,DASH,"DoorDash broadens AI ordering tools, unveils drone delivery plans",seekingalpha/DASH,,,2026-10-01 01:52:39
2026-09-30,DASH,DoorDash broadens clothing delivery through new brand partnerships,seekingalpha/DASH,,,2026-10-01 01:52:39
2026-09-30,DASH,DoorDash plans a hiring spree in India,seekingalpha/DASH,,,2026-10-01 01:52:39
2026-09-30,DDOG,"Datadog's Guidance Is Too Low, But The Street Has Already Priced It",seekingalpha/DDOG,,,2026-10-01 01:52:39
2026-09-30,DDOG,Datadog: I Was Wrong; Upgrading After Management Debunked My Bear Thesis,seekingalpha/DDOG,,,2026-10-01 01:52:39
2026-09-30,DDOG,Datadog: The SaaS That AI Needs,seekingalpha/DDOG,,,2026-10-01 01:52:39
2026-09-30,DOW,"Dow, LyondellBasell downgraded at Citi on weak chemical demand",seekingalpha/DOW,,,2026-10-01 01:52:39
2026-09-30,DPZ,"Domino's Pizza: A Rare 15-Year Low Valuation, But I'm Still Sticking To My 'Hold'",seekingalpha/DPZ,,,2026-10-01 01:52:39
2026-09-30,ES,"Eversource Energy (ES) Presents at Wolfe Research Utilities, Midstream & Clean Energy Conference 2026-Virtual Transcript",seekingalpha/ES,,,2026-10-01 01:52:39
2026-09-30,F,Ford CEO: It’s not too late for U.S. to fend off Chinese EV rivals,seekingalpha/F,,,2026-10-01 01:52:39
2026-09-30,F,Ford F-150 supplier setback to impact Q3 sales,seekingalpha/F,,,2026-10-01 01:52:39
2026-09-30,F,Legislation on permanently banning Chinese vehicles in the U.S. stalls in the Senate,seekingalpha/F,,,2026-10-01 01:52:39
2026-09-30,FCX,Chile copper output sinks to 15-yr low as supply strains deepen,seekingalpha/FCX,,,2026-10-01 01:52:39
2026-09-30,FDS,FactSet Research Systems Inc. (FDS) Q4 2026 Earnings Call Transcript,seekingalpha/FDS,,,2026-10-01 01:52:39
2026-09-30,FDS,FactSet Research Systems Inc. 2026 Q4 - Results - Earnings Call Presentation,seekingalpha/FDS,,,2026-10-01 01:52:39
2026-09-30,FDS,"FactSet Research Systems Non-GAAP EPS of $4.52 beats by $0.17, revenue of $634.69M beats by $4.84M",seekingalpha/FDS,,,2026-10-01 01:52:39
2026-09-30,FDS,FactSet expects 5% to 6.5% organic ASV growth in FY '27 while pointing to 25 to 75 bps margin improvement,seekingalpha/FDS,,,2026-10-01 01:52:39
2026-09-30,FDX,FedEx Still Lacks A Clear Near-Term Catalyst,seekingalpha/FDX,,,2026-10-01 01:52:39
2026-09-30,FICO,Fair Isaac cut to Neutral from Buy after FHFA removes key distinction from VantageScore,seekingalpha/FICO,,,2026-10-01 01:52:39
2026-09-30,FICO,Fair Isaac's Moat Is Under Attack,seekingalpha/FICO,,,2026-10-01 01:52:39
2026-09-30,FLEX,"Flex: Strong CPI Growth, EPC Power, And The Spin-Off Support Further Upside",seekingalpha/FLEX,,,2026-10-01 01:52:39
2026-09-30,FTNT,Fortinet: I'm Up Over 100% But I'm Still Not Selling,seekingalpha/FTNT,,,2026-10-01 01:52:39
2026-09-30,GD,Pentagon launches Project Meridian to identify future warfare technology,seekingalpha/GD,,,2026-10-01 01:52:39
2026-09-30,GEV,GE Vernova declares $0.50 dividend,seekingalpha/GEV,,,2026-10-01 01:52:39
2026-09-30,GILD,"Pharmaceutical industry lobbying group names new CEO, Eric Cantor",seekingalpha/GILD,,,2026-10-01 01:52:39
2026-09-30,GIS,General Mills names COO Dana McNabb next CEO,seekingalpha/GIS,,,2026-10-01 01:52:39
2026-09-30,GM,"General Motors: ADAS, Defense, And Battery Storage Diversification Support Future Resilience",seekingalpha/GM,,,2026-10-01 01:52:39
2026-09-30,GOOG,"Amazon, Intel, Google commit $23M to Melania Trump's education initiative",seekingalpha/GOOG,,,2026-10-01 01:52:39
2026-09-30,GOOG,"Apple enters India payments market, taking on Google and Paytm",seekingalpha/GOOG,,,2026-10-01 01:52:39
2026-09-30,GOOG,Google edges up after revealing long-awaited Gemini 4 Argon,seekingalpha/GOOG,,,2026-10-01 01:52:39
2026-09-30,GOOG,Google seeks EU court halt to search-data sharing order,seekingalpha/GOOG,,,2026-10-01 01:52:39
2026-09-30,GOOG,House Dem questions Big Tech over secret AI data center NDAs: WSJ,seekingalpha/GOOG,,,2026-10-01 01:52:39
2026-09-30,GOOGL,"Amazon, Intel, Google commit $23M to Melania Trump's education initiative",seekingalpha/GOOGL,,,2026-10-01 01:52:39
2026-09-30,GOOGL,"Apple enters India payments market, taking on Google and Paytm",seekingalpha/GOOGL,,,2026-10-01 01:52:39
2026-09-30,GOOGL,Google edges up after revealing long-awaited Gemini 4 Argon,seekingalpha/GOOGL,,,2026-10-01 01:52:39
2026-09-30,GOOGL,Google seeks EU court halt to search-data sharing order,seekingalpha/GOOGL,,,2026-10-01 01:52:39
2026-09-30,GOOGL,House Dem questions Big Tech over secret AI data center NDAs: WSJ,seekingalpha/GOOGL,,,2026-10-01 01:52:39
2026-09-30,GS,ElevenLabs doubles valuation to $22B after recent $300M employee tender offer,seekingalpha/GS,,,2026-10-01 01:52:39
2026-09-30,HIG,The Hartford Insurance Group names its next CEO,seekingalpha/HIG,,,2026-10-01 01:52:39
2026-09-30,HII,Huntington Ingalls: Believing The Yard Can Get Faster,seekingalpha/HII,,,2026-10-01 01:52:39
2026-09-30,HII,Pentagon launches Project Meridian to identify future warfare technology,seekingalpha/HII,,,2026-10-01 01:52:39
2026-09-30,HON,Honeywell wins $300M role in Dangote’s planned Kenya refinery,seekingalpha/HON,,,2026-10-01 01:52:39
2026-09-30,HON,Pentagon launches Project Meridian to identify future warfare technology,seekingalpha/HON,,,2026-10-01 01:52:39
2026-09-30,HONA,Pentagon launches Project Meridian to identify future warfare technology,seekingalpha/HONA,,,2026-10-01 01:52:39
2026-09-30,HOOD,BlackSky to supply satellite imagery for Robinhood agent App,seekingalpha/HOOD,,,2026-10-01 01:52:39
2026-09-30,HOOD,Robinhood stock rises after launch of 'most ambitious' active trading products,seekingalpha/HOOD,,,2026-10-01 01:52:39
2026-09-30,HPE,"HPE rises as it wins $1.2B AMD Helios order from Vultr, boosts 2027 outlook",seekingalpha/HPE,,,2026-10-01 01:52:39
2026-09-30,HPE,Hewlett Packard Enterprise Company (HPE) Analyst/Investor Day - Slideshow,seekingalpha/HPE,,,2026-10-01 01:52:39
2026-09-30,HPE,Hewlett Packard Enterprise Company (HPE) Analyst/Investor Day Transcript,seekingalpha/HPE,,,2026-10-01 01:52:39
2026-09-30,HPE,Hewlett Packard Enterprise: The Comeback Has A Catch,seekingalpha/HPE,,,2026-10-01 01:52:39
2026-09-30,HRL,"Hormel Foods Corporation (HRL) Brakebush Brothers, Inc., - M&A Call - Slideshow",seekingalpha/HRL,,,2026-10-01 01:52:39
2026-09-30,HRL,Hormel Foods Corporation (HRL) M&A Call Transcript,seekingalpha/HRL,,,2026-10-01 01:52:39
2026-09-30,HRL,Hormel Foods Corporation's Tasty Purchase Doesn't Make The Firm Appetizing Enough,seekingalpha/HRL,,,2026-10-02 02:07:53
2026-09-30,HRL,Hormel Foods to buy Brakebush Brothers for about $1.055B,seekingalpha/HRL,,,2026-10-01 01:52:39
2026-09-30,HRL,Hormel expects the Brakebush acquisition to boost profits over time,seekingalpha/HRL,,,2026-10-01 01:52:39
2026-09-30,HWM,Howmet Aerospace added to Citi's 90-day upside catalyst watch,seekingalpha/HWM,,,2026-10-01 01:52:39
2026-09-30,INTC,"Amazon, Intel, Google commit $23M to Melania Trump's education initiative",seekingalpha/INTC,,,2026-10-01 01:52:39
2026-09-30,INTC,Intel's Recovery Has Moved From Survival To Factory Economics,seekingalpha/INTC,,,2026-10-01 01:52:39
2026-09-30,J,Jacobs wins three-year SaaS contract for Nvidia R&D facility,seekingalpha/J,,,2026-10-01 01:52:39
2026-09-30,JBL,Jabil Inc. (JBL) Q4 2026 Earnings Call Transcript,seekingalpha/JBL,,,2026-10-01 01:52:39
2026-09-30,JBL,Jabil Inc. 2026 Q4 - Results - Earnings Call Presentation,seekingalpha/JBL,,,2026-10-01 01:52:39
2026-09-30,JBL,Jabil outlines FY 2027 revenue of $44.5B and core EPS of $17.55 as AI-related revenue targets $22.1B,seekingalpha/JBL,,,2026-10-01 01:52:39
2026-09-30,JBL,Jabil retreats 10% amid fiscal 2027 outlook,seekingalpha/JBL,,,2026-10-01 01:52:39
2026-09-30,JBL,Jabil's Plunge Is A Gift For Value Investor,seekingalpha/JBL,,,2026-10-01 01:52:39
2026-09-30,JBL,Jabil's Plunge Is A Gift For Value Investors,seekingalpha/JBL,,,2026-10-02 02:07:53
2026-09-30,JBL,"Jabil's solid Q4, annual outlook fail to impress investors",seekingalpha/JBL,,,2026-10-01 01:52:39
2026-09-30,JNJ,FDA launches recruitment drive to add members to advisory panels,seekingalpha/JNJ,,,2026-10-01 01:52:39
2026-09-30,JNJ,"Pharmaceutical industry lobbying group names new CEO, Eric Cantor",seekingalpha/JNJ,,,2026-10-01 01:52:39
2026-09-30,KEYS,Keysight Technologies set to show off new AI products next month,seekingalpha/KEYS,,,2026-10-01 01:52:39
2026-09-30,KLAC,"KLA Corporation: Fundamentals Are Strong, But The Stock Needs More",seekingalpha/KLAC,,,2026-10-01 01:52:39
2026-09-30,KLAC,"KLA Corporation: Strong AI Exposure, But Limited Margin Of Safety",seekingalpha/KLAC,,,2026-10-01 01:52:39
2026-09-30,KMI,"Kinder Morgan, Inc. (KMI) Presents at Wolfe Research Utilities, Midstream & Clean Energy Conference 2026-New York Transcript",seekingalpha/KMI,,,2026-10-01 01:52:39
2026-09-30,LHX,L3Harris wins $461.9M satellite communications contract,seekingalpha/LHX,,,2026-10-01 01:52:39
2026-09-30,LITE,Lumentum's Best Opportunity Is Becoming The Laser Inside The AI Network,seekingalpha/LITE,,,2026-10-01 01:52:39
2026-09-30,LLY,Eli Lilly and Company (LLY) Presents at 2026 EASD Annual Meeting - Slideshow,seekingalpha/LLY,,,2026-10-01 01:52:39
2026-09-30,LLY,FDA launches recruitment drive to add members to advisory panels,seekingalpha/LLY,,,2026-10-01 01:52:39
2026-09-30,LLY,Lilly posts late-stage trial win for Ebglyss in hand-and-foot atopic dermatitis,seekingalpha/LLY,,,2026-10-01 01:52:39
2026-09-30,LLY,Lilly says Zepbound combo delivered superior weight loss in mid-stage trial,seekingalpha/LLY,,,2026-10-01 01:52:39
2026-09-30,LLY,"Pharmaceutical industry lobbying group names new CEO, Eric Cantor",seekingalpha/LLY,,,2026-10-01 01:52:39
2026-09-30,LMT,Lockheed Martin helps U.S. Navy double MQ-25A capacity in 5 months,seekingalpha/LMT,,,2026-10-01 01:52:39
2026-09-30,LMT,Pentagon launches Project Meridian to identify future warfare technology,seekingalpha/LMT,,,2026-10-01 01:52:39
2026-09-30,LULU,"Lululemon, Chip Wilson extend deadline for new board member",seekingalpha/LULU,,,2026-10-01 01:52:39
2026-09-30,LYB,"Dow, LyondellBasell downgraded at Citi on weak chemical demand",seekingalpha/LYB,,,2026-10-01 01:52:39
2026-09-30,MA,"Visa, Mastercard, Stripe, Coinbase-backed Open USD goes live",seekingalpha/MA,,,2026-10-01 01:52:39
2026-09-30,MAR,GIC buys 16 Marriott-run hotels in Japan for $800M,seekingalpha/MAR,,,2026-10-01 01:52:39
2026-09-30,MAS,Masco's Limited New Construction Exposure Is A Positive (Upgrade),seekingalpha/MAS,,,2026-10-01 01:52:39
2026-09-30,MAS,Masco: Company-Specific Growth Drivers Support A Buy Despite Soft End Markets,seekingalpha/MAS,,,2026-10-01 01:52:39
2026-09-30,MDLZ,Mondelez: Trading At Attractive Levels For Long-Term Buyers,seekingalpha/MDLZ,,,2026-10-01 01:52:39
2026-09-30,META,House Dem questions Big Tech over secret AI data center NDAs: WSJ,seekingalpha/META,,,2026-10-01 01:52:39
2026-09-30,META,"Meta Is Priced For Success, Oracle For Failure: Take The Other Side Of Both",seekingalpha/META,,,2026-10-01 01:52:39
2026-09-30,META,"Meta: From Hated To Loved, The Story Did Not Change",seekingalpha/META,,,2026-10-01 01:52:39
2026-09-30,META,The Case For Meta Enterprise Platform,seekingalpha/META,,,2026-10-01 01:52:39
2026-09-30,MGM,Nevada gaming win rises as properties outside the Las Vegas Strip outperform,seekingalpha/MGM,,,2026-10-01 01:52:39
2026-09-30,MKC,McCormick Q3 2026 Earnings Preview,seekingalpha/MKC,,,2026-10-01 01:52:39
2026-09-30,MMM,"3M: Q2 Confirms The Turnaround Is Genuine, And The Pullback Looks Bullish",seekingalpha/MMM,,,2026-10-01 01:52:39
2026-09-30,MRK,FDA launches recruitment drive to add members to advisory panels,seekingalpha/MRK,,,2026-10-01 01:52:39
2026-09-30,MRK,Merck succeeds in mid-stage trial for skin disease drug,seekingalpha/MRK,,,2026-10-01 01:52:39
2026-09-30,MRK,"Pharmaceutical industry lobbying group names new CEO, Eric Cantor",seekingalpha/MRK,,,2026-10-01 01:52:39
2026-09-30,MRNA,Moderna names Juan Andres chief operating officer,seekingalpha/MRNA,,,2026-10-01 01:52:39
2026-09-30,MRNA,Moderna slips as Citi cuts to Sell on “unjustifiable” valuation,seekingalpha/MRNA,,,2026-10-01 01:52:39
2026-09-30,MRVL,"Marvell: Surprisingly Cheaper Than In August, But There's A Catch",seekingalpha/MRVL,,,2026-10-01 01:52:39
2026-09-30,MRVL,Marvell: The Market Is No Longer Trading On FY 2027,seekingalpha/MRVL,,,2026-10-01 01:52:39
2026-09-30,MSFT,Bill Gates says AI needs urgent supervisory layer,seekingalpha/MSFT,,,2026-10-01 01:52:39
2026-09-30,MSFT,"Microsoft in focus as Piper Sandler sees uplift in Copilot, M365",seekingalpha/MSFT,,,2026-10-01 01:52:39
2026-09-30,MSFT,"Microsoft, Box, Dropbox among winners from OpenAI's DevDay announcements: RBC",seekingalpha/MSFT,,,2026-10-01 01:52:39
2026-09-30,MSFT,Microsoft: Copilot Finally Has A Plan,seekingalpha/MSFT,,,2026-10-01 01:52:39
2026-09-30,MSFT,Microsoft: The Xbox Segment Revamp,seekingalpha/MSFT,,,2026-10-01 01:52:39
2026-09-30,MU,Micron Q4 2026: These Numbers Don't Look Real,seekingalpha/MU,,,2026-10-01 01:52:39
2026-09-30,MU,Micron Q4: The Bull Case Is Getting Very Hard To Ignore,seekingalpha/MU,,,2026-10-01 01:52:39
2026-09-30,MU,"Micron Technology, Inc. 2026 Q4 - Results - Earnings Call Presentation",seekingalpha/MU,,,2026-10-01 01:52:39
2026-09-30,MU,"Micron rises as Q4 results, guidance top estimates",seekingalpha/MU,,,2026-10-01 01:52:39
2026-09-30,MU,Simply Outstanding: Micron's Absolutely Enormous Day,seekingalpha/MU,,,2026-10-01 01:52:39
2026-09-30,MU,Wall Street Lunch: Micron On Top,seekingalpha/MU,,,2026-10-01 01:52:39
2026-09-30,NCLH,NCL Corporation announces private offering for $750M senior notes due 2031,seekingalpha/NCLH,,,2026-10-01 01:52:39
2026-09-30,NFLX,"Netflix: 50% Down From All-Time Highs, But Don't Think Recovery Is Guaranteed Yet",seekingalpha/NFLX,,,2026-10-01 01:52:39
2026-09-30,NKE,Nike earnings preview: Too many headwinds set a lower bar for Q1,seekingalpha/NKE,,,2026-10-01 01:52:39
2026-09-30,NOC,"Biggest stock movers Wednesday: BA, PYXS, NOC, and more",seekingalpha/NOC,,,2026-10-01 01:52:39
2026-09-30,NOC,Pentagon launches Project Meridian to identify future warfare technology,seekingalpha/NOC,,,2026-10-01 01:52:39
2026-09-30,NTAP,NetApp introduces new architecture for AI factories at Insight; analysts react positively,seekingalpha/NTAP,,,2026-10-01 01:52:39
2026-09-30,NTAP,NetApp: Risk/Reward Is Not Compelling At Current Levels,seekingalpha/NTAP,,,2026-10-01 01:52:39
2026-09-30,NVDA,DeepSeek unveils Huawei AI chip software to challenge Nvidia,seekingalpha/NVDA,,,2026-10-01 01:52:39
2026-09-30,NVDA,ElevenLabs doubles valuation to $22B after recent $300M employee tender offer,seekingalpha/NVDA,,,2026-10-01 01:52:39
2026-09-30,NVDA,Nvidia Looks Criminally Cheap,seekingalpha/NVDA,,,2026-10-01 01:52:39
2026-09-30,NVDA,Nvidia's Demand Outlook Still Supports The Bull Case,seekingalpha/NVDA,,,2026-10-01 01:52:39
2026-09-30,O,Realty Income Is Getting Hammered: I'm Buying More,seekingalpha/O,,,2026-10-01 01:52:39
2026-09-30,O,Realty Income: Stop Buying This For The Dividend,seekingalpha/O,,,2026-10-01 01:52:39
2026-09-30,ON,ON Semiconductor Is No Longer Just A Cyclical Chipmaker,seekingalpha/ON,,,2026-10-01 01:52:39
2026-09-30,ORCL,House Dem questions Big Tech over secret AI data center NDAs: WSJ,seekingalpha/ORCL,,,2026-10-01 01:52:39
2026-09-30,ORCL,"Meta Is Priced For Success, Oracle For Failure: Take The Other Side Of Both",seekingalpha/ORCL,,,2026-10-01 01:52:39
2026-09-30,ORCL,Oracle: Buy Now As Others Are Fearful,seekingalpha/ORCL,,,2026-10-01 01:52:39
2026-09-30,OXY,Occidental Petroleum: Great Inventories To Ride Lower Structural Capex In The Industry,seekingalpha/OXY,,,2026-10-02 02:07:53
2026-09-30,PANW,Palo Alto Networks: The Valuation Has Lost Touch With Reality,seekingalpha/PANW,,,2026-10-01 01:52:39
2026-09-30,PFE,FDA launches recruitment drive to add members to advisory panels,seekingalpha/PFE,,,2026-10-01 01:52:39
2026-09-30,PFE,"Pharmaceutical industry lobbying group names new CEO, Eric Cantor",seekingalpha/PFE,,,2026-10-01 01:52:39
2026-09-30,PLTR,Palantir: A Completely Different AI Story,seekingalpha/PLTR,,,2026-10-01 01:52:39
2026-09-30,PLTR,Pentagon launches Project Meridian to identify future warfare technology,seekingalpha/PLTR,,,2026-10-01 01:52:39
2026-09-30,PLTR,"SA analyst upgrades/downgrades: AMD, QCOM, NWL, PLTR",seekingalpha/PLTR,,,2026-10-01 01:52:39
2026-09-30,PPG,PPG Industries: Prefer To Wait For A Cleaner Picture,seekingalpha/PPG,,,2026-10-01 01:52:39
2026-09-30,PSKY,Ellison said to pick HBO's Casey Bloys to head Paramount-Warner streaming,seekingalpha/PSKY,,,2026-10-01 01:52:39
2026-09-30,PSKY,Judge allows Paramount's settlement with state AGs over Warner Bros. deal,seekingalpha/PSKY,,,2026-10-01 01:52:39
2026-09-30,PSKY,Mattel CEO Kreiz may take senior role at Paramount-Warner Bros,seekingalpha/PSKY,,,2026-10-01 01:52:39
2026-09-30,PSKY,Now Comes The Hard Part For Paramount,seekingalpha/PSKY,,,2026-10-01 01:52:39
2026-09-30,QCOM,"SA analyst upgrades/downgrades: AMD, QCOM, NWL, PLTR",seekingalpha/QCOM,,,2026-10-01 01:52:39
2026-09-30,RTX,Pentagon launches Project Meridian to identify future warfare technology,seekingalpha/RTX,,,2026-10-01 01:52:39
2026-09-30,RTX,RTX wins $511.5M Navy contract boost for SPY-6 radar hardware,seekingalpha/RTX,,,2026-10-01 01:52:39
2026-09-30,RTX,RTX: Orders Aren't Converting Fast Enough,seekingalpha/RTX,,,2026-10-01 01:52:39
2026-09-30,SHW,Sherwin-Williams opens expanded North Carolina factory,seekingalpha/SHW,,,2026-10-01 01:52:39
2026-09-30,SNDK,"Sandisk: No Fab Control, No HBF Exclusivity - Where The Money Really Comes From",seekingalpha/SNDK,,,2026-10-01 01:52:39
2026-09-30,SNPS,OpenAI and Synopsys partner to develop GPT-Synopsys for chip design,seekingalpha/SNPS,,,2026-10-01 01:52:39
2026-09-30,SNPS,"Synopsys, Amazon sign multiyear agreement for custom chips",seekingalpha/SNPS,,,2026-10-01 01:52:39
2026-09-30,SNPS,"Synopsys, Inc. (SNPS) Analyst/Investor Day - Slideshow",seekingalpha/SNPS,,,2026-10-01 01:52:39
2026-09-30,SNPS,"Synopsys, Inc. (SNPS) Analyst/Investor Day Transcript",seekingalpha/SNPS,,,2026-10-01 01:52:39
2026-09-30,SPY,3 Market Predictions For October,seekingalpha/SPY,,,2026-10-01 01:52:39
2026-09-30,SPY,S&P 500 seasonal pattern points to Sept. 30 low in midterm years,seekingalpha/SPY,,,2026-10-01 01:52:39
2026-09-30,SPY,S&P 500: Rule Of 20 Relevance Returns,seekingalpha/SPY,,,2026-10-01 01:52:39
2026-09-30,SPY,SA analyst sees 'at least' one more Fed rate hike before year-end,seekingalpha/SPY,,,2026-10-01 01:52:39
2026-09-30,SPY,"The S&P 500 Masked September's Market Damage, But Here's Why I'm Bullish",seekingalpha/SPY,,,2026-10-01 01:52:39
2026-09-30,SPY,Washington Refuses To Regulate AI,seekingalpha/SPY,,,2026-10-01 01:52:39
2026-09-30,SWKS,Skyworks receives all regulatory approvals for Qorvo deal,seekingalpha/SWKS,,,2026-10-01 01:52:39
2026-09-30,TAP,Molson Coors: Cheap Enough To Keep Me Interested (Rating Downgrade),seekingalpha/TAP,,,2026-10-01 01:52:39
2026-09-30,TGT,"HSBC upgrades Target to Buy, raises PT to $190",seekingalpha/TGT,,,2026-10-01 01:52:39
2026-09-30,TGT,Wall Street Breakfast Podcast: Target Extends Value Drive,seekingalpha/TGT,,,2026-10-01 01:52:39
2026-09-30,TSLA,KIDZ AI explores the ride-hailing business with 500 Tesla robotaxis,seekingalpha/TSLA,,,2026-10-01 01:52:39
2026-09-30,TSLA,Tesla enters $30B credit agreements to fund expansion,seekingalpha/TSLA,,,2026-10-01 01:52:39
2026-09-30,TXT,Pentagon launches Project Meridian to identify future warfare technology,seekingalpha/TXT,,,2026-10-01 01:52:39
2026-09-30,ULTA,Ulta Beauty: This Growth Story Could Go Far Beyond Store Count,seekingalpha/ULTA,,,2026-10-01 01:52:39
2026-09-30,UNH,UnitedHealth's seasonal pattern points to strong year-end window,seekingalpha/UNH,,,2026-10-01 01:52:39
2026-09-30,UNH,"UnitedHealth: The Recovery Is Working, The Stock Isn't",seekingalpha/UNH,,,2026-10-01 01:52:39
2026-09-30,UPS,UPS unveils a risk management tool for businesses,seekingalpha/UPS,,,2026-10-01 01:52:39
2026-09-30,URI,United Rentals: Depth And Diversification Mean This Isn't A Housing Cycle Play,seekingalpha/URI,,,2026-10-02 02:07:53
2026-09-30,V,"Visa, Mastercard, Stripe, Coinbase-backed Open USD goes live",seekingalpha/V,,,2026-10-01 01:52:39
2026-09-30,VEEV,"Veeva Systems: Same Old Story, Same Rating Once Again",seekingalpha/VEEV,,,2026-10-01 01:52:39
2026-09-30,VOO,3 Market Predictions For October,seekingalpha/VOO,,,2026-10-01 01:52:39
2026-09-30,VOO,PCE Inflation: Don't Be Misled By Today's Numbers,seekingalpha/VOO,,,2026-10-01 01:52:39
2026-09-30,VOO,S&P 500 seasonal pattern points to Sept. 30 low in midterm years,seekingalpha/VOO,,,2026-10-01 01:52:39
2026-09-30,VOO,S&P 500: Rule Of 20 Relevance Returns,seekingalpha/VOO,,,2026-10-01 01:52:39
2026-09-30,VOO,"The S&P 500 Masked September's Market Damage, But Here's Why I'm Bullish",seekingalpha/VOO,,,2026-10-01 01:52:39
2026-09-30,VOO,Washington Refuses To Regulate AI,seekingalpha/VOO,,,2026-10-01 01:52:39
2026-09-30,VTI,Equity ETF flows slide as summer unwind takes hold,seekingalpha/VTI,,,2026-10-01 01:52:39
2026-09-30,VXUS,Equity ETF flows slide as summer unwind takes hold,seekingalpha/VXUS,,,2026-10-01 01:52:39
2026-09-30,WBD,Ellison said to pick HBO's Casey Bloys to head Paramount-Warner streaming,seekingalpha/WBD,,,2026-10-01 01:52:39
2026-09-30,WBD,Judge allows Paramount's settlement with state AGs over Warner Bros. deal,seekingalpha/WBD,,,2026-10-01 01:52:39
2026-09-30,WBD,Mattel CEO Kreiz may take senior role at Paramount-Warner Bros,seekingalpha/WBD,,,2026-10-01 01:52:39
2026-09-30,WDAY,Workday: Reduced Headcount Could Further Bolster My AI Thesis,seekingalpha/WDAY,,,2026-10-01 01:52:39
2026-09-30,WDC,Data Center Bottlenecks: Unpacking Western Digital's Buy Opportunity,seekingalpha/WDC,,,2026-10-01 01:52:39
2026-09-30,WDC,Western Digital Corporation (WDC) Discusses How WD Red Pro HDDs Support AI-Powered NAS Systems for High-Intensity Data Demands Prepared Remarks Transcript,seekingalpha/WDC,,,2026-10-01 01:52:39
2026-09-30,ZTS,"Zoetis: Priced For The Worst, Worth Buying",seekingalpha/ZTS,,,2026-10-01 01:52:39
2026-10-01,AAPL,"Apple's fall launch sparks optimism, but memory costs offset some upside: MS",seekingalpha/AAPL,,,2026-10-02 02:07:53
2026-10-01,ABBV,AbbVie long-term data buoys Rinvoq for vitiligo,seekingalpha/ABBV,,,2026-10-02 02:07:53
2026-10-01,ABNB,"Airbnb's new AI search could drive growth, sponsored listings -- Jefferies",seekingalpha/ABNB,,,2026-10-02 02:07:53
2026-10-01,ABNB,"Airbnb: Retreat Improves Valuation, But Sustained Inflation Makes Me Nervous",seekingalpha/ABNB,,,2026-10-02 02:07:53
2026-10-01,ACN,Accenture expects FY 2027 EPS of $14.39 to $14.81 as it plans about $5B of acquisitions,seekingalpha/ACN,,,2026-10-02 02:07:53
2026-10-01,ACN,Accenture plc (ACN) Q4 2026 Earnings Call Transcript,seekingalpha/ACN,,,2026-10-02 02:07:53
2026-10-01,ACN,Accenture plc 2026 Q4 - Results - Earnings Call Presentation,seekingalpha/ACN,,,2026-10-02 02:07:53
2026-10-01,ACN,"Accenture shares jump 21% after quarterly revenue beat, upbeat outlook",seekingalpha/ACN,,,2026-10-02 02:07:53
2026-10-01,ACN,Accenture surges 16% after strong results,seekingalpha/ACN,,,2026-10-02 02:07:53
2026-10-01,ACN,"Earnings Snapshot: Accenture beats FQ4 revenue and bookings estimates, but issues soft FY2027 guidance",seekingalpha/ACN,,,2026-10-02 02:07:53
2026-10-01,ADBE,Adobe Could Go Nowhere For A Long Time,seekingalpha/ADBE,,,2026-10-02 02:07:53
2026-10-01,ADSK,"Nasdaq rises nearly 2% in September, helped by late-month tech rally",seekingalpha/ADSK,,,2026-10-02 02:07:53
2026-10-01,AEE,"Ameren Corporation (AEE) Presents at Wolfe Research Utilities, Midstream & Clean Energy Conference 2026-New York - Slideshow",seekingalpha/AEE,,,2026-10-02 02:07:53
2026-10-01,AMD,"AMD: At All-Time Highs, We're Expanding Our Short Position",seekingalpha/AMD,,,2026-10-02 02:07:53
2026-10-01,AMD,"Chip, AI stocks pare gains as rising Treasury yields weigh on market",seekingalpha/AMD,,,2026-10-02 02:07:53
2026-10-01,AMD,"Nasdaq rises nearly 2% in September, helped by late-month tech rally",seekingalpha/AMD,,,2026-10-02 02:07:53
2026-10-01,AMD,SA Asks: Does AMD still have upside after its latest rally?,seekingalpha/AMD,,,2026-10-02 02:07:53
2026-10-01,AMZN,Anthropic plans to go public before Thanksgiving: report,seekingalpha/AMZN,,,2026-10-02 02:07:53
2026-10-01,APP,AppLovin: This Action Is An Opportunity For Another Trade,seekingalpha/APP,,,2026-10-02 02:07:53
2026-10-01,APP,AppLovin: Why I Think The Bears Are Wrong,seekingalpha/APP,,,2026-10-02 02:07:53
2026-10-01,ARES,Ares raises more than quadruple target for secondaries fund (updated),seekingalpha/ARES,,,2026-10-02 02:07:53
2026-10-01,ATO,Atmos Energy: Quality Company At A Fair Price,seekingalpha/ATO,,,2026-10-02 02:07:53
2026-10-01,AVGO,Broadcom to lend Anthropic up to $42B to lease chips: report,seekingalpha/AVGO,,,2026-10-02 02:07:53
2026-10-01,AVGO,Broadcom: Get Ready For A Breakout,seekingalpha/AVGO,,,2026-10-02 02:07:53
2026-10-01,AVGO,"Chip, AI stocks pare gains as rising Treasury yields weigh on market",seekingalpha/AVGO,,,2026-10-02 02:07:53
2026-10-01,AXON,"Nasdaq rises nearly 2% in September, helped by late-month tech rally",seekingalpha/AXON,,,2026-10-02 02:07:53
2026-10-01,BA,"Boeing engineers approve labor deal, removing potential strike threat",seekingalpha/BA,,,2026-10-02 02:07:53
2026-10-01,BA,Boeing receives order for four MH-139A Grey Wolf helicopters,seekingalpha/BA,,,2026-10-02 02:07:53
2026-10-01,BA,Boeing: The Turnaround Is Real; The Value Is Less Clear,seekingalpha/BA,,,2026-10-02 02:07:53
2026-10-01,BA,FAA is said to weigh Boeing 737 Max software review as Max 10 faces delay,seekingalpha/BA,,,2026-10-02 02:07:53
2026-10-01,BA,Trump praises Boeing for 737 Max aircraft durability,seekingalpha/BA,,,2026-10-02 02:07:53
2026-10-01,BAC,Bank of America unit to pay $39M to settle low interest ‌rates lawsuit - report,seekingalpha/BAC,,,2026-10-02 02:07:53
2026-10-01,BBY,Best Buy: Looking Like A Great Bargain Now With Rising Comps (Upgrade),seekingalpha/BBY,,,2026-10-02 02:07:53
2026-10-01,BRK.B,"Berkshire Hathaway boosts stake in Lennar, piling into U.S. housing",seekingalpha/BRK.B,,,2026-10-02 02:07:53
2026-10-01,BRK.B,September short interest: Most and least shorted financial stocks above $2B,seekingalpha/BRK.B,,,2026-10-02 02:07:53
2026-10-01,BX,Blackstone announces $1B investment to launch defense technology company,seekingalpha/BX,,,2026-10-02 02:07:53
2026-10-01,C,Citigroup Q3 Preview: Earnings Should Be Alright Despite Macro Risks (Upgrade),seekingalpha/C,,,2026-10-02 02:07:53
2026-10-01,CAH,"McKesson, Cardinal Health extend distribution agreements with CVS Health",seekingalpha/CAH,,,2026-10-02 02:07:53
2026-10-01,CB,September short interest: Most and least shorted financial stocks above $2B,seekingalpha/CB,,,2026-10-02 02:07:53
2026-10-01,CCL,Carnival: Fuel/Macro Risks Overblown; Resilient Cruise Demand At Higher Prices,seekingalpha/CCL,,,2026-10-02 02:07:53
2026-10-01,CEG,Wall Street Breakfast Podcast: Constellation's Big Power Play,seekingalpha/CEG,,,2026-10-02 02:07:53
2026-10-01,CEG,Wall Street Lunch: All About AI,seekingalpha/CEG,,,2026-10-02 02:07:53
2026-10-01,CHRW,C.H. Robinson Worldwide is added to Wells Fargo's Tactical Ideas List,seekingalpha/CHRW,,,2026-10-02 02:07:53
2026-10-01,CI,Cigna: Deeply Undervalued With Expected Double-Digit EPS Growth Ahead,seekingalpha/CI,,,2026-10-02 02:07:53
2026-10-01,CI,The Cigna Group (CI) Analyst/Investor Day Transcript,seekingalpha/CI,,,2026-10-02 02:07:53
2026-10-01,CMG,Chipotle Mexican may have received a $40-$45/share bid last month - Betaville,seekingalpha/CMG,,,2026-10-02 02:07:53
2026-10-01,CMG,"Chipotle: Takeover Talk Aside, The Margin Math Is Why I Still Say Buy",seekingalpha/CMG,,,2026-10-02 02:07:53
2026-10-01,CNC,Humana shrinks Medicare Advantage footprint,seekingalpha/CNC,,,2026-10-02 02:07:53
2026-10-01,COHR,Coherent's Next AI Growth Engine Is Emerging,seekingalpha/COHR,,,2026-10-02 02:07:53
2026-10-01,COP,"ConocoPhillips says weighing sale of Norway business, U.K. Teesside asset",seekingalpha/COP,,,2026-10-02 02:07:53
2026-10-01,COP,Venture Global signs 20-year LNG supply deal with ConocoPhillips,seekingalpha/COP,,,2026-10-02 02:07:53
2026-10-01,CRWD,"CrowdStrike, Okta, Rubrik all reach one-year highs as AI continues to rally cyber sector",seekingalpha/CRWD,,,2026-10-02 02:07:53
2026-10-01,CTVA,Corteva stock adjusts following court clearance of Vylor Inc. separation,seekingalpha/CTVA,,,2026-10-02 02:07:53
2026-10-01,CTVA,Corteva: No Longer Worth Owning Post-Spinoff (Rating Downgrade),seekingalpha/CTVA,,,2026-10-02 02:07:53
2026-10-01,CVS,Humana shrinks Medicare Advantage footprint,seekingalpha/CVS,,,2026-10-02 02:07:53
2026-10-01,CVS,"McKesson, Cardinal Health extend distribution agreements with CVS Health",seekingalpha/CVS,,,2026-10-02 02:07:53
2026-10-01,DASH,"Nasdaq rises nearly 2% in September, helped by late-month tech rally",seekingalpha/DASH,,,2026-10-02 02:07:53
2026-10-01,DELL,Dell with Japan's largest power generator plan AI infrastructure project,seekingalpha/DELL,,,2026-10-02 02:07:53
2026-10-01,DHI,Morgan Stanley initiates coverage of six homebuilders largely with cautious view,seekingalpha/DHI,,,2026-10-02 02:07:53
2026-10-01,DIS,Disney partners with Indonesia's Vidio for new subscription bundle,seekingalpha/DIS,,,2026-10-02 02:07:53
2026-10-01,DIS,"Disney to reorganize TV business, plans hundreds of additional job cuts—Wall Street Journal",seekingalpha/DIS,,,2026-10-02 02:07:53
2026-10-01,DIS,Disney's cruise ship expansion may give investors a smooth ride,seekingalpha/DIS,,,2026-10-02 02:07:53
2026-10-01,DIS,Fox tops communications services stocks in short interest; Alphabet sees the lowest exposure,seekingalpha/DIS,,,2026-10-02 02:07:53
2026-10-01,DLTR,Dollar Tree gains new bull as bargains lure in more 'well-heeled' customers,seekingalpha/DLTR,,,2026-10-02 02:07:53
2026-10-01,DOC,Healthpeak Properties declares $0.1017 dividend,seekingalpha/DOC,,,2026-10-02 02:07:53
2026-10-01,DUK,Duke Energy declares $1.085 dividend,seekingalpha/DUK,,,2026-10-02 02:07:53
2026-10-01,ECHO,Fox tops communications services stocks in short interest; Alphabet sees the lowest exposure,seekingalpha/ECHO,,,2026-10-02 02:07:53
2026-10-01,ED,Consolidated Edison upgraded at Wells Fargo as buffer against AI trade rotation,seekingalpha/ED,,,2026-10-02 02:07:53
2026-10-01,EFX,FHFA plans to ease Fannie Mae and Freddie Mac's credit data requirement - report,seekingalpha/EFX,,,2026-10-02 02:07:53
2026-10-01,EQIX,"Equinix Joins AI Capex Race, Consolidation Triggers Upgraded Buy Rating",seekingalpha/EQIX,,,2026-10-02 02:07:53
2026-10-01,EW,Edwards gains FDA approval of AUTUS pulmonary valve for pediatric patients,seekingalpha/EW,,,2026-10-02 02:07:53
2026-10-01,EXPD,"Expeditors International of Washington, Inc. (EXPD) Discusses Denied Party Screening: Preparing for What Comes Next Prepared Remarks Transcript",seekingalpha/EXPD,,,2026-10-02 02:07:53
2026-10-01,FDS,FactSet: Countering Disruption Fears By Using AI To Boost Margins,seekingalpha/FDS,,,2026-10-02 02:07:53
2026-10-01,FICO,FHFA plans to ease Fannie Mae and Freddie Mac's credit data requirement - report,seekingalpha/FICO,,,2026-10-02 02:07:53
2026-10-01,FICO,Fair Isaac rebounds 12% after steep selloff,seekingalpha/FICO,,,2026-10-02 02:07:53
2026-10-01,FICO,Fair Isaac: 75% Decline Is Enough,seekingalpha/FICO,,,2026-10-02 02:07:53
2026-10-01,FOXA,Fox tops communications services stocks in short interest; Alphabet sees the lowest exposure,seekingalpha/FOXA,,,2026-10-02 02:07:53
2026-10-01,FRT,"Federal Realty buys Birmingham, Alabama, retail property for $508M",seekingalpha/FRT,,,2026-10-02 02:07:53
2026-10-01,GE,FAA is said to weigh Boeing 737 Max software review as Max 10 faces delay,seekingalpha/GE,,,2026-10-02 02:07:53
2026-10-01,GL,"Globe Life: Discounted Valuation, Growing Dividends, And Aggressive Buybacks",seekingalpha/GL,,,2026-10-02 02:07:53
2026-10-01,GM,"GM reports strong U.S. pickup, SUV demand in third quarter",seekingalpha/GM,,,2026-10-02 02:07:53
2026-10-01,GM,General Motors Is On A Bumpy Ride In A Rough Market,seekingalpha/GM,,,2026-10-02 02:07:53
2026-10-01,GOOG,Fox tops communications services stocks in short interest; Alphabet sees the lowest exposure,seekingalpha/GOOG,,,2026-10-02 02:07:53
2026-10-01,GOOG,Google reportedly faces internal doubts over Gemini 4 performance,seekingalpha/GOOG,,,2026-10-02 02:07:53
2026-10-01,GOOG,"Google's continued push into frontier with Gemini 4 Argon is encouraging, BNP says",seekingalpha/GOOG,,,2026-10-02 02:07:53
2026-10-01,GOOG,"Is Alphabet's Argon AI Model Benchmaxxed? Probably, But The Stock Remains A Buy",seekingalpha/GOOG,,,2026-10-02 02:07:53
2026-10-01,GOOGL,Chegg falls after Google wins dismissal of case,seekingalpha/GOOGL,,,2026-10-02 02:07:53
2026-10-01,GOOGL,"Chip, AI stocks pare gains as rising Treasury yields weigh on market",seekingalpha/GOOGL,,,2026-10-02 02:07:53
2026-10-01,GOOGL,"Google's continued push into frontier with Gemini 4 Argon is encouraging, BNP says",seekingalpha/GOOGL,,,2026-10-02 02:07:53
2026-10-01,GOOGL,"Is Alphabet's Argon AI Model Benchmaxxed? Probably, But The Stock Remains A Buy",seekingalpha/GOOGL,,,2026-10-02 02:07:53
2026-10-01,GOOGL,Lawmaker asks U.S. AI firms about possible Chinese theft of model weights: reports,seekingalpha/GOOGL,,,2026-10-02 02:07:53
2026-10-01,HBAN,Huntington Bancshares: Interest Rate Pressures Reduce Upside,seekingalpha/HBAN,,,2026-10-02 02:07:53
2026-10-01,HPE,HPE in spotlight as Citi ups price target after investor event,seekingalpha/HPE,,,2026-10-02 02:07:53
2026-10-01,HRL,Hormel Foods: Brakebush Acquisition Is Positive News,seekingalpha/HRL,,,2026-10-02 02:07:53
2026-10-01,HUM,Humana shrinks Medicare Advantage footprint,seekingalpha/HUM,,,2026-10-02 02:07:53
2026-10-01,IBKR,Interactive Brokers reports 6% Y/Y growth in September revenue trades,seekingalpha/IBKR,,,2026-10-02 02:07:53
2026-10-01,IBM,"SA Asks: Is IBM a buy, hold or sell right now?",seekingalpha/IBM,,,2026-10-02 02:07:53
2026-10-01,INTC,"Nasdaq rises nearly 2% in September, helped by late-month tech rally",seekingalpha/INTC,,,2026-10-02 02:07:53
2026-10-01,INTC,TSMC Vs. Intel: Goliath Is Defeating David,seekingalpha/INTC,,,2026-10-02 02:07:53
2026-10-01,INTU,"Nasdaq rises nearly 2% in September, helped by late-month tech rally",seekingalpha/INTU,,,2026-10-02 02:07:53
2026-10-01,JPM,September short interest: Most and least shorted financial stocks above $2B,seekingalpha/JPM,,,2026-10-02 02:07:53
2026-10-01,KDP,Keurig Dr Pepper names a CEO for the coffee business ahead of the business split,seekingalpha/KDP,,,2026-10-02 02:07:53
2026-10-01,KMB,Kimberly-Clark announces COO transition ahead of Kenvue deal,seekingalpha/KMB,,,2026-10-02 02:07:53
2026-10-01,LEN,"Berkshire Hathaway boosts stake in Lennar, piling into U.S. housing",seekingalpha/LEN,,,2026-10-02 02:07:53
2026-10-01,LEN,Morgan Stanley initiates coverage of six homebuilders largely with cautious view,seekingalpha/LEN,,,2026-10-02 02:07:53
2026-10-01,LLY,Foghorn plunges as Lilly exits collaboration,seekingalpha/LLY,,,2026-10-02 02:07:53
2026-10-01,LLY,Lilly Foundayo is predicted to cut diabetes risk by 57% in late-stage study,seekingalpha/LLY,,,2026-10-02 02:07:53
2026-10-01,LMT,Lockheed Martin’s F-35 begins permanent deployment in Finland,seekingalpha/LMT,,,2026-10-02 02:07:53
2026-10-01,MA,September short interest: Most and least shorted financial stocks above $2B,seekingalpha/MA,,,2026-10-02 02:07:53
2026-10-01,MCD,Dot-com echoes: McDonald’s stock slumps for 8th straight week,seekingalpha/MCD,,,2026-10-02 02:07:53
2026-10-01,MCD,McDonald's And Its Real Value,seekingalpha/MCD,,,2026-10-02 02:07:53
2026-10-01,MCK,"McKesson, Cardinal Health extend distribution agreements with CVS Health",seekingalpha/MCK,,,2026-10-02 02:07:53
2026-10-01,META,Agentic AI might affect software targeting consumers or small-to-medium-sized businesses: BofA,seekingalpha/META,,,2026-10-02 02:07:53
2026-10-01,META,Fox tops communications services stocks in short interest; Alphabet sees the lowest exposure,seekingalpha/META,,,2026-10-02 02:07:53
2026-10-01,META,Lawmaker asks U.S. AI firms about possible Chinese theft of model weights: reports,seekingalpha/META,,,2026-10-02 02:07:53
2026-10-01,META,Meta Is Undervalued With Muse As A Catalyst,seekingalpha/META,,,2026-10-02 02:07:53
2026-10-01,META,Meta: Agentic AI Push And Enterprise Ambitions Warrant Skepticism,seekingalpha/META,,,2026-10-02 02:07:53
2026-10-01,META,"Nasdaq rises nearly 2% in September, helped by late-month tech rally",seekingalpha/META,,,2026-10-02 02:07:53
2026-10-01,MKC,"McCormick & Company, Incorporated (MKC) Q3 2026 Earnings Call Transcript",seekingalpha/MKC,,,2026-10-02 02:07:53
2026-10-01,MKC,"McCormick & Company, Incorporated 2026 Q3 - Results - Earnings Call Presentation",seekingalpha/MKC,,,2026-10-02 02:07:53
2026-10-01,MKC,"McCormick Non-GAAP EPS of $0.86 beats by $0.10, revenue of $2.02B beats by $40M",seekingalpha/MKC,,,2026-10-02 02:07:53
2026-10-01,MKC,McCormick Q3 Review: I Don't Expect Anything Major To Change Before The Merger,seekingalpha/MKC,,,2026-10-02 02:07:53
2026-10-01,MKC,McCormick outlines $1.5B-$2B debt paydown plan within 2 years while targeting 100-120 bps gross margin expansion in 2026,seekingalpha/MKC,,,2026-10-02 02:07:53
2026-10-01,MKC,McCormick rallies after seeing organic sales growth and margin expansion in FQ3,seekingalpha/MKC,,,2026-10-02 02:07:53
2026-10-01,MRVL,"Nasdaq rises nearly 2% in September, helped by late-month tech rally",seekingalpha/MRVL,,,2026-10-02 02:07:53
2026-10-01,MS,September short interest: Most and least shorted financial stocks above $2B,seekingalpha/MS,,,2026-10-02 02:07:53
2026-10-01,MSFT,Microsoft in focus as Wells Fargo adds to Tactical Ideas list,seekingalpha/MSFT,,,2026-10-02 02:07:53
2026-10-01,MSFT,"Microsoft unveils new transcription, voice models",seekingalpha/MSFT,,,2026-10-02 02:07:53
2026-10-01,MSFT,Microsoft: A Multi-Year Compounder With Seat Growth And Azure Acceleration,seekingalpha/MSFT,,,2026-10-02 02:07:53
2026-10-01,MSFT,Microsoft: Beware Of Meta's Muse Hype,seekingalpha/MSFT,,,2026-10-02 02:07:53
2026-10-01,MU,"Chip, AI stocks pare gains as rising Treasury yields weigh on market",seekingalpha/MU,,,2026-10-02 02:07:53
2026-10-01,MU,Micron Is Keeping Shareholders Happy,seekingalpha/MU,,,2026-10-02 02:07:53
2026-10-01,MU,Micron Isn't Stepping Off The Gas,seekingalpha/MU,,,2026-10-02 02:07:53
2026-10-01,MU,Micron Q4: Nothing Negative Here,seekingalpha/MU,,,2026-10-02 02:07:53
2026-10-01,MU,Sandisk remains solid as Micron's Q4 results reveal tight NAND supply through 2028: Citi,seekingalpha/MU,,,2026-10-02 02:07:53
2026-10-01,MU,Wall Street Lunch: All About AI,seekingalpha/MU,,,2026-10-02 02:07:53
2026-10-01,NCLH,NCL Corporation prices upsized $950M senior notes due 2031,seekingalpha/NCLH,,,2026-10-02 02:07:53
2026-10-01,NEE,"NextEra Energy, Inc. (NEE) Presents at Wolfe Research Utilities, Midstream & Clean Energy Conference 2026-New York - Slideshow",seekingalpha/NEE,,,2026-10-02 02:07:53
2026-10-01,NEE,"NextEra Energy, Inc. (NEE) Presents at Wolfe Research Utilities, Midstream & Clean Energy Conference 2026-New York Transcript",seekingalpha/NEE,,,2026-10-02 02:07:53
2026-10-01,NEE,"NextEra Energy, partners tapped to develop $22B Texas power plant for data center",seekingalpha/NEE,,,2026-10-02 02:07:53
2026-10-01,NFLX,"Netflix Co-CEO Sarandos says growth slower than desired, touts live content",seekingalpha/NFLX,,,2026-10-02 02:07:53
2026-10-01,NFLX,Netflix: Decoding The Threat Posed By YouTube,seekingalpha/NFLX,,,2026-10-02 02:07:53
2026-10-01,NKE,"Earnings Snapshot: Nike Q1 China, Direct sales drag revenue 4% lower; FY27 guidance soft",seekingalpha/NKE,,,2026-10-02 02:07:53
2026-10-01,NKE,"Nike GAAP EPS of $0.48 beats by $0.04, revenue of $11.21B misses by $110M",seekingalpha/NKE,,,2026-10-02 02:07:53
2026-10-01,NKE,Nike Q1: The Company Of The Past Is Gone,seekingalpha/NKE,,,2026-10-02 02:07:53
2026-10-01,NKE,Nike in charts: Footwear revenue declines 6% Y/Y,seekingalpha/NKE,,,2026-10-02 02:07:53
2026-10-01,NKE,Nike's Earnings: Run Away While You Can (Rating Downgrade),seekingalpha/NKE,,,2026-10-02 02:07:53
2026-10-01,NKE,"Nike's turnaround faces more headwinds as China sales slide, sees further sales decline in FY27",seekingalpha/NKE,,,2026-10-02 02:07:53
2026-10-01,NKE,"Nike: Management Is Taking Right Actions, But Bleeding Is Worse Than I Expected (Downgrade)",seekingalpha/NKE,,,2026-10-03 01:45:11
2026-10-01,NVDA,"Chip, AI stocks pare gains as rising Treasury yields weigh on market",seekingalpha/NVDA,,,2026-10-02 02:07:53
2026-10-01,NVDA,Michael Burry likens Nvidia's AI boom to 1960s computer leasing bubble,seekingalpha/NVDA,,,2026-10-02 02:07:53
2026-10-01,NVR,Morgan Stanley initiates coverage of six homebuilders largely with cautious view,seekingalpha/NVR,,,2026-10-02 02:07:53
2026-10-01,OKE,ONEOK: Second Guidance Raise And Brazos Deal Make The Pullback Compelling,seekingalpha/OKE,,,2026-10-02 02:07:53
2026-10-01,ON,Onsemi agrees to buy Synaptics for $123/share in cash in revised deal,seekingalpha/ON,,,2026-10-02 02:07:53
2026-10-01,ORCL,Agentic AI might affect software targeting consumers or small-to-medium-sized businesses: BofA,seekingalpha/ORCL,,,2026-10-02 02:07:53
2026-10-01,ORCL,"China's Tencent taps Oracle for 100,000 AI chips in $7B lease deal - report",seekingalpha/ORCL,,,2026-10-02 02:07:53
2026-10-01,ORCL,"Chip, AI stocks pare gains as rising Treasury yields weigh on market",seekingalpha/ORCL,,,2026-10-02 02:07:53
2026-10-01,ORCL,Oracle Just Sent A Notice That Has Everyone Staring At The Wrong Place,seekingalpha/ORCL,,,2026-10-02 02:07:53
2026-10-01,ORCL,Oracle says no critical infrastructure damaged at Project Jupiter site,seekingalpha/ORCL,,,2026-10-02 02:07:53
2026-10-01,ORCL,Wall Street Lunch: All About AI,seekingalpha/ORCL,,,2026-10-02 02:07:53
2026-10-01,OXY,"Occidental Petroleum raised to Buy at Goldman on strong debt reduction, dividend growth potential",seekingalpha/OXY,,,2026-10-02 02:07:53
2026-10-01,PAYX,"Nasdaq rises nearly 2% in September, helped by late-month tech rally",seekingalpha/PAYX,,,2026-10-02 02:07:53
2026-10-01,PCG,PG&E plans 5K-mile powerline undergrounding to cut wildfire risk,seekingalpha/PCG,,,2026-10-02 02:07:53
2026-10-01,PEP,PepsiCo Q3 Earnings Preview: Operational Tailwinds Might Not Be Enough To Appease Investors,seekingalpha/PEP,,,2026-10-02 02:07:53
2026-10-01,PFE,Florida AG sues Pfizer over 'misconduct' related to COVID vaccine risks,seekingalpha/PFE,,,2026-10-02 02:07:53
2026-10-01,PFE,Pfizer eczema therapy archives significant skin clearance in mid-stage trial,seekingalpha/PFE,,,2026-10-02 02:07:53
2026-10-01,PHM,Morgan Stanley initiates coverage of six homebuilders largely with cautious view,seekingalpha/PHM,,,2026-10-02 02:07:53
2026-10-01,PHM,PulteGroup: Well Managed In The Face Of Macro Pressure,seekingalpha/PHM,,,2026-10-02 02:07:53
2026-10-01,PLTR,Palantir Remains Our Top Tech Pick Of The 2020s,seekingalpha/PLTR,,,2026-10-02 02:07:53
2026-10-01,PSKY,Paramount Skydance falls 10% amid $41B debt pricing for Warner Bros. deal,seekingalpha/PSKY,,,2026-10-02 02:07:53
2026-10-01,PSKY,Paramount Skydance prices over $41B senior notes and debt offering,seekingalpha/PSKY,,,2026-10-02 02:07:53
2026-10-01,PSKY,Paramount in talks to keep Mark Thompson at CNN,seekingalpha/PSKY,,,2026-10-02 02:07:53
2026-10-01,REGN,Regeneron And Sanofi Announce A Win-Win Collaboration Expansion,seekingalpha/REGN,,,2026-10-02 02:07:53
2026-10-01,REGN,"Regeneron Pharmaceuticals, Inc. (REGN) Discusses Expanded Collaboration on Next-Generation Long-Acting Immunology Antibodies - Slideshow",seekingalpha/REGN,,,2026-10-02 02:07:53
2026-10-01,REGN,"Regeneron Pharmaceuticals, Inc. (REGN) Discusses Expanded Collaboration on Next-Generation Long-Acting Immunology Antibodies Transcript",seekingalpha/REGN,,,2026-10-02 02:07:53
2026-10-01,REGN,Regeneron drops after early-stage trial data for ovarian cancer therapy,seekingalpha/REGN,,,2026-10-02 02:07:53
2026-10-01,REGN,Regeneron drug said to cut muscle loss when combined with Novo's semaglutide,seekingalpha/REGN,,,2026-10-02 02:07:53
2026-10-01,REGN,Sanofi to pay Regeneron up to $8B to expand long-acting drug pipeline,seekingalpha/REGN,,,2026-10-02 02:07:53
2026-10-01,ROST,"Ross Stores: The Valuation Cannot Be Justified, Despite The Strong Performance",seekingalpha/ROST,,,2026-10-02 02:07:53
2026-10-01,RTX,RTX names Amy Comer to lead Pratt & Whitney Military Engines,seekingalpha/RTX,,,2026-10-02 02:07:53
2026-10-01,RTX,RTX wins up to $24.4B contract for SM-6 missile production,seekingalpha/RTX,,,2026-10-02 02:07:53
2026-10-01,SCHW,Charles Schwab announces secondary listing on Texas Stock Exchange,seekingalpha/SCHW,,,2026-10-02 02:07:53
2026-10-01,SLB,SLB N.V.: Setting Itself Up For Growth With Added Data Center Ambitions,seekingalpha/SLB,,,2026-10-02 02:07:53
2026-10-01,SNDK,Sandisk Is Selling The Top Of Its Edge Business,seekingalpha/SNDK,,,2026-10-02 02:07:53
2026-10-01,SNDK,Sandisk remains solid as Micron's Q4 results reveal tight NAND supply through 2028: Citi,seekingalpha/SNDK,,,2026-10-02 02:07:53
2026-10-01,SNDK,Sandisk: Reduced Cyclicality And A Forward FCF Yield Of 10% Bolster The Investment Case,seekingalpha/SNDK,,,2026-10-02 02:07:53
2026-10-01,SNPS,"Synopsys rallies 13% as Wall Street digests Amazon deal, OpenAI partnership",seekingalpha/SNPS,,,2026-10-02 02:07:53
2026-10-01,SNPS,Synopsys target raised by $50 at Deutsche Bank,seekingalpha/SNPS,,,2026-10-02 02:07:53
2026-10-01,SNPS,Synopsys: Building Recurring Revenue For The Custom Silicon Era,seekingalpha/SNPS,,,2026-10-02 02:07:53
2026-10-01,SNPS,Synopsys: New Investor Day Targets Prove Consensus Estimates Are Too Low,seekingalpha/SNPS,,,2026-10-02 02:07:53
2026-10-01,SPY,"Bonds Are Breaking, But I'm Not Worried (For Now)",seekingalpha/SPY,,,2026-10-02 02:07:53
2026-10-01,SPY,S&P 500 2026 September Dividends Reveal Most Promising Sectors (And It's Not Tech),seekingalpha/SPY,,,2026-10-02 02:07:53
2026-10-01,SPY,SA analyst: Fed rate-hike fears ease as Q4 begins,seekingalpha/SPY,,,2026-10-02 02:07:53
2026-10-01,SPY,The S&P’s strongest historical quarter starts with yields at multi decade highs,seekingalpha/SPY,,,2026-10-02 02:07:53
2026-10-01,SPY,Unprofitable Superintelligence,seekingalpha/SPY,,,2026-10-02 02:07:53
2026-10-01,SPY,Why I Made Gold A Full Position In My Portfolio,seekingalpha/SPY,,,2026-10-02 02:07:53
2026-10-01,STZ,Constellation Brands Could Be At Its Valuation Floor Ahead Of Earnings,seekingalpha/STZ,,,2026-10-02 02:07:53
2026-10-01,TER,"Teradyne: AI Testing Growth Is Impressive, But The Valuation Keeps Me Cautious",seekingalpha/TER,,,2026-10-02 02:07:53
2026-10-01,TROW,T. Rowe Price announces new dynamic emerging markets bond ETF,seekingalpha/TROW,,,2026-10-02 02:07:53
2026-10-01,TSLA,Tesla sees stronger September registrations across Europe,seekingalpha/TSLA,,,2026-10-02 02:07:53
2026-10-01,TTD,Fox tops communications services stocks in short interest; Alphabet sees the lowest exposure,seekingalpha/TTD,,,2026-10-02 02:07:53
2026-10-01,TYL,Tyler Technologies in focus as Oppenheimer reiterates Outperform rating after meeting,seekingalpha/TYL,,,2026-10-02 02:07:53
2026-10-01,UNH,Humana shrinks Medicare Advantage footprint,seekingalpha/UNH,,,2026-10-02 02:07:53
2026-10-01,VOO,"Bonds Are Breaking, But I'm Not Worried (For Now)",seekingalpha/VOO,,,2026-10-02 02:07:53
2026-10-01,VOO,"Macro Insights: 5% Yield, AI Spending Sanity, And The Bullish Counter-Thesis",seekingalpha/VOO,,,2026-10-02 02:07:53
2026-10-01,VOO,S&P 500 2026 September Dividends Reveal Most Promising Sectors (And It's Not Tech),seekingalpha/VOO,,,2026-10-02 02:07:53
2026-10-01,VOO,SA analyst: Fed rate-hike fears ease as Q4 begins,seekingalpha/VOO,,,2026-10-02 02:07:53
2026-10-01,VOO,The S&P’s strongest historical quarter starts with yields at multi decade highs,seekingalpha/VOO,,,2026-10-02 02:07:53
2026-10-01,VOO,Unprofitable Superintelligence,seekingalpha/VOO,,,2026-10-02 02:07:53
2026-10-01,VRT,Vertiv's Data Center Focus Is A Huge Competitive Advantage: Buy The Stock,seekingalpha/VRT,,,2026-10-02 02:07:53
2026-10-01,WBD,Paramount Skydance prices over $41B senior notes and debt offering,seekingalpha/WBD,,,2026-10-02 02:07:53
2026-10-01,WBD,Paramount in talks to keep Mark Thompson at CNN,seekingalpha/WBD,,,2026-10-02 02:07:53
2026-10-01,WDAY,Workday slips even as it launches in UAE,seekingalpha/WDAY,,,2026-10-02 02:07:53
2026-10-01,XOM,"BP upgraded, Exxon downgraded at Wells Fargo as relative valuation favors BP",seekingalpha/XOM,,,2026-10-02 02:07:53
2026-10-02,AAPL,Apple updates Full Disk Access controls in macOS in response to probing AI agents,seekingalpha/AAPL,,,2026-10-03 01:45:11
2026-10-02,AAPL,Google raises Pixel 10a price to $599 as memory costs climb,seekingalpha/AAPL,,,2026-10-03 01:45:11
2026-10-02,AAPL,Ondas tops technology stocks in short interest; Ubiquiti sees the lowest exposure,seekingalpha/AAPL,,,2026-10-03 01:45:11
2026-10-02,ABBV,Most and least shorted mid- to mega-cap healthcare stocks at the end of September,seekingalpha/ABBV,,,2026-10-03 01:45:11
2026-10-02,ABNB,"KeyBanc upgrades Airbnb to overweight, sets $191 price target",seekingalpha/ABNB,,,2026-10-03 01:45:11
2026-10-02,ACN,Accenture Has Just Shared Game-Changing News,seekingalpha/ACN,,,2026-10-03 01:45:11
2026-10-02,ACN,"Accenture: It Has Stopped Raining, But AI Still Threatens Pricing",seekingalpha/ACN,,,2026-10-03 01:45:11
2026-10-02,ACN,Nasdaq rises for the week as Lumentum leads gains,seekingalpha/ACN,,,2026-10-03 01:45:11
2026-10-02,ACN,The Reasons Why I Do Not Like Accenture's Q4 Results (Rating Downgrade),seekingalpha/ACN,,,2026-10-03 01:45:11
2026-10-02,ADSK,Autodesk: Market Is Mispricing This Asset-Light AI Beneficiary,seekingalpha/ADSK,,,2026-10-03 01:45:11
2026-10-02,ALB,Albemarle: Fundamentals Improve On All Fronts,seekingalpha/ALB,,,2026-10-03 01:45:11
2026-10-02,AMAT,Nasdaq rises for the week as Lumentum leads gains,seekingalpha/AMAT,,,2026-10-03 01:45:11
2026-10-02,AMD,SA Asks: Does AMD still have upside after its latest rally? (Update),seekingalpha/AMD,,,2026-10-03 01:45:11
2026-10-02,AMZN,"Amazon seeks to offload $8B of Nvidia chips to investors, FT reports",seekingalpha/AMZN,,,2026-10-03 01:45:11
2026-10-02,AMZN,Amazon's and Microsoft's cloud units set to fall under EU's Digital Markets Act: report,seekingalpha/AMZN,,,2026-10-03 01:45:11
2026-10-02,ANET,Ondas tops technology stocks in short interest; Ubiquiti sees the lowest exposure,seekingalpha/ANET,,,2026-10-03 01:45:11
2026-10-02,APP,AppLovin loses request for temporary restraining order against Unity,seekingalpha/APP,,,2026-10-03 01:45:11
2026-10-02,APP,AppLovin: The Market Is Likely Wrong,seekingalpha/APP,,,2026-10-03 01:45:11
2026-10-02,APP,Nasdaq rises for the week as Lumentum leads gains,seekingalpha/APP,,,2026-10-03 01:45:11
2026-10-02,ARES,"TW, SEIC, STEP favored by Wells Fargo in new coverage of brokers, asset managers, and exchanges",seekingalpha/ARES,,,2026-10-03 01:45:11
2026-10-02,AVGO,Broadcom gathers $60B financing package to fund AI chips for Anthropic: report,seekingalpha/AVGO,,,2026-10-03 01:45:11
2026-10-02,AVGO,Broadcom: The Anthropic Panic Looks Overblown,seekingalpha/AVGO,,,2026-10-03 01:45:11
2026-10-02,BA,Boeing F/A-XX Win: A Surprise Blow For Northrop,seekingalpha/BA,,,2026-10-03 01:45:11
2026-10-02,BA,Boeing MAX 10 moves closer to certification after FAA software review,seekingalpha/BA,,,2026-10-03 01:45:11
2026-10-02,BALL,Ball Corporation: A Wager On Packaging Instead Of Beverages,seekingalpha/BALL,,,2026-10-06 02:47:59
2026-10-02,BIIB,Biogen phase 2 litifilimab data boosts lupus candidate,seekingalpha/BIIB,,,2026-10-03 01:45:11
2026-10-02,BLK,"TW, SEIC, STEP favored by Wells Fargo in new coverage of brokers, asset managers, and exchanges",seekingalpha/BLK,,,2026-10-03 01:45:11
2026-10-02,BNY,BNY in talks with Kraken parent for digital asset infrastructure pact - report,seekingalpha/BNY,,,2026-10-03 01:45:11
2026-10-02,BRK.B,Berkshire Hathaway: The Abel Era Needs More Than Continuity,seekingalpha/BRK.B,,,2026-10-03 01:45:11
2026-10-02,CMCSA,Comcast's NBCUniversal reportedly slashes streaming tech jobs,seekingalpha/CMCSA,,,2026-10-03 01:45:11
2026-10-02,CME,CME Group suspends plan for 24/7 10-barrel crude oil contract,seekingalpha/CME,,,2026-10-03 01:45:11
2026-10-02,CME,"CME Group's ADV reaches new September, Q3 records",seekingalpha/CME,,,2026-10-03 01:45:11
2026-10-02,CME,"TW, SEIC, STEP favored by Wells Fargo in new coverage of brokers, asset managers, and exchanges",seekingalpha/CME,,,2026-10-03 01:45:11
2026-10-02,COHR,Nasdaq rises for the week as Lumentum leads gains,seekingalpha/COHR,,,2026-10-03 01:45:11
2026-10-02,CRWD,CrowdStrike: The AI Growth Story Is Overextended,seekingalpha/CRWD,,,2026-10-03 01:45:11
2026-10-02,CTAS,"UniFirst finishes FTC information request, parties evaluate remedies - CTFN",seekingalpha/CTAS,,,2026-10-03 01:45:11
2026-10-02,CTSH,Cognizant continues to experience high demand ahead of incoming AI revenue streams: Wedbush,seekingalpha/CTSH,,,2026-10-03 01:45:11
2026-10-02,DAL,Alaska Airlines expands international push as Seattle rivalry with Delta intensifies,seekingalpha/DAL,,,2026-10-03 01:45:11
2026-10-02,DAL,Delta Air Lines: A Buy Despite Margin Resilience Test,seekingalpha/DAL,,,2026-10-03 01:45:11
2026-10-02,DAL,United Airlines targets top Delta and American flyers with aggressive status-match push,seekingalpha/DAL,,,2026-10-03 01:45:11
2026-10-02,DELL,Dell: Let This Winner Run,seekingalpha/DELL,,,2026-10-06 02:47:59
2026-10-02,DLR,Digital Realty Trust: One Of The Best REITs To Benefit From AI,seekingalpha/DLR,,,2026-10-03 01:45:11
2026-10-02,EIX,Edison International cut to Sell equivalent at Jefferies as Eaton Fire liability set to intensify,seekingalpha/EIX,,,2026-10-03 01:45:11
2026-10-02,EME,EMCOR declares $0.40 dividend,seekingalpha/EME,,,2026-10-03 01:45:11
2026-10-02,F,Ford Motor sales dip 6.6% in Q3,seekingalpha/F,,,2026-10-03 01:45:11
2026-10-02,FCX,Freeport-McMoRan hits Q3 copper targets; copper futures head for weekly loss,seekingalpha/FCX,,,2026-10-03 01:45:11
2026-10-02,FSLR,"First Solar files patent infringement lawsuit against China's JA Solar, Corning subsidiary",seekingalpha/FSLR,,,2026-10-03 01:45:11
2026-10-02,GD,Most and least shorted industrial stocks with market caps above $2B as of end-September,seekingalpha/GD,,,2026-10-03 01:45:11
2026-10-02,GIS,"Dividend Roundup: Mastercard, General Mills, Verizon, AT&T, and more",seekingalpha/GIS,,,2026-10-03 01:45:11
2026-10-02,GLW,"First Solar files patent infringement lawsuit against China's JA Solar, Corning subsidiary",seekingalpha/GLW,,,2026-10-03 01:45:11
2026-10-02,GOOG,Alphabet: Delivering And Getting Cheaper,seekingalpha/GOOG,,,2026-10-03 01:45:11
2026-10-02,GOOG,Google raises Pixel 10a price to $599 as memory costs climb,seekingalpha/GOOG,,,2026-10-03 01:45:11
2026-10-02,GOOG,"Google, Planet Labs launch prototype AI satellite on SpaceX rocket",seekingalpha/GOOG,,,2026-10-03 01:45:11
2026-10-02,GOOGL,Alphabet: Delivering And Getting Cheaper,seekingalpha/GOOGL,,,2026-10-03 01:45:11
2026-10-02,GOOGL,"Google, Planet Labs launch prototype AI satellite on SpaceX rocket",seekingalpha/GOOGL,,,2026-10-03 01:45:11
2026-10-02,GS,Goldman Sachs stock enters bear market territory,seekingalpha/GS,,,2026-10-03 01:45:11
2026-10-02,GS,"Stocks to watch on Friday: NVDA, GS, NKE, and more",seekingalpha/GS,,,2026-10-03 01:45:11
2026-10-02,HPE,Hewlett Packard Enterprise climbs 7% to new 52-week high,seekingalpha/HPE,,,2026-10-03 01:45:11
2026-10-02,IBKR,"TW, SEIC, STEP favored by Wells Fargo in new coverage of brokers, asset managers, and exchanges",seekingalpha/IBKR,,,2026-10-03 01:45:11
2026-10-02,IBM,"SA Asks: Is IBM a buy, hold or sell right now? (Update)",seekingalpha/IBM,,,2026-10-03 01:45:11
2026-10-02,ISRG,"Intuitive Surgical: Strong Growth, But Valuation Comes At A Premium",seekingalpha/ISRG,,,2026-10-03 01:45:11
2026-10-02,ISRG,Intuitive Surgical: The 17% Selloff Is A Buy,seekingalpha/ISRG,,,2026-10-03 01:45:11
2026-10-02,JNJ,Medicare drug pricing model to affect only four firms after Trump’s MFN policy,seekingalpha/JNJ,,,2026-10-03 01:45:11
2026-10-02,JNJ,Most and least shorted mid- to mega-cap healthcare stocks at the end of September,seekingalpha/JNJ,,,2026-10-03 01:45:11
2026-10-02,KMB,"Molson Coors, Freshpet, Kimberly-Clark lead consumer staples short interest above $2B",seekingalpha/KMB,,,2026-10-03 01:45:11
2026-10-02,KO,"Molson Coors, Freshpet, Kimberly-Clark lead consumer staples short interest above $2B",seekingalpha/KO,,,2026-10-03 01:45:11
2026-10-02,LITE,Nasdaq rises for the week as Lumentum leads gains,seekingalpha/LITE,,,2026-10-03 01:45:11
2026-10-02,LLY,"Eli Lilly's Jaypirca gains additional indication for untreated leukemia, lymphoma",seekingalpha/LLY,,,2026-10-03 01:45:11
2026-10-02,LLY,Medicare drug pricing model to affect only four firms after Trump’s MFN policy,seekingalpha/LLY,,,2026-10-03 01:45:11
2026-10-02,LLY,Most and least shorted mid- to mega-cap healthcare stocks at the end of September,seekingalpha/LLY,,,2026-10-03 01:45:11
2026-10-02,LRCX,Lam Research: This Rally Has Legs (Earnings Preview),seekingalpha/LRCX,,,2026-10-03 01:45:11
2026-10-02,LRCX,Nasdaq rises for the week as Lumentum leads gains,seekingalpha/LRCX,,,2026-10-03 01:45:11
2026-10-02,MA,"Dividend Roundup: Mastercard, General Mills, Verizon, AT&T, and more",seekingalpha/MA,,,2026-10-03 01:45:11
2026-10-02,META,Apple updates Full Disk Access controls in macOS in response to probing AI agents,seekingalpha/META,,,2026-10-03 01:45:11
2026-10-02,META,"Meta Muse keeps growing in popularity, but monetization is still a question, BNP says",seekingalpha/META,,,2026-10-03 01:45:11
2026-10-02,META,Meta Platforms: Things May Get Ugly,seekingalpha/META,,,2026-10-03 01:45:11
2026-10-02,META,"Meta: Muse Is Nice, But Not Enough",seekingalpha/META,,,2026-10-03 01:45:11
2026-10-02,META,"Meta: Muse Is Priced In, And That Is The Problem",seekingalpha/META,,,2026-10-03 01:45:11
2026-10-02,META,Why Muse May Never Need Ads,seekingalpha/META,,,2026-10-03 01:45:11
2026-10-02,MRK,Medicare drug pricing model to affect only four firms after Trump’s MFN policy,seekingalpha/MRK,,,2026-10-03 01:45:11
2026-10-02,MRNA,"Moderna to join Nasdaq-100, replacing Warner Bros. Discovery",seekingalpha/MRNA,,,2026-10-03 01:45:11
2026-10-02,MS,Morgan Stanley Still Justifies A Buy Heading Into Q3,seekingalpha/MS,,,2026-10-03 01:45:11
2026-10-02,MSFT,Amazon's and Microsoft's cloud units set to fall under EU's Digital Markets Act: report,seekingalpha/MSFT,,,2026-10-03 01:45:11
2026-10-02,MSFT,"Catalyst Watch: Microsoft event, FOMC talk, and the finish line for Paramount-Warner Bros.",seekingalpha/MSFT,,,2026-10-03 01:45:11
2026-10-02,MSFT,Ondas tops technology stocks in short interest; Ubiquiti sees the lowest exposure,seekingalpha/MSFT,,,2026-10-03 01:45:11
2026-10-02,MTD,Mettler-Toledo International: Why The Valuation Is Problematic,seekingalpha/MTD,,,2026-10-03 01:45:11
2026-10-02,MU,Micron And MUU: The Structural Shift Thesis Is Strengthening,seekingalpha/MU,,,2026-10-03 01:45:11
2026-10-02,MU,Micron: A Top AI Chip Stock With Potential To Double On HBM Demand,seekingalpha/MU,,,2026-10-03 01:45:11
2026-10-02,MU,Micron: It's Different This Time - Buy At 6x Earnings Before AI Agents Rerate It,seekingalpha/MU,,,2026-10-03 01:45:11
2026-10-02,MU,Micron: More Great Earnings Don't Change Our Mind,seekingalpha/MU,,,2026-10-03 01:45:11
2026-10-02,MU,Micron: The $50 Billion CapEx Misconception (Why The Memory Floor Is Rising),seekingalpha/MU,,,2026-10-03 01:45:11
2026-10-02,MU,Micron: The Memory Cycle Won't Last Forever,seekingalpha/MU,,,2026-10-03 01:45:11
2026-10-02,NKE,Nike seeks supply chain overhaul to improve profitability -- report,seekingalpha/NKE,,,2026-10-03 01:45:11
2026-10-02,NKE,Nike: China Reset Overshadows North American Resilience; Reiterate Neutral,seekingalpha/NKE,,,2026-10-03 01:45:11
2026-10-02,NKE,"Running to stand still: Nike's performance business still can't outrun Jordan, China, Sportswear",seekingalpha/NKE,,,2026-10-03 01:45:11
2026-10-02,NKE,"Stocks to watch on Friday: NVDA, GS, NKE, and more",seekingalpha/NKE,,,2026-10-03 01:45:11
2026-10-02,NKE,Wall Street Breakfast Podcast: No Sprint For Nike Yet,seekingalpha/NKE,,,2026-10-03 01:45:11
2026-10-02,NOC,Boeing F/A-XX Win: A Surprise Blow For Northrop,seekingalpha/NOC,,,2026-10-03 01:45:11
2026-10-02,NOC,Northrop Grumman downgraded at RBC on lower growth outlook; Arxis upgraded,seekingalpha/NOC,,,2026-10-03 01:45:11
2026-10-02,NOW,ServiceNow: No Progress On Margins And Fully Valued (Rating Downgrade),seekingalpha/NOW,,,2026-10-03 01:45:11
2026-10-02,NOW,ServiceNow: Still A 'Strong Buy' As AI Revenues Gain Traction,seekingalpha/NOW,,,2026-10-03 01:45:11
2026-10-02,NSC,"Norfolk Southern: The Spread Says Wait, Not Walk Away",seekingalpha/NSC,,,2026-10-03 01:45:11
2026-10-02,NVDA,"Amazon seeks to offload $8B of Nvidia chips to investors, FT reports",seekingalpha/NVDA,,,2026-10-03 01:45:11
2026-10-02,NVDA,"Nvidia Stock Has Become Deeply Undervalued, But Watch Out For Accounts Receivable",seekingalpha/NVDA,,,2026-10-03 01:45:11
2026-10-02,NVDA,Nvidia in focus as Morgan Stanley reinstates as top pick,seekingalpha/NVDA,,,2026-10-03 01:45:11
2026-10-02,NVDA,Nvidia: Competition Caps The Upside Case,seekingalpha/NVDA,,,2026-10-03 01:45:11
2026-10-02,NVDA,"Stocks to watch on Friday: NVDA, GS, NKE, and more",seekingalpha/NVDA,,,2026-10-03 01:45:11
2026-10-02,O,Realty Income: Focus On Fundamentals Not The Bond Market Carnage,seekingalpha/O,,,2026-10-03 01:45:11
2026-10-02,ON,Synaptics downgraded to Equal-weight due to amended merger agreement with onsemi: WF,seekingalpha/ON,,,2026-10-03 01:45:11
2026-10-02,PFE,Medicare drug pricing model to affect only four firms after Trump’s MFN policy,seekingalpha/PFE,,,2026-10-03 01:45:11
2026-10-02,PFE,Pfizer says phase 3 data buoys Litfulo as a vitiligo treatment,seekingalpha/PFE,,,2026-10-03 01:45:11
2026-10-02,PG,"Molson Coors, Freshpet, Kimberly-Clark lead consumer staples short interest above $2B",seekingalpha/PG,,,2026-10-03 01:45:11
2026-10-02,PLTR,"Palantir, Armada team up on sovereign AI infrastructure",seekingalpha/PLTR,,,2026-10-03 01:45:11
2026-10-02,PM,"Molson Coors, Freshpet, Kimberly-Clark lead consumer staples short interest above $2B",seekingalpha/PM,,,2026-10-03 01:45:11
2026-10-02,PNC,PNC Financial declares $2.00 dividend,seekingalpha/PNC,,,2026-10-03 01:45:11
2026-10-02,PSKY,"Catalyst Watch: Microsoft event, FOMC talk, and the finish line for Paramount-Warner Bros.",seekingalpha/PSKY,,,2026-10-03 01:45:11
2026-10-02,PSKY,Paramount-Warner Bros. to adopt Skydance name after merger,seekingalpha/PSKY,,,2026-10-03 01:45:11
2026-10-02,PSKY,Warner Bros. studio execs to leave after Paramount merger -- Variety,seekingalpha/PSKY,,,2026-10-03 01:45:11
2026-10-02,PWR,Quanta Services: A Powerful Growth Platform With Little Room For Execution Errors,seekingalpha/PWR,,,2026-10-03 01:45:11
2026-10-02,QCOM,Nasdaq rises for the week as Lumentum leads gains,seekingalpha/QCOM,,,2026-10-03 01:45:11
2026-10-02,RTX,Most and least shorted industrial stocks with market caps above $2B as of end-September,seekingalpha/RTX,,,2026-10-03 01:45:11
2026-10-02,RTX,RTX Corporation's Defense Orders Are Surging Again - Another $45B Just Dropped,seekingalpha/RTX,,,2026-10-03 01:45:11
2026-10-02,SBUX,Starbucks faces US lawmaker call to close new Xinjiang stores,seekingalpha/SBUX,,,2026-10-03 01:45:11
2026-10-02,SNDK,Nasdaq rises for the week as Lumentum leads gains,seekingalpha/SNDK,,,2026-10-03 01:45:11
2026-10-02,SNDK,Sandisk: Great Long-Term Deal Coverage Balanced By Richer Valuations (Upgrade),seekingalpha/SNDK,,,2026-10-03 01:45:11
2026-10-02,SNPS,Nasdaq rises for the week as Lumentum leads gains,seekingalpha/SNPS,,,2026-10-03 01:45:11
2026-10-02,SNPS,Synopsys: AI And Ansys Create A Growth Story,seekingalpha/SNPS,,,2026-10-03 01:45:11
2026-10-02,SPY,AI boom shields stocks from G7 bond bear market: Jefferies,seekingalpha/SPY,,,2026-10-03 01:45:11
2026-10-02,SPY,"Bond Yields Are Normalizing As The Three-Month Average Jobs Prints At 51,000",seekingalpha/SPY,,,2026-10-03 01:45:11
2026-10-02,SPY,"Catalyst Watch: Microsoft event, FOMC talk, and the finish line for Paramount-Warner Bros.",seekingalpha/SPY,,,2026-10-03 01:45:11
2026-10-02,SPY,Energy's inverse grip on stock market hits a record high,seekingalpha/SPY,,,2026-10-03 01:45:11
2026-10-02,SPY,SA analyst: Yields could soon ‘roll over’ as stocks rally,seekingalpha/SPY,,,2026-10-03 01:45:11
2026-10-02,SPY,"The Labor Market Remains Quiet, But Firm",seekingalpha/SPY,,,2026-10-03 01:45:11
2026-10-02,STX,Nasdaq rises for the week as Lumentum leads gains,seekingalpha/STX,,,2026-10-03 01:45:11
2026-10-02,STX,Seagate Technology drops 10% amid storage-sector pressure,seekingalpha/STX,,,2026-10-03 01:45:11
2026-10-02,STX,"Seagate, Western Digital plunge amid report that Toshiba aims to boost hard disk drive supply",seekingalpha/STX,,,2026-10-03 01:45:11
2026-10-02,TAP,"Molson Coors, Freshpet, Kimberly-Clark lead consumer staples short interest above $2B",seekingalpha/TAP,,,2026-10-03 01:45:11
2026-10-02,TER,Nasdaq rises for the week as Lumentum leads gains,seekingalpha/TER,,,2026-10-03 01:45:11
2026-10-02,TER,"Teradyne: AI Test Demand Is Exploding, But The Valuation Already Reflects A Lot Of Growth",seekingalpha/TER,,,2026-10-03 01:45:11
2026-10-02,TSLA,Tesla smashes third-quarter deliveries expectation as Europe demand recovers,seekingalpha/TSLA,,,2026-10-03 01:45:11
2026-10-02,TSLA,Tesla: The Vision And The Timeline,seekingalpha/TSLA,,,2026-10-03 01:45:11
2026-10-02,UAL,United Airlines targets top Delta and American flyers with aggressive status-match push,seekingalpha/UAL,,,2026-10-03 01:45:11
2026-10-02,UNP,"Union Pacific: The Earnings Keep Beating, But The Stock Keeps Falling",seekingalpha/UNP,,,2026-10-03 01:45:11
2026-10-02,VOO,Bad News Is Good News Again: September Jobs Report,seekingalpha/VOO,,,2026-10-03 01:45:11
2026-10-02,VOO,"Bond Yields Are Normalizing As The Three-Month Average Jobs Prints At 51,000",seekingalpha/VOO,,,2026-10-03 01:45:11
2026-10-02,VOO,SA analyst: Yields could soon ‘roll over’ as stocks rally,seekingalpha/VOO,,,2026-10-03 01:45:11
2026-10-02,VOO,"September Jobs Report: Hiring Slows, But Labor Market Weakness Remains Limited",seekingalpha/VOO,,,2026-10-03 01:45:11
2026-10-02,VOO,The Fed Is Done After The September Jobs Report,seekingalpha/VOO,,,2026-10-03 01:45:11
2026-10-02,VOO,"The Labor Market Remains Quiet, But Firm",seekingalpha/VOO,,,2026-10-03 01:45:11
2026-10-02,VST,Vistra set to get $4B U.S. loan to boost nuclear production - Bloomberg,seekingalpha/VST,,,2026-10-03 01:45:11
2026-10-02,VTI,The Risks Of Returning To Hyper-Concentration,seekingalpha/VTI,,,2026-10-03 01:45:11
2026-10-02,VZ,"Dividend Roundup: Mastercard, General Mills, Verizon, AT&T, and more",seekingalpha/VZ,,,2026-10-03 01:45:11
2026-10-02,VZ,Versant renews distribution agreement with Verizon,seekingalpha/VZ,,,2026-10-03 01:45:11
2026-10-02,WBD,"Catalyst Watch: Microsoft event, FOMC talk, and the finish line for Paramount-Warner Bros.",seekingalpha/WBD,,,2026-10-03 01:45:11
2026-10-02,WBD,"Moderna to join Nasdaq-100, replacing Warner Bros. Discovery",seekingalpha/WBD,,,2026-10-03 01:45:11
2026-10-02,WBD,Paramount-Warner Bros. to adopt Skydance name after merger,seekingalpha/WBD,,,2026-10-03 01:45:11
2026-10-02,WBD,Warner Bros. studio execs to leave after Paramount merger -- Variety,seekingalpha/WBD,,,2026-10-03 01:45:11
2026-10-02,WDC,Nasdaq rises for the week as Lumentum leads gains,seekingalpha/WDC,,,2026-10-03 01:45:11
2026-10-02,WDC,"Seagate, Western Digital plunge amid report that Toshiba aims to boost hard disk drive supply",seekingalpha/WDC,,,2026-10-03 01:45:11
2026-10-02,WDC,Western Digital retreats 10% amid storage selloff,seekingalpha/WDC,,,2026-10-03 01:45:11
2026-10-02,WMT,"Molson Coors, Freshpet, Kimberly-Clark lead consumer staples short interest above $2B",seekingalpha/WMT,,,2026-10-03 01:45:11
2026-10-02,XYZ,"CleanSpark sees highest interest from short sellers in September among large, mega cap firms",seekingalpha/XYZ,,,2026-10-03 01:45:11
2026-10-03,A,"Moderna, Illumina lead healthcare gains in September as medtech drags",seekingalpha/A,,,2026-10-06 02:47:59
2026-10-03,AAPL,Apple to replace iPhone 18 Pro Max facing AT&T glitch,seekingalpha/AAPL,,,2026-10-06 02:47:59
2026-10-03,ABBV,"AbbVie, Amgen, Pfizer, GSK among participants in new 340B rebate pilot",seekingalpha/ABBV,,,2026-10-06 02:47:59
2026-10-03,ABT,"Moderna, Illumina lead healthcare gains in September as medtech drags",seekingalpha/ABT,,,2026-10-06 02:47:59
2026-10-03,ACN,"Earnings Scoreboard: all 8 S&P 500 firms beat EPS estimates, 6 saw profits rise Y/Y",seekingalpha/ACN,,,2026-10-06 02:47:59
2026-10-03,ACN,"Notable tech headlines for the week: Micron, Nvidia, Accenture in focus",seekingalpha/ACN,,,2026-10-06 02:47:59
2026-10-03,AMD,"AMD: The Job Is Difficult, But Not Impossible",seekingalpha/AMD,,,2026-10-06 02:47:59
2026-10-03,AMD,"Key deals this week: Onsemi, Mattel, Nebius, Advanced Micro Devices, and more",seekingalpha/AMD,,,2026-10-06 02:47:59
2026-10-03,AMD,"Notable tech headlines for the week: Micron, Nvidia, Accenture in focus",seekingalpha/AMD,,,2026-10-06 02:47:59
2026-10-03,AMGN,"AbbVie, Amgen, Pfizer, GSK among participants in new 340B rebate pilot",seekingalpha/AMGN,,,2026-10-06 02:47:59
2026-10-03,APP,"AppLovin: I Was Wrong, This Is A Sell (Rating Downgrade)",seekingalpha/APP,,,2026-10-06 02:47:59
2026-10-03,APP,Communication services sector rises in Q3; Meta Platforms leads gains,seekingalpha/APP,,,2026-10-06 02:47:59
2026-10-03,AVGO,"Notable tech headlines for the week: Micron, Nvidia, Accenture in focus",seekingalpha/AVGO,,,2026-10-06 02:47:59
2026-10-03,BSX,"Moderna, Illumina lead healthcare gains in September as medtech drags",seekingalpha/BSX,,,2026-10-06 02:47:59
2026-10-03,CAT,"Key deals this week: Onsemi, Mattel, Nebius, Advanced Micro Devices, and more",seekingalpha/CAT,,,2026-10-06 02:47:59
2026-10-03,CCL,"Earnings Scoreboard: all 8 S&P 500 firms beat EPS estimates, 6 saw profits rise Y/Y",seekingalpha/CCL,,,2026-10-06 02:47:59
2026-10-03,CHTR,"Charter Communications: Management Pivoted, Should You?",seekingalpha/CHTR,,,2026-10-06 02:47:59
2026-10-03,CHTR,Communication services sector rises in Q3; Meta Platforms leads gains,seekingalpha/CHTR,,,2026-10-06 02:47:59
2026-10-03,COHR,"Notable tech headlines for the week: Micron, Nvidia, Accenture in focus",seekingalpha/COHR,,,2026-10-06 02:47:59
2026-10-03,COO,"Moderna, Illumina lead healthcare gains in September as medtech drags",seekingalpha/COO,,,2026-10-06 02:47:59
2026-10-03,COST,"Insider trades: Oracle, Alibaba among notable names",seekingalpha/COST,,,2026-10-06 02:47:59
2026-10-03,DAL,"Earnings Scoreboard: all 8 S&P 500 firms beat EPS estimates, 6 saw profits rise Y/Y",seekingalpha/DAL,,,2026-10-06 02:47:59
2026-10-03,DIS,Disney licenses a series of titles including 'Ice Age’ to Netflix,seekingalpha/DIS,,,2026-10-06 02:47:59
2026-10-03,DLTR,"Dollar Tree: Solid Company, Limited Upside",seekingalpha/DLTR,,,2026-10-06 02:47:59
2026-10-03,ED,"Notable analyst calls this week: Target, Moderna and PepsiCo among top picks",seekingalpha/ED,,,2026-10-06 02:47:59
2026-10-03,FDS,"Earnings Scoreboard: all 8 S&P 500 firms beat EPS estimates, 6 saw profits rise Y/Y",seekingalpha/FDS,,,2026-10-06 02:47:59
2026-10-03,FICO,"Notable tech headlines for the week: Micron, Nvidia, Accenture in focus",seekingalpha/FICO,,,2026-10-06 02:47:59
2026-10-03,FIS,"Notable tech headlines for the week: Micron, Nvidia, Accenture in focus",seekingalpha/FIS,,,2026-10-06 02:47:59
2026-10-03,FOX,Communication services sector rises in Q3; Meta Platforms leads gains,seekingalpha/FOX,,,2026-10-06 02:47:59
2026-10-03,GLW,Communication services sector rises in Q3; Meta Platforms leads gains,seekingalpha/GLW,,,2026-10-06 02:47:59
2026-10-03,GPN,"Notable tech headlines for the week: Micron, Nvidia, Accenture in focus",seekingalpha/GPN,,,2026-10-06 02:47:59
2026-10-03,HPE,"Notable tech headlines for the week: Micron, Nvidia, Accenture in focus",seekingalpha/HPE,,,2026-10-06 02:47:59
2026-10-03,HRL,"Key deals this week: Onsemi, Mattel, Nebius, Advanced Micro Devices, and more",seekingalpha/HRL,,,2026-10-06 02:47:59
2026-10-03,HUM,Trump offering $90 to Medicare enrollees to cover premiums,seekingalpha/HUM,,,2026-10-06 02:47:59
2026-10-03,ISRG,Intuitive Surgical: A Surgical Leader Facing A Valuation Problem,seekingalpha/ISRG,,,2026-10-06 02:47:59
2026-10-03,JBL,"Earnings Scoreboard: all 8 S&P 500 firms beat EPS estimates, 6 saw profits rise Y/Y",seekingalpha/JBL,,,2026-10-06 02:47:59
2026-10-03,KMI,Macro Conditions May Mean A Period Of No Growth Lies Ahead,seekingalpha/KMI,,,2026-10-06 02:47:59
2026-10-03,KO,"Coca-Cola Looks Like A Safety Trade When Treasuries Yield 5%, Yet I Need 3% Before I Add",seekingalpha/KO,,,2026-10-06 02:47:59
2026-10-03,LITE,Lumentum: The Rally May Not Be Over,seekingalpha/LITE,,,2026-10-06 02:47:59
2026-10-03,LITE,"Notable tech headlines for the week: Micron, Nvidia, Accenture in focus",seekingalpha/LITE,,,2026-10-06 02:47:59
2026-10-03,MCD,"McDonald's: Newest Dividend King, At Fast Food Prices",seekingalpha/MCD,,,2026-10-06 02:47:59
2026-10-03,MKC,"Earnings Scoreboard: all 8 S&P 500 firms beat EPS estimates, 6 saw profits rise Y/Y",seekingalpha/MKC,,,2026-10-06 02:47:59
2026-10-03,MRK,"Moderna, Illumina lead healthcare gains in September as medtech drags",seekingalpha/MRK,,,2026-10-06 02:47:59
2026-10-03,MRNA,"Moderna, Illumina lead healthcare gains in September as medtech drags",seekingalpha/MRNA,,,2026-10-06 02:47:59
2026-10-03,MRNA,"Notable analyst calls this week: Target, Moderna and PepsiCo among top picks",seekingalpha/MRNA,,,2026-10-06 02:47:59
2026-10-03,MTB,"M&T: Buy Reaffirmed, Despite Market Pullback, As Growth And Earnings Story Remain Strong",seekingalpha/MTB,,,2026-10-06 02:47:59
2026-10-03,NFLX,Communication services sector rises in Q3; Meta Platforms leads gains,seekingalpha/NFLX,,,2026-10-06 02:47:59
2026-10-03,NFLX,Disney licenses a series of titles including 'Ice Age’ to Netflix,seekingalpha/NFLX,,,2026-10-06 02:47:59
2026-10-03,NKE,"Earnings Scoreboard: all 8 S&P 500 firms beat EPS estimates, 6 saw profits rise Y/Y",seekingalpha/NKE,,,2026-10-06 02:47:59
2026-10-03,NKE,Nike: Turnaround Just Slipped Into FY2028,seekingalpha/NKE,,,2026-10-06 02:47:59
2026-10-03,ON,"Key deals this week: Onsemi, Mattel, Nebius, Advanced Micro Devices, and more",seekingalpha/ON,,,2026-10-06 02:47:59
2026-10-03,ORCL,"Insider trades: Oracle, Alibaba among notable names",seekingalpha/ORCL,,,2026-10-06 02:47:59
2026-10-03,OXY,"Notable analyst calls this week: Target, Moderna and PepsiCo among top picks",seekingalpha/OXY,,,2026-10-06 02:47:59
2026-10-03,PANW,"Insider trades: Oracle, Alibaba among notable names",seekingalpha/PANW,,,2026-10-06 02:47:59
2026-10-03,PEP,"Earnings Scoreboard: all 8 S&P 500 firms beat EPS estimates, 6 saw profits rise Y/Y",seekingalpha/PEP,,,2026-10-06 02:47:59
2026-10-03,PEP,"Notable analyst calls this week: Target, Moderna and PepsiCo among top picks",seekingalpha/PEP,,,2026-10-06 02:47:59
2026-10-03,PFE,"AbbVie, Amgen, Pfizer, GSK among participants in new 340B rebate pilot",seekingalpha/PFE,,,2026-10-06 02:47:59
2026-10-03,PODD,"Moderna, Illumina lead healthcare gains in September as medtech drags",seekingalpha/PODD,,,2026-10-06 02:47:59
2026-10-03,PSX,"Phillips 66: Earnings Conditions Look To Be Structural, Rather Than Cyclical",seekingalpha/PSX,,,2026-10-06 02:47:59
2026-10-03,QCOM,"Notable tech headlines for the week: Micron, Nvidia, Accenture in focus",seekingalpha/QCOM,,,2026-10-06 02:47:59
2026-10-03,RDDT,Communication services sector rises in Q3; Meta Platforms leads gains,seekingalpha/RDDT,,,2026-10-06 02:47:59
2026-10-03,RF,Regions Financial: Attractive 7.2% Preferred Dividend Yield Backed By Strong Earnings,seekingalpha/RF,,,2026-10-06 02:47:59
2026-10-03,RVTY,"Moderna, Illumina lead healthcare gains in September as medtech drags",seekingalpha/RVTY,,,2026-10-06 02:47:59
2026-10-03,SNPS,"Notable tech headlines for the week: Micron, Nvidia, Accenture in focus",seekingalpha/SNPS,,,2026-10-06 02:47:59
2026-10-03,SPG,"Insider trades: Oracle, Alibaba among notable names",seekingalpha/SPG,,,2026-10-06 02:47:59
2026-10-03,STZ,"Earnings Scoreboard: all 8 S&P 500 firms beat EPS estimates, 6 saw profits rise Y/Y",seekingalpha/STZ,,,2026-10-06 02:47:59
2026-10-03,SWKS,Skyworks: The Qorvo Deal Could Finally Change The Investment Case,seekingalpha/SWKS,,,2026-10-06 02:47:59
2026-10-03,SYK,"Moderna, Illumina lead healthcare gains in September as medtech drags",seekingalpha/SYK,,,2026-10-06 02:47:59
2026-10-03,T,Apple to replace iPhone 18 Pro Max facing AT&T glitch,seekingalpha/T,,,2026-10-06 02:47:59
2026-10-03,T,Communication services sector rises in Q3; Meta Platforms leads gains,seekingalpha/T,,,2026-10-06 02:47:59
2026-10-03,TER,"Notable tech headlines for the week: Micron, Nvidia, Accenture in focus",seekingalpha/TER,,,2026-10-06 02:47:59
2026-10-03,TER,"Teradyne Is Up Big, But The Real Growth May Still Be Ahead",seekingalpha/TER,,,2026-10-06 02:47:59
2026-10-03,TGT,"Notable analyst calls this week: Target, Moderna and PepsiCo among top picks",seekingalpha/TGT,,,2026-10-06 02:47:59
2026-10-03,TMO,"Moderna, Illumina lead healthcare gains in September as medtech drags",seekingalpha/TMO,,,2026-10-06 02:47:59
2026-10-03,TSLA,The little humanoid robots that could,seekingalpha/TSLA,,,2026-10-06 02:47:59
2026-10-03,TTWO,Communication services sector rises in Q3; Meta Platforms leads gains,seekingalpha/TTWO,,,2026-10-06 02:47:59
2026-10-03,UNH,Trump offering $90 to Medicare enrollees to cover premiums,seekingalpha/UNH,,,2026-10-06 02:47:59
2026-10-03,VZ,Communication services sector rises in Q3; Meta Platforms leads gains,seekingalpha/VZ,,,2026-10-06 02:47:59
2026-10-03,WBD,Communication services sector rises in Q3; Meta Platforms leads gains,seekingalpha/WBD,,,2026-10-06 02:47:59
2026-10-03,WDC,"Notable tech headlines for the week: Micron, Nvidia, Accenture in focus",seekingalpha/WDC,,,2026-10-06 02:47:59
2026-10-03,WDC,Western Digital: Buy Aggressively Because The Market Is Wrong,seekingalpha/WDC,,,2026-10-06 02:47:59
2026-10-03,WMT,"SA Asks: Is Walmart a buy, sell or hold right now?",seekingalpha/WMT,,,2026-10-06 02:47:59
2026-10-03,WMT,Walmart: Fiscal 2028 Consensus Leaves No Room For Diesel Or Rollbacks,seekingalpha/WMT,,,2026-10-06 02:47:59
2026-10-03,XOM,ExxonMobil: Set For Record Highs As War Profits Boom,seekingalpha/XOM,,,2026-10-06 02:47:59
2026-10-03,XOM,"Notable analyst calls this week: Target, Moderna and PepsiCo among top picks",seekingalpha/XOM,,,2026-10-06 02:47:59
2026-10-03,ZBH,"Moderna, Illumina lead healthcare gains in September as medtech drags",seekingalpha/ZBH,,,2026-10-06 02:47:59
2026-10-04,AAPL,OpenAI’s Altman draws regulatory divide with Anthropic over AI risks: Politico,seekingalpha/AAPL,,,2026-10-06 02:47:59
2026-10-04,AAPL,Trump names intelligence chief Jay Clayton to lead new AI task force,seekingalpha/AAPL,,,2026-10-06 02:47:59
2026-10-04,ABNB,Ulta Beauty tops consumer discretionary gainers in Q3; MGM Resorts declines,seekingalpha/ABNB,,,2026-10-06 02:47:59
2026-10-04,ADM,"Consumer staples sector falls 3% in Q3 as oil, inflation and tech rotation weigh",seekingalpha/ADM,,,2026-10-06 02:47:59
2026-10-04,AMZN,"AI spending to drive another strong S&P 500 earnings season, Goldman Sachs says",seekingalpha/AMZN,,,2026-10-06 02:47:59
2026-10-04,AMZN,OpenAI’s Altman draws regulatory divide with Anthropic over AI risks: Politico,seekingalpha/AMZN,,,2026-10-06 02:47:59
2026-10-04,AMZN,Trump names intelligence chief Jay Clayton to lead new AI task force,seekingalpha/AMZN,,,2026-10-06 02:47:59
2026-10-04,AMZN,‘Verity’ leads tepid box office weekend with $33M debut,seekingalpha/AMZN,,,2026-10-06 02:47:59
2026-10-04,APO,Paramount’s $52B debt sale highlights rising cost of corporate borrowing,seekingalpha/APO,,,2026-10-06 02:47:59
2026-10-04,APTV,Ulta Beauty tops consumer discretionary gainers in Q3; MGM Resorts declines,seekingalpha/APTV,,,2026-10-06 02:47:59
2026-10-04,BBY,Ulta Beauty tops consumer discretionary gainers in Q3; MGM Resorts declines,seekingalpha/BBY,,,2026-10-06 02:47:59
2026-10-04,CLX,"Consumer staples sector falls 3% in Q3 as oil, inflation and tech rotation weigh",seekingalpha/CLX,,,2026-10-06 02:47:59
2026-10-04,CMCSA,‘Verity’ leads tepid box office weekend with $33M debut,seekingalpha/CMCSA,,,2026-10-06 02:47:59
2026-10-04,DAL,American Airlines adds cash-and-miles bookings as loyalty battle heats up,seekingalpha/DAL,,,2026-10-06 02:47:59
2026-10-04,DAL,"Earnings week ahead: PEP, DAL, STZ, TLRY, LEVI, and more",seekingalpha/DAL,,,2026-10-06 02:47:59
2026-10-04,DECK,Ulta Beauty tops consumer discretionary gainers in Q3; MGM Resorts declines,seekingalpha/DECK,,,2026-10-06 02:47:59
2026-10-04,DG,"Consumer staples sector falls 3% in Q3 as oil, inflation and tech rotation weigh",seekingalpha/DG,,,2026-10-06 02:47:59
2026-10-04,DHI,"D.R. Horton: One Big Rates Trade And Other Macro Pressures Weigh, Shares At Support",seekingalpha/DHI,,,2026-10-06 02:47:59
2026-10-04,DIS,‘Verity’ leads tepid box office weekend with $33M debut,seekingalpha/DIS,,,2026-10-06 02:47:59
2026-10-04,DLTR,"Consumer staples sector falls 3% in Q3 as oil, inflation and tech rotation weigh",seekingalpha/DLTR,,,2026-10-06 02:47:59
2026-10-04,EL,"Consumer staples sector falls 3% in Q3 as oil, inflation and tech rotation weigh",seekingalpha/EL,,,2026-10-06 02:47:59
2026-10-04,FRT,Federal Realty: The Only REIT Dividend King Trades At A Discount,seekingalpha/FRT,,,2026-10-06 02:47:59
2026-10-04,GIS,"Consumer staples sector falls 3% in Q3 as oil, inflation and tech rotation weigh",seekingalpha/GIS,,,2026-10-06 02:47:59
2026-10-04,GOOG,"AI spending to drive another strong S&P 500 earnings season, Goldman Sachs says",seekingalpha/GOOG,,,2026-10-06 02:47:59
2026-10-04,GOOG,Alphabet Appears To Be The Easiest AI Trade Of The Year Before Its Q3 Print,seekingalpha/GOOG,,,2026-10-06 02:47:59
2026-10-04,GOOG,OpenAI’s Altman draws regulatory divide with Anthropic over AI risks: Politico,seekingalpha/GOOG,,,2026-10-06 02:47:59
2026-10-04,GOOG,Trump names intelligence chief Jay Clayton to lead new AI task force,seekingalpha/GOOG,,,2026-10-06 02:47:59
2026-10-04,GOOGL,"AI spending to drive another strong S&P 500 earnings season, Goldman Sachs says",seekingalpha/GOOGL,,,2026-10-06 02:47:59
2026-10-04,GOOGL,Alphabet Appears To Be The Easiest AI Trade Of The Year Before Its Q3 Print,seekingalpha/GOOGL,,,2026-10-06 02:47:59
2026-10-04,GOOGL,OpenAI’s Altman draws regulatory divide with Anthropic over AI risks: Politico,seekingalpha/GOOGL,,,2026-10-06 02:47:59
2026-10-04,GOOGL,Trump names intelligence chief Jay Clayton to lead new AI task force,seekingalpha/GOOGL,,,2026-10-06 02:47:59
2026-10-04,HAS,Ulta Beauty tops consumer discretionary gainers in Q3; MGM Resorts declines,seekingalpha/HAS,,,2026-10-06 02:47:59
2026-10-04,HRL,"Consumer staples sector falls 3% in Q3 as oil, inflation and tech rotation weigh",seekingalpha/HRL,,,2026-10-06 02:47:59
2026-10-04,KMB,"Consumer staples sector falls 3% in Q3 as oil, inflation and tech rotation weigh",seekingalpha/KMB,,,2026-10-06 02:47:59
2026-10-04,KR,"Consumer staples sector falls 3% in Q3 as oil, inflation and tech rotation weigh",seekingalpha/KR,,,2026-10-06 02:47:59
2026-10-04,KR,Kroger: A Low Valuation Hurdle With Plenty To Prove,seekingalpha/KR,,,2026-10-06 02:47:59
2026-10-04,LRCX,Lam Research: AI Manufacturing Complexity And Installed-Base Growth Support A Cautious Buy,seekingalpha/LRCX,,,2026-10-06 02:47:59
2026-10-04,LUV,American Airlines adds cash-and-miles bookings as loyalty battle heats up,seekingalpha/LUV,,,2026-10-06 02:47:59
2026-10-04,META,OpenAI’s Altman draws regulatory divide with Anthropic over AI risks: Politico,seekingalpha/META,,,2026-10-06 02:47:59
2026-10-04,MGM,Ulta Beauty tops consumer discretionary gainers in Q3; MGM Resorts declines,seekingalpha/MGM,,,2026-10-06 02:47:59
2026-10-04,MRNA,SA Asks: Is Moderna's stock now a sell after the recent run-up?,seekingalpha/MRNA,,,2026-10-06 02:47:59
2026-10-04,MRVL,Marvell Technology: Poised To Thrive During The AI Buildout,seekingalpha/MRVL,,,2026-10-06 02:47:59
2026-10-04,MSFT,"AI spending to drive another strong S&P 500 earnings season, Goldman Sachs says",seekingalpha/MSFT,,,2026-10-06 02:47:59
2026-10-04,MSFT,Trump names intelligence chief Jay Clayton to lead new AI task force,seekingalpha/MSFT,,,2026-10-06 02:47:59
2026-10-04,NCLH,Ulta Beauty tops consumer discretionary gainers in Q3; MGM Resorts declines,seekingalpha/NCLH,,,2026-10-06 02:47:59
2026-10-04,NTAP,"NetApp: After Doubling This Year, There Are Further Gains Ahead",seekingalpha/NTAP,,,2026-10-06 02:47:59
2026-10-04,NVDA,"AI spending to drive another strong S&P 500 earnings season, Goldman Sachs says",seekingalpha/NVDA,,,2026-10-06 02:47:59
2026-10-04,NVDA,Trump names intelligence chief Jay Clayton to lead new AI task force,seekingalpha/NVDA,,,2026-10-06 02:47:59
2026-10-04,OKE,ONEOK: A Stable Business With Growth Prospects That The Market Has Already Priced In,seekingalpha/OKE,,,2026-10-06 02:47:59
2026-10-04,ORCL,"AI spending to drive another strong S&P 500 earnings season, Goldman Sachs says",seekingalpha/ORCL,,,2026-10-06 02:47:59
2026-10-04,ORCL,Trump names intelligence chief Jay Clayton to lead new AI task force,seekingalpha/ORCL,,,2026-10-06 02:47:59
2026-10-04,PCAR,Paccar: The Price Has Come Down Far Enough Now,seekingalpha/PCAR,,,2026-10-06 02:47:59
2026-10-04,PEP,"Earnings week ahead: PEP, DAL, STZ, TLRY, LEVI, and more",seekingalpha/PEP,,,2026-10-06 02:47:59
2026-10-04,PM,"Consumer staples sector falls 3% in Q3 as oil, inflation and tech rotation weigh",seekingalpha/PM,,,2026-10-06 02:47:59
2026-10-04,PSKY,Paramount’s $52B debt sale highlights rising cost of corporate borrowing,seekingalpha/PSKY,,,2026-10-06 02:47:59
2026-10-04,PSKY,‘Verity’ leads tepid box office weekend with $33M debut,seekingalpha/PSKY,,,2026-10-06 02:47:59
2026-10-04,PTC,Schneider Electric is said to near deal to buy PTC for more than $20B,seekingalpha/PTC,,,2026-10-06 02:47:59
2026-10-04,REGN,Regeneron: The Easy Money Has Been Made (Rating Downgrade),seekingalpha/REGN,,,2026-10-06 02:47:59
2026-10-04,ROL,Ulta Beauty tops consumer discretionary gainers in Q3; MGM Resorts declines,seekingalpha/ROL,,,2026-10-06 02:47:59
2026-10-04,ROST,"Consumer staples sector falls 3% in Q3 as oil, inflation and tech rotation weigh",seekingalpha/ROST,,,2026-10-06 02:47:59
2026-10-04,ROST,Ulta Beauty tops consumer discretionary gainers in Q3; MGM Resorts declines,seekingalpha/ROST,,,2026-10-06 02:47:59
2026-10-04,STZ,"Consumer staples sector falls 3% in Q3 as oil, inflation and tech rotation weigh",seekingalpha/STZ,,,2026-10-06 02:47:59
2026-10-04,STZ,"Earnings week ahead: PEP, DAL, STZ, TLRY, LEVI, and more",seekingalpha/STZ,,,2026-10-06 02:47:59
2026-10-04,TGT,"Consumer staples sector falls 3% in Q3 as oil, inflation and tech rotation weigh",seekingalpha/TGT,,,2026-10-06 02:47:59
2026-10-04,TGT,Target and Victoria's Secret: Two of retail's biggest turnaround stories,seekingalpha/TGT,,,2026-10-06 02:47:59
2026-10-04,TJX,"Consumer staples sector falls 3% in Q3 as oil, inflation and tech rotation weigh",seekingalpha/TJX,,,2026-10-06 02:47:59
2026-10-04,TSLA,Trump names intelligence chief Jay Clayton to lead new AI task force,seekingalpha/TSLA,,,2026-10-06 02:47:59
2026-10-04,UAL,American Airlines adds cash-and-miles bookings as loyalty battle heats up,seekingalpha/UAL,,,2026-10-06 02:47:59
2026-10-04,ULTA,Ulta Beauty tops consumer discretionary gainers in Q3; MGM Resorts declines,seekingalpha/ULTA,,,2026-10-06 02:47:59
2026-10-04,WBD,Paramount’s $52B debt sale highlights rising cost of corporate borrowing,seekingalpha/WBD,,,2026-10-06 02:47:59
2026-10-04,WBD,‘Verity’ leads tepid box office weekend with $33M debut,seekingalpha/WBD,,,2026-10-06 02:47:59
2026-10-04,XOM,"Supreme Court takes up Exxon, Suncor challenge to climate lawsuits",seekingalpha/XOM,,,2026-10-06 02:47:59
2026-10-04,XYL,Xylem: Strong Dividend Safety And Undervaluation Are Attractive,seekingalpha/XYL,,,2026-10-06 02:47:59
2026-10-05,ABBV,AbbVie flags $216M IPR&D and milestones expense for Q3,seekingalpha/ABBV,,,2026-10-06 02:47:59
2026-10-05,ABBV,"Genmab, AbbVie data boosts Epkinly as first-line B-cell lymphoma treatment",seekingalpha/ABBV,,,2026-10-06 02:47:59
2026-10-05,ACN,Accenture: Canary In A Coal Mine,seekingalpha/ACN,,,2026-10-06 02:47:59
2026-10-05,ACN,"SA analyst upgrades/downgrades: MU, NOW, SNDK, ACN",seekingalpha/ACN,,,2026-10-06 02:47:59
2026-10-05,ALGN,Align Technology hit as appeals court revives dental aligners antitrust claims,seekingalpha/ALGN,,,2026-10-06 02:47:59
2026-10-05,ALL,"Warren and Hawley launch inquiry into insurance companies’ zero-payout tactics, WSJ reports",seekingalpha/ALL,,,2026-10-06 02:47:59
2026-10-05,AMD,AMD Stock: The $8 Billion Bet That Could Redefine Its AI Strategy,seekingalpha/AMD,,,2026-10-06 02:47:59
2026-10-05,AMD,AMD in focus as BNP Paribas ups price target on CPU strength,seekingalpha/AMD,,,2026-10-06 02:47:59
2026-10-05,AMZN,Amazon's $220 Billion Bet Is Starting To Pay Off,seekingalpha/AMZN,,,2026-10-06 02:47:59
2026-10-05,AMZN,Wall Street Breakfast Podcast: October's Retail Harvest,seekingalpha/AMZN,,,2026-10-06 02:47:59
2026-10-05,APP,San Diego watchdog sues AppLovin for showing inappropriate ads to children,seekingalpha/APP,,,2026-10-06 02:47:59
2026-10-05,AVGO,Broadcom Has A New Problem: Anthropic,seekingalpha/AVGO,,,2026-10-06 02:47:59
2026-10-05,AXP,American Express: Buy This Quality Compounder Now On Sale,seekingalpha/AXP,,,2026-10-06 02:47:59
2026-10-05,BA,Boeing wins contract worth ~$14.7B from Lockheed to triple PAC-3 MSE seeker production,seekingalpha/BA,,,2026-10-06 02:47:59
2026-10-05,BEN,Franklin Templeton AUM slips 2% M/M in September on market impact,seekingalpha/BEN,,,2026-10-06 02:47:59
2026-10-05,BKR,"Baker Hughes signs deals to develop Venezuela's gas, energy infrastructure",seekingalpha/BKR,,,2026-10-06 02:47:59
2026-10-05,CAT,"Caterpillar: Data Center Tailwinds Are Real, But The Valuation Is Too Steep For Me",seekingalpha/CAT,,,2026-10-06 02:47:59
2026-10-05,CBOE,"Cboe upgraded to Buy at TD Cowen on SPX contract, KPI opportunity",seekingalpha/CBOE,,,2026-10-06 02:47:59
2026-10-05,CEG,Google nears billion-dollar deal for nuclear power from Constellation - Bloomberg,seekingalpha/CEG,,,2026-10-06 02:47:59
2026-10-05,CHRW,C.H. Robinson And RXO: Bigger Is Better,seekingalpha/CHRW,,,2026-10-06 02:47:59
2026-10-05,CHRW,C.H. Robinson Worldwide slides 11% on $5.8 billion RXO deal,seekingalpha/CHRW,,,2026-10-06 02:47:59
2026-10-05,CHRW,C.H. Robinson Worldwide strikes a $5.8B deal to acquire RXO,seekingalpha/CHRW,,,2026-10-06 02:47:59
2026-10-05,CI,HHS finalizes updated price transparency rules for healthcare costs,seekingalpha/CI,,,2026-10-06 02:47:59
2026-10-05,CIEN,"Ciena, A Former Telecom Bust, Is Now In The Early Stages Of A Bona Fide Mega Boom",seekingalpha/CIEN,,,2026-10-06 02:47:59
2026-10-05,COP,"Oil price floor likely rising to $70/bbl, ConocoPhillips chairman says",seekingalpha/COP,,,2026-10-06 02:47:59
2026-10-05,COST,Costco: Where Does The Stock Go From Here? I Say Nowhere (Rating Downgrade),seekingalpha/COST,,,2026-10-06 02:47:59
2026-10-05,CRWD,CrowdStrike sees market share gains from legacy tool shift,seekingalpha/CRWD,,,2026-10-06 02:47:59
2026-10-05,CSGP,"CoStar: An Undervalued Buy, Betting On Niche Of Real Estate Data And Platforms",seekingalpha/CSGP,,,2026-10-06 02:47:59
2026-10-05,CSX,UBS trims profit estimates on the rail sector to account for elevated diesel prices,seekingalpha/CSX,,,2026-10-06 02:47:59
2026-10-05,CVS,HHS finalizes updated price transparency rules for healthcare costs,seekingalpha/CVS,,,2026-10-06 02:47:59
2026-10-05,CVX,Chevron promotes CFO to head oil and gas operations ahead of potential CEO succession,seekingalpha/CVX,,,2026-10-06 02:47:59
2026-10-05,CVX,Chevron: New All-Time Highs In Sight As Oil Surges,seekingalpha/CVX,,,2026-10-06 02:47:59
2026-10-05,DAL,Weaker international tourism trends to the U.S. are impacting these stocks,seekingalpha/DAL,,,2026-10-06 02:47:59
2026-10-05,DECK,Michael Burry takes new position in Deckers Outdoors as part of 'proxy swap',seekingalpha/DECK,,,2026-10-06 02:47:59
2026-10-05,DLTR,Dollar Tree: Traffic Reacceleration Makes This A Defensive Investment In A Tough Market,seekingalpha/DLTR,,,2026-10-06 02:47:59
2026-10-05,DTE,DTE Energy: An Undervalued Stock For Investors Interested In Utility Exposure,seekingalpha/DTE,,,2026-10-06 02:47:59
2026-10-05,EL,"Estée Lauder earns upgrade on sales gains, margin expansion",seekingalpha/EL,,,2026-10-06 02:47:59
2026-10-05,ELV,HHS finalizes updated price transparency rules for healthcare costs,seekingalpha/ELV,,,2026-10-06 02:47:59
2026-10-05,ETR,Entergy taps David Borde to lead Texas utility business,seekingalpha/ETR,,,2026-10-06 02:47:59
2026-10-05,FLEX,Flex to sell $2B Axiom convertible preferred stake ahead of planned 2027 separation,seekingalpha/FLEX,,,2026-10-06 02:47:59
2026-10-05,FOXA,Most shorted stocks on Wall Street,seekingalpha/FOXA,,,2026-10-06 02:47:59
2026-10-05,GEHC,GE HealthCare to buy Sofie Biosciences for $945M,seekingalpha/GEHC,,,2026-10-06 02:47:59
2026-10-05,GIS,General Mills launches cash tender offers for up to $750M of senior notes,seekingalpha/GIS,,,2026-10-06 02:47:59
2026-10-05,GOOG,Ex-Anthropic researcher Coxon to testify alongside AI giants at NYC hearing,seekingalpha/GOOG,,,2026-10-06 02:47:59
2026-10-05,GOOG,Polish antitrust watchdog reportedly probes Google over media publisher payments,seekingalpha/GOOG,,,2026-10-06 02:47:59
2026-10-05,GOOGL,Ex-Anthropic researcher Coxon to testify alongside AI giants at NYC hearing,seekingalpha/GOOGL,,,2026-10-06 02:47:59
2026-10-05,GOOGL,Polish antitrust watchdog reportedly probes Google over media publisher payments,seekingalpha/GOOGL,,,2026-10-06 02:47:59
2026-10-05,HAL,Halliburton rules out work on Sea Lion oil project offshore Argentina,seekingalpha/HAL,,,2026-10-06 02:47:59
2026-10-05,HCA,Hospital systems get FTC warning over deceptive pricing,seekingalpha/HCA,,,2026-10-06 02:47:59
2026-10-05,ICE,24/7 trading: Here comes the tokenization of the U.S. stock market,seekingalpha/ICE,,,2026-10-06 02:47:59
2026-10-05,ICE,Intercontinental Exchange cut to Hold at TD Cowen as stock remains range bound,seekingalpha/ICE,,,2026-10-06 02:47:59
2026-10-05,INTC,"BNP Paribas raises Nvidia, Intel price targets on AI demand outlook",seekingalpha/INTC,,,2026-10-06 02:47:59
2026-10-05,INTC,"Intel: The Turnaround Is Real, But At $119 The Math Fails",seekingalpha/INTC,,,2026-10-06 02:47:59
2026-10-05,LMT,Boeing wins contract worth ~$14.7B from Lockheed to triple PAC-3 MSE seeker production,seekingalpha/LMT,,,2026-10-06 02:47:59
2026-10-05,LMT,Lockheed Martins gets $209M boost for Navy electronic warfare work,seekingalpha/LMT,,,2026-10-06 02:47:59
2026-10-05,LRCX,Morgan Stanley expects Lam Research to guide $9B-plus for December quarter,seekingalpha/LRCX,,,2026-10-06 02:47:59
2026-10-05,LULU,Michael Burry takes new position in Deckers Outdoors as part of 'proxy swap',seekingalpha/LULU,,,2026-10-06 02:47:59
2026-10-05,LVS,Sands China looks for a boost from hosting NBA games again,seekingalpha/LVS,,,2026-10-06 02:47:59
2026-10-05,MCD,McDonald's looks to provide marathoners with a boost,seekingalpha/MCD,,,2026-10-06 02:47:59
2026-10-05,MCD,Unpacking McDonald's 30% Drop: Noise Vs. Fundamentals,seekingalpha/MCD,,,2026-10-06 02:47:59
2026-10-05,MCHP,Beyond Compute: The Unsung AI Semiconductor Worth Buying,seekingalpha/MCHP,,,2026-10-06 02:47:59
2026-10-05,MCHP,"Navitas, Microchip team up on 800V power design for AI data center racks",seekingalpha/MCHP,,,2026-10-06 02:47:59
2026-10-05,MCK,"McKesson, CD&R in talks for $5B deal for Option Care Health: FT",seekingalpha/MCK,,,2026-10-06 02:47:59
2026-10-05,META,Ex-Anthropic researcher Coxon to testify alongside AI giants at NYC hearing,seekingalpha/META,,,2026-10-06 02:47:59
2026-10-05,META,Meta Platforms: The AI Spending Looks Crazy; The Economics Don't,seekingalpha/META,,,2026-10-06 02:47:59
2026-10-05,META,Meta's AI monetization push for businesses appears bullish but might take time: Jefferies,seekingalpha/META,,,2026-10-06 02:47:59
2026-10-05,META,"Meta, Microsoft scale back employee use of Claude: report",seekingalpha/META,,,2026-10-06 02:47:59
2026-10-05,META,Norway plans temporary AI glasses ban over privacy concerns,seekingalpha/META,,,2026-10-06 02:47:59
2026-10-05,MOS,Mosaic downgraded at RBC on likely delayed phosphate recovery,seekingalpha/MOS,,,2026-10-06 02:47:59
2026-10-05,MRNA,What's next for personalized mRNA cancer vaccines?,seekingalpha/MRNA,,,2026-10-06 02:47:59
2026-10-05,MSFT,"Meta, Microsoft scale back employee use of Claude: report",seekingalpha/MSFT,,,2026-10-06 02:47:59
2026-10-05,MU,Hard Data Vs. Market Narrative: Unpacking MU's Triple-Digit Surge,seekingalpha/MU,,,2026-10-06 02:47:59
2026-10-05,MU,Micron Q4: My Thoughts On Results And DCF Adjustments,seekingalpha/MU,,,2026-10-06 02:47:59
2026-10-05,MU,Micron: Strong Performance And A Continued Balancing Act,seekingalpha/MU,,,2026-10-06 02:47:59
2026-10-05,MU,"Micron: The Market May Be Pricing In Future Revenue Declines, But I'm Still Bullish Now",seekingalpha/MU,,,2026-10-06 02:47:59
2026-10-05,MU,"SA analyst upgrades/downgrades: MU, NOW, SNDK, ACN",seekingalpha/MU,,,2026-10-06 02:47:59
2026-10-05,MU,Why It's So Frustrating Being A Micron Bull These Days,seekingalpha/MU,,,2026-10-06 02:47:59
2026-10-05,NCLH,Most shorted stocks on Wall Street,seekingalpha/NCLH,,,2026-10-06 02:47:59
2026-10-05,NFLX,Netflix Looks Priced For Margins To Stop Growing,seekingalpha/NFLX,,,2026-10-06 02:47:59
2026-10-05,NKE,"Nike Bulls, Time To Pull The Plug (Rating Downgrade)",seekingalpha/NKE,,,2026-10-06 02:47:59
2026-10-05,NKE,"Nike: The Business Is Broken, Not The Brand",seekingalpha/NKE,,,2026-10-06 02:47:59
2026-10-05,NKE,Nike: The Falling Knife Masterclass,seekingalpha/NKE,,,2026-10-06 02:47:59
2026-10-05,NOW,"SA analyst upgrades/downgrades: MU, NOW, SNDK, ACN",seekingalpha/NOW,,,2026-10-06 02:47:59
2026-10-05,NSC,UBS trims profit estimates on the rail sector to account for elevated diesel prices,seekingalpha/NSC,,,2026-10-06 02:47:59
2026-10-05,NVDA,"BNP Paribas raises Nvidia, Intel price targets on AI demand outlook",seekingalpha/NVDA,,,2026-10-06 02:47:59
2026-10-05,NVDA,"Firmus Technologies to reserve half of $5.5B IPO for existing backers, AFR reports",seekingalpha/NVDA,,,2026-10-06 02:47:59
2026-10-05,NVDA,Nvidia: Reaching The Point Of An Explosive Upside Breakout,seekingalpha/NVDA,,,2026-10-06 02:47:59
2026-10-05,NVDA,"Nvidia’s valuation shows AI stocks are far from a bubble, DBS CIO says",seekingalpha/NVDA,,,2026-10-06 02:47:59
2026-10-05,NXPI,"NXP: A Better Recovery, But Not Yet A Different Cycle",seekingalpha/NXPI,,,2026-10-06 02:47:59
2026-10-05,ORCL,Oracle rescues Nashville Symphony with $10M investment and partnership,seekingalpha/ORCL,,,2026-10-06 02:47:59
2026-10-05,PCG,PG&E Corporation (PCG) Presents at Virtual Webinar Series with CFOs - Featuring PG&E Corp Transcript,seekingalpha/PCG,,,2026-10-06 02:47:59
2026-10-05,PEP,Carlsberg expands its bottler partnership with PepsiCo into two new markets,seekingalpha/PEP,,,2026-10-06 02:47:59
2026-10-05,PEP,"PepsiCo Earnings Preview: Safe Dividend, Unsafe Stock (Rating Downgrade)",seekingalpha/PEP,,,2026-10-06 02:47:59
2026-10-05,PGR,"Warren and Hawley launch inquiry into insurance companies’ zero-payout tactics, WSJ reports",seekingalpha/PGR,,,2026-10-06 02:47:59
2026-10-05,PRU,Prismic Life announces $5B reinsurance agreement with Prudential Financial,seekingalpha/PRU,,,2026-10-06 02:47:59
2026-10-05,PTC,PTC soars 33% on Schneider Electric buyout agreement,seekingalpha/PTC,,,2026-10-06 02:47:59
2026-10-05,PTC,Schneider Electric to buy PTC for $205/share in $23.7B deal; PTC shares rally,seekingalpha/PTC,,,2026-10-06 02:47:59
2026-10-05,PTC,Schneider Electric: Paying A Shocking Price For PTC,seekingalpha/PTC,,,2026-10-06 02:47:59
2026-10-05,QCOM,"Qualcomm, Arm return to court over contract dispute",seekingalpha/QCOM,,,2026-10-06 02:47:59
2026-10-05,QCOM,"Qualcomm, Huawei reach multi-year patent licensing agreement",seekingalpha/QCOM,,,2026-10-06 02:47:59
2026-10-05,SBUX,Starbucks sued over ‘sugar-free’ claims for protein beverages,seekingalpha/SBUX,,,2026-10-06 02:47:59
2026-10-05,SMCI,Super Micro Computer: Discounted For A Reason - Rich AI Story With Governance Risks,seekingalpha/SMCI,,,2026-10-06 02:47:59
2026-10-05,SNDK,"SA analyst upgrades/downgrades: MU, NOW, SNDK, ACN",seekingalpha/SNDK,,,2026-10-06 02:47:59
2026-10-05,SNPS,Synopsys initiates $1B accelerated share repurchase agreement,seekingalpha/SNPS,,,2026-10-06 02:47:59
2026-10-05,SPGI,S&P Global Ratings launches risk assessment tool for digital asset vaults,seekingalpha/SPGI,,,2026-10-06 02:47:59
2026-10-05,SPY,Credit Markets Are Signaling A Reckoning Is Ahead,seekingalpha/SPY,,,2026-10-06 02:47:59
2026-10-05,SPY,Current S&P 500 Vs. Dot-Com Bubble: Lack Of Breadth Worries Me Most,seekingalpha/SPY,,,2026-10-06 02:47:59
2026-10-05,SPY,Forget Gold: AI Is The New Inflation Hedge,seekingalpha/SPY,,,2026-10-06 02:47:59
2026-10-05,SPY,Record 72 S&P 500 firms issue positive Q3 earnings guidance - FactSet,seekingalpha/SPY,,,2026-10-06 02:47:59
2026-10-05,SPY,SA analyst warns that rising rates could undermine Wall Street's rally,seekingalpha/SPY,,,2026-10-06 02:47:59
2026-10-05,SPY,The Stock Market Is Not Ignoring The Bond Bear Market,seekingalpha/SPY,,,2026-10-06 02:47:59
2026-10-05,STX,Seagate: Buy When The Market Panics,seekingalpha/STX,,,2026-10-06 02:47:59
2026-10-05,STZ,Constellation Brands Q2 2027 Earnings Preview,seekingalpha/STZ,,,2026-10-06 02:47:59
2026-10-05,SWKS,Most shorted stocks on Wall Street,seekingalpha/SWKS,,,2026-10-06 02:47:59
2026-10-05,SWKS,Skyworks Solutions completes Qorvo acquisition,seekingalpha/SWKS,,,2026-10-06 02:47:59
2026-10-05,SYK,Stryker: This Dividend Aristocrat Is Finally Cheap Again,seekingalpha/SYK,,,2026-10-06 02:47:59
2026-10-05,TFC,Truist Q3 Earnings Preview: When Rates Go Boom,seekingalpha/TFC,,,2026-10-06 02:47:59
2026-10-05,TPR,Tapestry: The Macro Is Becoming A Problem Again,seekingalpha/TPR,,,2026-10-06 02:47:59
2026-10-05,TSLA,SA Asks: What was the biggest takeaway from Tesla's Q3 delivery and production report?,seekingalpha/TSLA,,,2026-10-06 02:47:59
2026-10-05,TSLA,"Tesla Is The EV King, Again",seekingalpha/TSLA,,,2026-10-06 02:47:59
2026-10-05,TTD,Most shorted stocks on Wall Street,seekingalpha/TTD,,,2026-10-06 02:47:59
2026-10-05,UHS,Hospital systems get FTC warning over deceptive pricing,seekingalpha/UHS,,,2026-10-06 02:47:59
2026-10-05,UNH,HHS finalizes updated price transparency rules for healthcare costs,seekingalpha/UNH,,,2026-10-06 02:47:59
2026-10-05,UNH,UnitedHealth Group: Getting Cheaper And Cheaper,seekingalpha/UNH,,,2026-10-06 02:47:59
2026-10-05,VOO,Credit Markets Are Signaling A Reckoning Is Ahead,seekingalpha/VOO,,,2026-10-06 02:47:59
2026-10-05,VOO,Current S&P 500 Vs. Dot-Com Bubble: Lack Of Breadth Worries Me Most,seekingalpha/VOO,,,2026-10-06 02:47:59
2026-10-05,VOO,Forget Gold: AI Is The New Inflation Hedge,seekingalpha/VOO,,,2026-10-06 02:47:59
2026-10-05,VOO,Record 72 S&P 500 firms issue positive Q3 earnings guidance - FactSet,seekingalpha/VOO,,,2026-10-06 02:47:59
2026-10-05,VOO,SA analyst warns that rising rates could undermine Wall Street's rally,seekingalpha/VOO,,,2026-10-06 02:47:59
2026-10-05,VOO,The Stock Market Is Not Ignoring The Bond Bear Market,seekingalpha/VOO,,,2026-10-06 02:47:59
2026-10-05,VRT,"Vertiv, nVent Electric initiated at Outperform by BMO",seekingalpha/VRT,,,2026-10-06 02:47:59
2026-10-05,VST,DoE confirms up to $4.2B loan to Vistra to boost nuclear power output,seekingalpha/VST,,,2026-10-06 02:47:59
2026-10-05,VST,Vistra's $4B DOE Loan Ignites Great Nuclear Rally,seekingalpha/VST,,,2026-10-06 02:47:59
2026-10-05,VTI,"The 1-Minute Market Report October 4, 2026",seekingalpha/VTI,,,2026-10-06 02:47:59
2026-10-05,VZ,Does Verizon's 6.2% Dividend Yield Have A Starlink Risk?,seekingalpha/VZ,,,2026-10-06 02:47:59
2026-10-05,WFC,Wells Fargo Preview: Why I'm Buying Before Earnings,seekingalpha/WFC,,,2026-10-06 02:47:59
2026-10-05,WFC,Wells Fargo raised to Overweight at Morgan Stanley as funding pressures seen easing,seekingalpha/WFC,,,2026-10-06 02:47:59
2026-10-05,WMT,Walmart+ membership growth is a key part of the retail giant's flywheel,seekingalpha/WMT,,,2026-10-06 02:47:59
2026-10-05,WY,Weyerhaeuser: The Stock Prices Its Forest Below What Buyers Pay For The Acres,seekingalpha/WY,,,2026-10-06 02:47:59
2026-10-05,WYNN,Wolfe Research sees significant upside for Wynn Resorts due to the UAE opportunity,seekingalpha/WYNN,,,2026-10-06 02:47:59
2026-10-05,XOM,Supreme Court justices question oil industry's bid to shut down climate change lawsuits,seekingalpha/XOM,,,2026-10-06 02:47:59
2026-10-06,AAPL,"App Store reverses slowdown in September, UBS says",seekingalpha/AAPL,,,2026-10-07 02:07:11
2026-10-06,AJG,Arthur J. Gallagher buys Winter & Co Solicitors,seekingalpha/AJG,,,2026-10-07 02:07:11
2026-10-06,AMAT,"Applied Materials, Intel deepen collaboration for AI chipmaking",seekingalpha/AMAT,,,2026-10-07 02:07:11
2026-10-06,AMAT,Stocks with the lowest short interest on Wall Street,seekingalpha/AMAT,,,2026-10-07 02:07:11
2026-10-06,AMD,"AMD CEO Lisa Su sees 'very high' chip demand continuing for years, praises TSMC expansion",seekingalpha/AMD,,,2026-10-07 02:07:11
2026-10-06,AMD,AMD rises as Citi ups price target as firm sees CPU market hitting $300B by 2030,seekingalpha/AMD,,,2026-10-07 02:07:11
2026-10-06,AMD,"Agentic AI drives up CPU demand; Mizuho ups targets on AMD, Intel",seekingalpha/AMD,,,2026-10-07 02:07:11
2026-10-06,AMZN,Amazon Prime Video to carry Emmy Awards from 2027,seekingalpha/AMZN,,,2026-10-07 02:07:11
2026-10-06,AMZN,Amazon: Q3 Profit Could Explode,seekingalpha/AMZN,,,2026-10-07 02:07:11
2026-10-06,APO,Apollo estimates 10% annualized return on alternative net investments in Q3,seekingalpha/APO,,,2026-10-07 02:07:11
2026-10-06,AVGO,Broadcom: When The Story And The Stock Disagree,seekingalpha/AVGO,,,2026-10-07 02:07:11
2026-10-06,AVGO,Stocks with the lowest short interest on Wall Street,seekingalpha/AVGO,,,2026-10-07 02:07:11
2026-10-06,AVGO,The Other Processor Company: Bullish On Broadcom,seekingalpha/AVGO,,,2026-10-07 02:07:11
2026-10-06,AVGO,World Bank lifts 2026 East Asia growth forecast to 4.5% amid AI boom but warns of capex risks,seekingalpha/AVGO,,,2026-10-07 02:07:11
2026-10-06,BA,NASA eyes bulk rocket purchases to support $30B moon base plan,seekingalpha/BA,,,2026-10-07 02:07:11
2026-10-06,BAC,"Bank of America: As Q3 Earnings Near, I'm Cautious About Evolving Risks",seekingalpha/BAC,,,2026-10-07 02:07:11
2026-10-06,BAC,"JPMorgan Chase, Capital One, and RBC top AI banks index",seekingalpha/BAC,,,2026-10-07 02:07:11
2026-10-06,BDX,"Trump: Becton Dickinson agrees to invest $3B in US manufacturing, including $1B+ in Nebraska",seekingalpha/BDX,,,2026-10-07 02:07:11
2026-10-06,BKR,Baker Hughes: Chart Adds To One-Stop Shop Strategy,seekingalpha/BKR,,,2026-10-07 02:07:11
2026-10-06,BLK,"AT&T partners with BlackRock, CPP Investments on U.S. fiber joint venture",seekingalpha/BLK,,,2026-10-07 02:07:11
2026-10-06,BLK,"OpenAI is said to be in $30B round talks with UAE funds, BlackRock",seekingalpha/BLK,,,2026-10-07 02:07:11
2026-10-06,BMY,Bristol-Myers Squibb: Patent Cliff Is Still A Problem,seekingalpha/BMY,,,2026-10-07 02:07:11
2026-10-06,BRK.B,Brooks Running makes a brick-and-mortar move,seekingalpha/BRK.B,,,2026-10-07 02:07:11
2026-10-06,C,Citi cuts promotion timeline for junior bankers to curb talent poaching - report,seekingalpha/C,,,2026-10-07 02:07:11
2026-10-06,C,Citi edges out Goldman Sachs to lead global IPO underwriting through September: report,seekingalpha/C,,,2026-10-07 02:07:11
2026-10-06,C,"JPMorgan Chase, Capital One, and RBC top AI banks index",seekingalpha/C,,,2026-10-07 02:07:11
2026-10-06,CAT,"Caterpillar: Upgrading To Buy Ahead Of Earnings, A Clear Line In The Sand",seekingalpha/CAT,,,2026-10-07 02:07:11
2026-10-06,CAT,Stocks with the lowest short interest on Wall Street,seekingalpha/CAT,,,2026-10-07 02:07:11
2026-10-06,CEG,"Biggest stock movers Tuesday: FRSH, OPCH, CEG and more",seekingalpha/CEG,,,2026-10-07 02:07:11
2026-10-06,CEG,Constellation Energy surges 12% on Google nuclear deal,seekingalpha/CEG,,,2026-10-07 02:07:11
2026-10-06,CEG,Constellation Energy's sweeping nuclear deal sparks rally in power sector stocks,seekingalpha/CEG,,,2026-10-07 02:07:11
2026-10-06,CEG,"Constellation, Google confirm nuclear energy deal tied to 890 MW of new PJM capacity",seekingalpha/CEG,,,2026-10-07 02:07:11
2026-10-06,CHRW,"C.H. Robinson Worldwide, Inc. (CHRW) M&A Call Transcript",seekingalpha/CHRW,,,2026-10-07 02:07:11
2026-10-06,CHRW,"C.H. Robinson Worldwide, Inc. (CHRW) RXO, Inc. - M&A Call - Slideshow",seekingalpha/CHRW,,,2026-10-07 02:07:11
2026-10-06,CHRW,"C.H. Robinson: RXO Is No Shortcut To Value, I Say 'No'",seekingalpha/CHRW,,,2026-10-07 02:07:11
2026-10-06,CIEN,Ciena climbs 14% amid continued optical networking rally,seekingalpha/CIEN,,,2026-10-07 02:07:11
2026-10-06,CMG,Queso and coffee? Rumors of a Chipotle-Starbucks merger boost shares,seekingalpha/CMG,,,2026-10-07 02:07:11
2026-10-06,COF,Capital One: The Discover Deal Could Reprice The Stock,seekingalpha/COF,,,2026-10-07 02:07:11
2026-10-06,COF,"JPMorgan Chase, Capital One, and RBC top AI banks index",seekingalpha/COF,,,2026-10-07 02:07:11
2026-10-06,COR,"Cencora Remains A Buy At These Prices, As Healthcare Supply-Chain Needs Grow",seekingalpha/COR,,,2026-10-07 02:07:11
2026-10-06,CRL,Charles River Labs and Autolomous launch Apollo Orchestrate for digital lab execution,seekingalpha/CRL,,,2026-10-07 02:07:11
2026-10-06,CRWD,CrowdStrike continues gains for seven straight sessions,seekingalpha/CRWD,,,2026-10-07 02:07:11
2026-10-06,CRWD,"CrowdStrike taps AWS, NVIDIA to fuel cybersecurity startup push",seekingalpha/CRWD,,,2026-10-07 02:07:11
2026-10-06,CRWD,SentinelOne downgraded at FBN on CrowdStrike concerns,seekingalpha/CRWD,,,2026-10-07 02:07:11
2026-10-06,CSX,CSX Corporation: Still Not Willing To Climb Aboard,seekingalpha/CSX,,,2026-10-07 02:07:11
2026-10-06,CTSH,Cognizant wins SITA mandate for AI-led finance transformation,seekingalpha/CTSH,,,2026-10-07 02:07:11
2026-10-06,CTVA,Corteva upgraded at J.P. Morgan following spinoff of Vylor,seekingalpha/CTVA,,,2026-10-07 02:07:11
2026-10-06,CTVA,Vylor rated Outperform in new research coverage at Oppenheimer,seekingalpha/CTVA,,,2026-10-07 02:07:11
2026-10-06,CVX,"Chevron to divest stakes in Hess Midstream, DJ Basin crude midstream assets",seekingalpha/CVX,,,2026-10-07 02:07:11
2026-10-06,CVX,"Oil and fuel supply buffers thinning as Middle East war drags on, Chevron CEO says",seekingalpha/CVX,,,2026-10-07 02:07:11
2026-10-06,DECK,Burry flags six stocks as likely tax-loss sale candidates,seekingalpha/DECK,,,2026-10-07 02:07:11
2026-10-06,DELL,"Agentic AI drives up CPU demand; Mizuho ups targets on AMD, Intel",seekingalpha/DELL,,,2026-10-07 02:07:11
2026-10-06,ED,"Consolidated Edison, Inc. (ED) Discusses Strategy for Clean Energy Transition and Infrastructure Investments - Slideshow",seekingalpha/ED,,,2026-10-07 02:07:11
2026-10-06,ED,"Consolidated Edison, Inc. (ED) Discusses Strategy for Clean Energy Transition and Infrastructure Investments Transcript",seekingalpha/ED,,,2026-10-07 02:07:11
2026-10-06,ETN,My Momentum Formulas Scream Sell Overvalued Eaton,seekingalpha/ETN,,,2026-10-07 02:07:11
2026-10-06,ETN,Stocks with the lowest short interest on Wall Street,seekingalpha/ETN,,,2026-10-07 02:07:11
2026-10-06,EXPE,Expedia: More Upside Than The Market Suggests,seekingalpha/EXPE,,,2026-10-07 02:07:11
2026-10-06,FDS,FactSet: Everything Hinges On AI Adaptation,seekingalpha/FDS,,,2026-10-07 02:07:11
2026-10-06,FDS,FactSet: The Story Is Getting Better Post-Earnings (Rating Upgrade),seekingalpha/FDS,,,2026-10-07 02:07:11
2026-10-06,FDX,FedEx Dataworks and Stripe partner to make funding more accessible to SMBs,seekingalpha/FDX,,,2026-10-07 02:07:11
2026-10-06,FISV,Burry flags six stocks as likely tax-loss sale candidates,seekingalpha/FISV,,,2026-10-07 02:07:11
2026-10-06,GD,"Anduril plans $3.7B Maryland shipyard, wins $2.9B Navy submarine contract",seekingalpha/GD,,,2026-10-07 02:07:11
2026-10-06,GILD,"Gilead: Buying Growth Isn't Free, And The Discounted Cash Flow Model Knows It",seekingalpha/GILD,,,2026-10-07 02:07:11
2026-10-06,GOOG,Anthropic says Claude now works with Google Workspace,seekingalpha/GOOG,,,2026-10-07 02:07:11
2026-10-06,GOOG,Constellation Energy's sweeping nuclear deal sparks rally in power sector stocks,seekingalpha/GOOG,,,2026-10-07 02:07:11
2026-10-06,GOOG,Google hit with £1.2B UK consumer claim over app prices,seekingalpha/GOOG,,,2026-10-07 02:07:11
2026-10-06,GOOG,Waymo to start offering driverless rides in Detroit,seekingalpha/GOOG,,,2026-10-07 02:07:11
2026-10-06,GOOGL,Anthropic says Claude now works with Google Workspace,seekingalpha/GOOGL,,,2026-10-07 02:07:11
2026-10-06,GOOGL,Constellation Energy's sweeping nuclear deal sparks rally in power sector stocks,seekingalpha/GOOGL,,,2026-10-07 02:07:11
2026-10-06,GOOGL,Google DeepMind launches multimodal AI model for on-device search,seekingalpha/GOOGL,,,2026-10-07 02:07:11
2026-10-06,GOOGL,Google hit with £1.2B UK consumer claim over app prices,seekingalpha/GOOGL,,,2026-10-07 02:07:11
2026-10-06,GOOGL,Stocks with the lowest short interest on Wall Street,seekingalpha/GOOGL,,,2026-10-07 02:07:11
2026-10-06,GS,"Wall Street profits could exceed $90B if rest of the year tracks, NY state comptroller says",seekingalpha/GS,,,2026-10-07 02:07:11
2026-10-06,HII,"Anduril plans $3.7B Maryland shipyard, wins $2.9B Navy submarine contract",seekingalpha/HII,,,2026-10-07 02:07:11
2026-10-06,ICE,"Crypto exchange OKX valued at $25B in funding round, including Circle, Stanchart",seekingalpha/ICE,,,2026-10-07 02:07:11
2026-10-06,INTC,"Agentic AI drives up CPU demand; Mizuho ups targets on AMD, Intel",seekingalpha/INTC,,,2026-10-07 02:07:11
2026-10-06,INTC,"Applied Materials, Intel deepen collaboration for AI chipmaking",seekingalpha/INTC,,,2026-10-07 02:07:11
2026-10-06,ISRG,"Intuitive Surgical: The Multiple Fell, The Story Didn't",seekingalpha/ISRG,,,2026-10-07 02:07:11
2026-10-06,JNJ,Johnson & Johnson: The Next Patent Cliff Will Test A Replacement Engine That It Is Already Working On,seekingalpha/JNJ,,,2026-10-07 02:07:11
2026-10-06,JPM,"JPMorgan Chase, Capital One, and RBC top AI banks index",seekingalpha/JPM,,,2026-10-07 02:07:11
2026-10-06,JPM,JPMorgan Chase: Expect Q3 Earnings To Reinforce Buy Thesis,seekingalpha/JPM,,,2026-10-07 02:07:11
2026-10-06,JPM,JPMorgan's Dimon: Anthropic's Mythos raised cybersecurity risks by about 10-fold,seekingalpha/JPM,,,2026-10-07 02:07:11
2026-10-06,JPM,"Wall Street profits could exceed $90B if rest of the year tracks, NY state comptroller says",seekingalpha/JPM,,,2026-10-07 02:07:11
2026-10-06,KDP,Keurig Dr Pepper has bold plans with its 2027 beverage lineup,seekingalpha/KDP,,,2026-10-07 02:07:11
2026-10-06,KHC,Kraft Mac & Cheese expands with a new Gen-Z inspired ramen version,seekingalpha/KHC,,,2026-10-07 02:07:11
2026-10-06,KHC,The Kraft Heinz Company shares snapped seven session losing streak,seekingalpha/KHC,,,2026-10-07 02:07:11
2026-10-06,KKR,KKR strikes $5.1B deal for fund administrator Gen II,seekingalpha/KKR,,,2026-10-07 02:07:11
2026-10-06,KMI,Kinder Morgan: Pipeline Cash Flow Still Supports The Yield,seekingalpha/KMI,,,2026-10-07 02:07:11
2026-10-06,LHX,NASA eyes bulk rocket purchases to support $30B moon base plan,seekingalpha/LHX,,,2026-10-07 02:07:11
2026-10-06,LLY,Eli Lilly's Breakout May Occur Soon - H2'26 Foundayo Tailwinds,seekingalpha/LLY,,,2026-10-07 02:07:11
2026-10-06,LLY,Eli Lilly-backed TRex Bio targets up to $133M in U.S. IPO,seekingalpha/LLY,,,2026-10-07 02:07:11
2026-10-06,LLY,"Eli Lilly: Impressive Growth, Questionable Valuation",seekingalpha/LLY,,,2026-10-07 02:07:11
2026-10-06,LMT,Lockheed Martin Q3 Earnings Preview: A Buy Despite Recent Pullback,seekingalpha/LMT,,,2026-10-08 02:34:29
2026-10-06,LMT,"Lockheed Martin, Northrop Grumman rated as Buy by Rothschild Redburn",seekingalpha/LMT,,,2026-10-07 02:07:11
2026-10-06,LMT,Lockheed Martin’s F-16 Block 72 for Morocco completes first flight,seekingalpha/LMT,,,2026-10-07 02:07:11
2026-10-06,LMT,NASA eyes bulk rocket purchases to support $30B moon base plan,seekingalpha/LMT,,,2026-10-07 02:07:11
2026-10-06,LOW,Lowe's shares snap six-day losing streak,seekingalpha/LOW,,,2026-10-07 02:07:11
2026-10-06,LULU,Burry flags six stocks as likely tax-loss sale candidates,seekingalpha/LULU,,,2026-10-07 02:07:11
2026-10-06,LULU,lululemon: 12 Stalled Apparel Brands Say The Margin Can Increase,seekingalpha/LULU,,,2026-10-07 02:07:11
2026-10-06,LYV,Live Nation proposes notes offering,seekingalpha/LYV,,,2026-10-07 02:07:11
2026-10-06,MCD,McDonald's franchisees push back on $800K remodeling costs -- Bloomberg,seekingalpha/MCD,,,2026-10-07 02:07:11
2026-10-06,MCD,McDonald's hit with lawsuit alleging AI pricing system violates antitrust laws,seekingalpha/MCD,,,2026-10-07 02:07:11
2026-10-06,MCK,"OPCH shares jump 34% as CD&R, McKesson agree to $5.8B takeover",seekingalpha/MCK,,,2026-10-07 02:07:11
2026-10-06,MET,Burry flags six stocks as likely tax-loss sale candidates,seekingalpha/MET,,,2026-10-07 02:07:11
2026-10-06,MET,MetLife declares $0.5925 dividend,seekingalpha/MET,,,2026-10-07 02:07:11
2026-10-06,MET,Stocks with the lowest short interest on Wall Street,seekingalpha/MET,,,2026-10-07 02:07:11
2026-10-06,META,Meta faces UK probe over Instagram Instants safety assessment,seekingalpha/META,,,2026-10-07 02:07:11
2026-10-06,META,Stocks with the lowest short interest on Wall Street,seekingalpha/META,,,2026-10-07 02:07:11
2026-10-06,MMM,Stocks with the lowest short interest on Wall Street,seekingalpha/MMM,,,2026-10-07 02:07:11
2026-10-06,MRK,Measles outbreak: New York declares disaster emergency as cases rise,seekingalpha/MRK,,,2026-10-07 02:07:11
2026-10-06,MRK,"State attorneys general sue RFK Jr., seeking to reinstate childhood vaccine schedule",seekingalpha/MRK,,,2026-10-07 02:07:11
2026-10-06,MRNA,"Novavax, Moderna cool as WHO downplays plague-related death in Russia",seekingalpha/MRNA,,,2026-10-07 02:07:11
2026-10-06,MRNA,"State attorneys general sue RFK Jr., seeking to reinstate childhood vaccine schedule",seekingalpha/MRNA,,,2026-10-07 02:07:11
2026-10-06,MRVL,"Marvell Technology, Inc. (MRVL) Analyst/Investor Day Transcript",seekingalpha/MRVL,,,2026-10-07 02:07:11
2026-10-06,MRVL,Marvell jumps after boosting guidance at investor day,seekingalpha/MRVL,,,2026-10-07 02:07:11
2026-10-06,MRVL,Marvell stock flirts with $300 barrier after investor-day guidance boost,seekingalpha/MRVL,,,2026-10-07 02:07:11
2026-10-06,MS,"JPMorgan Chase, Capital One, and RBC top AI banks index",seekingalpha/MS,,,2026-10-07 02:07:11
2026-10-06,MS,"Wall Street profits could exceed $90B if rest of the year tracks, NY state comptroller says",seekingalpha/MS,,,2026-10-07 02:07:11
2026-10-06,MSI,Stocks with the lowest short interest on Wall Street,seekingalpha/MSI,,,2026-10-07 02:07:11
2026-10-06,MU,Micron Q4 Blowout: Why The Memory Supercycle Still Has Runway,seekingalpha/MU,,,2026-10-07 02:07:11
2026-10-06,MU,"Micron Technology: Not At Its Peak, At Least Not Yet",seekingalpha/MU,,,2026-10-08 02:34:29
2026-10-06,MU,Micron: Memory Revenue Looks More Durable Than The Cycle Suggests,seekingalpha/MU,,,2026-10-07 02:07:11
2026-10-06,MU,Micron: The Market Still Doesn't Get It,seekingalpha/MU,,,2026-10-07 02:07:11
2026-10-06,MU,Micron: Tighter Market Conditions Through 2028 Mean This Is A Great Buy,seekingalpha/MU,,,2026-10-07 02:07:11
2026-10-06,MU,Micron: Wishful Thinking At Its Finest,seekingalpha/MU,,,2026-10-07 02:07:11
2026-10-06,MU,Netlist surges as Micron agrees to pay $600M for five-year license agreement,seekingalpha/MU,,,2026-10-07 02:07:11
2026-10-06,NKE,'The market structure has shifted irreversibly against Nike' — Berenberg,seekingalpha/NKE,,,2026-10-07 02:07:11
2026-10-06,NKE,"Market Breadth Perspective, And Avoid Nike After The Guidedown",seekingalpha/NKE,,,2026-10-07 02:07:11
2026-10-06,NKE,NIKE: Staying Away In 2027,seekingalpha/NKE,,,2026-10-07 02:07:11
2026-10-06,NKE,Nike: Caitlin Clark May Not Save Them; Shares Likely Heading Lower (Rating Downgrade),seekingalpha/NKE,,,2026-10-07 02:07:11
2026-10-06,NKE,"Nike: The Just Do It Investment, Shares Attractive",seekingalpha/NKE,,,2026-10-07 02:07:11
2026-10-06,NOC,"Lockheed Martin, Northrop Grumman rated as Buy by Rothschild Redburn",seekingalpha/NOC,,,2026-10-07 02:07:11
2026-10-06,NTRS,UBS to shed fund administration business acquired through Credit Suisse merger,seekingalpha/NTRS,,,2026-10-07 02:07:11
2026-10-06,NVDA,Nvidia-backed neocloud Lambda is raising $4B in final round before IPO - WSJ,seekingalpha/NVDA,,,2026-10-07 02:07:11
2026-10-06,NVDA,"Nvidia: Plenty Of Reasons To Worry, But The Stock Keeps Cooking",seekingalpha/NVDA,,,2026-10-07 02:07:11
2026-10-06,NVDA,Nvidia: Smart Money Is Pounding The Table,seekingalpha/NVDA,,,2026-10-07 02:07:11
2026-10-06,NVDA,Nvidia: The Capital Bottleneck Is Becoming A $6 Trillion Catalyst,seekingalpha/NVDA,,,2026-10-07 02:07:11
2026-10-06,NVDA,Nvidia’s new record high puts nearly 900 ETFs in the spotlight,seekingalpha/NVDA,,,2026-10-07 02:07:11
2026-10-06,NVDA,Stocks with the lowest short interest on Wall Street,seekingalpha/NVDA,,,2026-10-07 02:07:11
2026-10-06,NXPI,"NXP Semiconductors: Slightly Undervalued, But Not Cheap Enough To Buy",seekingalpha/NXPI,,,2026-10-07 02:07:11
2026-10-06,ORCL,"Oracle: OpenAI Is Back, But Wall Street Is Sleeping",seekingalpha/ORCL,,,2026-10-07 02:07:11
2026-10-06,ORCL,Stocks with the lowest short interest on Wall Street,seekingalpha/ORCL,,,2026-10-07 02:07:11
2026-10-06,PANW,"Palo Alto, Cloudflare, Netskope experience rising demand ahead of Q3 earnings: BTIG",seekingalpha/PANW,,,2026-10-07 02:07:11
2026-10-06,PEP,PepsiCo: Turnaround Accelerates Ahead Of Earnings (Preview),seekingalpha/PEP,,,2026-10-07 02:07:11
2026-10-06,PEP,Stocks with the lowest short interest on Wall Street,seekingalpha/PEP,,,2026-10-07 02:07:11
2026-10-06,PFE,Pfizer declares $0.43 dividend,seekingalpha/PFE,,,2026-10-07 02:07:11
2026-10-06,PFE,"State attorneys general sue RFK Jr., seeking to reinstate childhood vaccine schedule",seekingalpha/PFE,,,2026-10-07 02:07:11
2026-10-06,PG,"Evercore ISI upgrades Procter & Gamble, raises PT to $166",seekingalpha/PG,,,2026-10-07 02:07:11
2026-10-06,PLD,Stocks with the lowest short interest on Wall Street,seekingalpha/PLD,,,2026-10-07 02:07:11
2026-10-06,PLTR,Palantir: Bullish AI Case Has Never Looked More Exciting,seekingalpha/PLTR,,,2026-10-07 02:07:11
2026-10-06,PM,Philip Morris: A Rising Dividend And A Safe Harbor Ahead Of Q3,seekingalpha/PM,,,2026-10-07 02:07:11
2026-10-06,PM,"Philip Morris: Strong Growth, 9% Dividend Growth, And More Upside Potential",seekingalpha/PM,,,2026-10-07 02:07:11
2026-10-06,PNC,Stocks with the lowest short interest on Wall Street,seekingalpha/PNC,,,2026-10-07 02:07:11
2026-10-06,PTC,PTC Inc. (PTC) M&A Call Transcript,seekingalpha/PTC,,,2026-10-07 02:07:11
2026-10-06,PTC,"PTC Inc. (PTC) Schneider Electric S.E., - M&A Call - Slideshow",seekingalpha/PTC,,,2026-10-07 02:07:11
2026-10-06,REGN,Regeneron sees nearly $0.18 per share earnings headwind in Q3,seekingalpha/REGN,,,2026-10-07 02:07:11
2026-10-06,RTX,What's behind RTX stock's weak performance? Reasons here,seekingalpha/RTX,,,2026-10-07 02:07:11
2026-10-06,SBUX,Queso and coffee? Rumors of a Chipotle-Starbucks merger boost shares,seekingalpha/SBUX,,,2026-10-07 02:07:11
2026-10-06,SCHW,Charles Schwab agrees to sell self-directed IRA custodian unit to Alto,seekingalpha/SCHW,,,2026-10-07 02:07:11
2026-10-06,SMCI,"Agentic AI drives up CPU demand; Mizuho ups targets on AMD, Intel",seekingalpha/SMCI,,,2026-10-07 02:07:11
2026-10-06,SNDK,"Agentic AI drives up CPU demand; Mizuho ups targets on AMD, Intel",seekingalpha/SNDK,,,2026-10-07 02:07:11
2026-10-06,SNDK,Sandisk: Customer Money Is Keeping Pace With The Contract Boom,seekingalpha/SNDK,,,2026-10-07 02:07:11
2026-10-06,SNDK,"Sandisk: The Buyback Pays More Than My Base Case, Wait For A Better Entry Point",seekingalpha/SNDK,,,2026-10-08 02:34:29
2026-10-06,SPY,AI Stocks: Winter Is Coming,seekingalpha/SPY,,,2026-10-07 02:07:11
2026-10-06,SPY,"AI Trade Broadens, Again: Capital Stack Recycling (Video)",seekingalpha/SPY,,,2026-10-07 02:07:11
2026-10-06,SPY,Navigating Through An Increasingly Irrational Market,seekingalpha/SPY,,,2026-10-07 02:07:11
2026-10-06,SPY,SA analyst: Record highs defy warning signs in Treasury market,seekingalpha/SPY,,,2026-10-07 02:07:11
2026-10-06,SPY,Stocks Are Getting Cheaper Even As Indices Rally,seekingalpha/SPY,,,2026-10-07 02:07:11
2026-10-06,SPY,Weekly ETFs: Six of 11 sectors record inflows; Financial sector leads outflows,seekingalpha/SPY,,,2026-10-07 02:07:11
2026-10-06,STX,Seagate Technology falls 9% in sector-wide decline,seekingalpha/STX,,,2026-10-07 02:07:11
2026-10-06,STX,Seagate looking at acquiring TDK’s hard-drive unit: report,seekingalpha/STX,,,2026-10-07 02:07:11
2026-10-06,STZ,"Constellation Brands Non-GAAP EPS of $3.74 beats by $0.19, revenue of $2.63B beats by $90M",seekingalpha/STZ,,,2026-10-07 02:07:11
2026-10-06,STZ,"Constellation Brands misses FY27 outlook, acquires ready-to-drink SpikedAde",seekingalpha/STZ,,,2026-10-07 02:07:11
2026-10-06,STZ,Constellation Brands: Remain A Buy With A Compelling Valuation,seekingalpha/STZ,,,2026-10-08 02:34:29
2026-10-06,SYK,Stryker announces leadership changes,seekingalpha/SYK,,,2026-10-07 02:07:11
2026-10-06,T,"AT&T partners with BlackRock, CPP Investments on U.S. fiber joint venture",seekingalpha/T,,,2026-10-07 02:07:11
2026-10-06,T,AT&T: Mixed Signals And A Dividend That Is Not Attractive Enough,seekingalpha/T,,,2026-10-07 02:07:11
2026-10-06,T,"AT&T: Sub Growth Is Real, Despite Industry Threats, 10% FCF Yield",seekingalpha/T,,,2026-10-07 02:07:11
2026-10-06,T,Stocks with the lowest short interest on Wall Street,seekingalpha/T,,,2026-10-07 02:07:11
2026-10-06,TSLA,Stocks with the lowest short interest on Wall Street,seekingalpha/TSLA,,,2026-10-07 02:07:11
2026-10-06,TSLA,Tesla Cybercab: A Trillion-Dollar Business I'm Not Buying,seekingalpha/TSLA,,,2026-10-07 02:07:11
2026-10-06,TSLA,Tesla will show off the Cybercab at the Paris Motor Show ahead of a potential Europe launch,seekingalpha/TSLA,,,2026-10-07 02:07:11
2026-10-06,TSLA,Tesla: Margin Realism Meets Merger Speculation,seekingalpha/TSLA,,,2026-10-07 02:07:11
2026-10-06,UBER,Uber storms into catering with a $2.3B acquisition of ezCater,seekingalpha/UBER,,,2026-10-07 02:07:11
2026-10-06,UBER,Uber: Mispriced Growth Hiding In Plain Sight,seekingalpha/UBER,,,2026-10-07 02:07:11
2026-10-06,UNH,UnitedHealth: The Upside Is Gone,seekingalpha/UNH,,,2026-10-07 02:07:11
2026-10-06,V,Stocks with the lowest short interest on Wall Street,seekingalpha/V,,,2026-10-07 02:07:11
2026-10-06,V,Visa And Mastercard Are At Risk Of Being Disrupted. It's Time To Underweight Them.,seekingalpha/V,,,2026-10-07 02:07:11
2026-10-06,VICI,VICI Properties: A Buy Based On A Forensic Value Equation Deep Dive,seekingalpha/VICI,,,2026-10-07 02:07:11
2026-10-06,VOO,AI Stocks: Winter Is Coming,seekingalpha/VOO,,,2026-10-07 02:07:11
2026-10-06,VOO,"AI Trade Broadens, Again: Capital Stack Recycling (Video)",seekingalpha/VOO,,,2026-10-07 02:07:11
2026-10-06,VOO,Elevated Short Selling Points To Year-End Rally,seekingalpha/VOO,,,2026-10-07 02:07:11
2026-10-06,VOO,Navigating Through An Increasingly Irrational Market,seekingalpha/VOO,,,2026-10-07 02:07:11
2026-10-06,VOO,SA analyst: Record highs defy warning signs in Treasury market,seekingalpha/VOO,,,2026-10-07 02:07:11
2026-10-06,VOO,Stocks Are Getting Cheaper Even As Indices Rally,seekingalpha/VOO,,,2026-10-07 02:07:11
2026-10-06,VRT,Vertiv's Q3 Earnings Setup Unlocks Solid Upside (Preview),seekingalpha/VRT,,,2026-10-07 02:07:11
2026-10-06,VRT,Vertiv: How Much Longer Can Hyperscaler CapEx Support This Growth?,seekingalpha/VRT,,,2026-10-07 02:07:11
2026-10-06,VTI,Stocks Are Getting Cheaper Even As Indices Rally,seekingalpha/VTI,,,2026-10-07 02:07:11
2026-10-06,VTI,U.S. stocks close gap with ex-U.S. markets,seekingalpha/VTI,,,2026-10-07 02:07:11
2026-10-06,WAB,Wabtec Shows Few Signs Of A Slowdown In Earnings,seekingalpha/WAB,,,2026-10-07 02:07:11
2026-10-06,WBD,What investors need to know after the Paramount/Warner Bros. mega merger — update,seekingalpha/WBD,,,2026-10-07 02:07:11
2026-10-06,WEC,WEC Energy: Back On The Buy List Now (Rating Upgrade),seekingalpha/WEC,,,2026-10-07 02:07:11
2026-10-06,WFC,"JPMorgan Chase, Capital One, and RBC top AI banks index",seekingalpha/WFC,,,2026-10-07 02:07:11
2026-10-06,WMB,Stocks with the lowest short interest on Wall Street,seekingalpha/WMB,,,2026-10-07 02:07:11
2026-10-06,WMT,Stocks with the lowest short interest on Wall Street,seekingalpha/WMT,,,2026-10-07 02:07:11
2026-10-06,XEL,Xcel Energy to sell Michigan gas and electric operations,seekingalpha/XEL,,,2026-10-07 02:07:11
2026-10-06,XOM,Wall Street Breakfast Podcast: SCOTUS Weighs Oil Liability,seekingalpha/XOM,,,2026-10-07 02:07:11
2026-10-06,YUM,From the family table to the car cupholder: KFC's iconic bucket has a small option,seekingalpha/YUM,,,2026-10-07 02:07:11
2026-10-06,ZTS,Burry flags six stocks as likely tax-loss sale candidates,seekingalpha/ZTS,,,2026-10-07 02:07:11
2026-10-07,AAPL,Apple eyes Oct. 13 smart home push with LG-partnered devices: report,seekingalpha/AAPL,,,2026-10-08 02:34:29
2026-10-07,AAPL,"Dan Ives names Apple, Nvidia among top tech picks for 2027",seekingalpha/AAPL,,,2026-10-08 02:34:29
2026-10-07,ABT,"Stryker, Abbott among Overweight ideas as Barclays turns bullish on MedTech",seekingalpha/ABT,,,2026-10-08 02:34:29
2026-10-07,ACN,"Accenture: Q4 Shows AI Is Becoming A Tailwind, While Valuation Remains Attractive",seekingalpha/ACN,,,2026-10-08 02:34:29
2026-10-07,ADI,"Analog Devices, STMicro and TI seen as strongest analog performers: BofA",seekingalpha/ADI,,,2026-10-08 02:34:29
2026-10-07,AJG,Arthur J. Gallagher buys Ornella Underwriting,seekingalpha/AJG,,,2026-10-08 02:34:29
2026-10-07,AJG,Brown & Brown gets bullish rating as Oppenheimer starts coverage of P&C brokers,seekingalpha/AJG,,,2026-10-08 02:34:29
2026-10-07,AMD,AMD chief says company continues to explore partnership with Samsung: reports,seekingalpha/AMD,,,2026-10-08 02:34:29
2026-10-07,AMD,AMD: The Hidden Economics Of Winning AI Market Share,seekingalpha/AMD,,,2026-10-08 02:34:29
2026-10-07,AMZN,Amazon's Ring enters smart-lock market with hand-powered backup,seekingalpha/AMZN,,,2026-10-08 02:34:29
2026-10-07,AMZN,"Top 10 Q3 insider stock sellers led by Nvidia’s Stevens, Jeff Bezos",seekingalpha/AMZN,,,2026-10-08 02:34:29
2026-10-07,ANET,"Top 10 Q3 insider stock sellers led by Nvidia’s Stevens, Jeff Bezos",seekingalpha/ANET,,,2026-10-08 02:34:29
2026-10-07,APO,Apollo latest to submit non-binding bid for German energy firm Uniper - Reuters,seekingalpha/APO,,,2026-10-08 02:34:29
2026-10-07,APO,"SpaceX seeks $40B in Apollo-led deal to buy Nvidia chips, FT reports",seekingalpha/APO,,,2026-10-08 02:34:29
2026-10-07,AXP,American Express' Weakness Is Our Opportunity,seekingalpha/AXP,,,2026-10-08 02:34:29
2026-10-07,BAC,Bank of America: Fed Policy Shift Creates NII Upside (Rating Upgrade),seekingalpha/BAC,,,2026-10-08 02:34:29
2026-10-07,BBY,Best Buy Ads expands reach with LG TV advertising partnership,seekingalpha/BBY,,,2026-10-08 02:34:29
2026-10-07,BKNG,Booking Holdings' Priceline.com facing FTC action for third parties' deceptive practices,seekingalpha/BKNG,,,2026-10-08 02:34:29
2026-10-07,BLDR,RBC turns cautious on building products as housing recovery fades,seekingalpha/BLDR,,,2026-10-08 02:34:29
2026-10-07,BMY,"Bristol-Myers Squibb: Balanced Segment Growth, The Pullback Is An Opportunity",seekingalpha/BMY,,,2026-10-08 02:34:29
2026-10-07,BRO,Brown & Brown gets bullish rating as Oppenheimer starts coverage of P&C brokers,seekingalpha/BRO,,,2026-10-08 02:34:29
2026-10-07,BSX,"Boston Scientific names Joseph M. Fitzgerald COO, restructures into three reportable segments",seekingalpha/BSX,,,2026-10-08 02:34:29
2026-10-07,BX,Blackstone-backed AirTrunk boosts Japan investment with $1B data center project,seekingalpha/BX,,,2026-10-08 02:34:29
2026-10-07,CARR,Carrier Global declares $0.24 dividend,seekingalpha/CARR,,,2026-10-08 02:34:29
2026-10-07,CAT,"SA analyst upgrades/downgrades: NVDA, UNH, CLSK, CAT",seekingalpha/CAT,,,2026-10-08 02:34:29
2026-10-07,CF,CF Industries declares $0.60 dividend,seekingalpha/CF,,,2026-10-08 02:34:29
2026-10-07,CMCSA,Comcast: Separation Noise And Convergence Headwinds Trigger Inflation-Beating Dividend Yields,seekingalpha/CMCSA,,,2026-10-08 02:34:29
2026-10-07,CME,CME Group Heading Into Q3 With Solid Results But No Clear Re-Rating Catalyst,seekingalpha/CME,,,2026-10-08 02:34:29
2026-10-07,COST,Costco posts double-digit sales growth in September amid high gas prices,seekingalpha/COST,,,2026-10-08 02:34:29
2026-10-07,COST,"Stocks to watch on Wednesday after hours: APLD, LULU, COST",seekingalpha/COST,,,2026-10-08 02:34:29
2026-10-07,CRH,"CRH to buy aggregate operations in Denmark, Finland",seekingalpha/CRH,,,2026-10-08 02:34:29
2026-10-07,CRWD,"Dan Ives names Apple, Nvidia among top tech picks for 2027",seekingalpha/CRWD,,,2026-10-08 02:34:29
2026-10-07,CTAS,"UniFirst, Cintas filed substantial compliance with the FTC on Friday",seekingalpha/CTAS,,,2026-10-08 02:34:29
2026-10-07,CTVA,Corteva upgraded at KeyBanc after spinoff of Vylor,seekingalpha/CTVA,,,2026-10-08 02:34:29
2026-10-07,DE,"Deere, AGCO, CNH shares slide as U.S. regulators probe farm equipment market",seekingalpha/DE,,,2026-10-08 02:34:29
2026-10-07,DIS,Disney+ to stream ESPN’s first Super Bowl production in 2027,seekingalpha/DIS,,,2026-10-08 02:34:29
2026-10-07,DLR,Digital Realty prices €1B of guaranteed notes due 2036,seekingalpha/DLR,,,2026-10-08 02:34:29
2026-10-07,DUK,Duke Energy reaches settlement to enhance protections from data center costs,seekingalpha/DUK,,,2026-10-08 02:34:29
2026-10-07,EW,"Stryker, Abbott among Overweight ideas as Barclays turns bullish on MedTech",seekingalpha/EW,,,2026-10-08 02:34:29
2026-10-07,EXPD,"Expeditors International of Washington, Inc. (EXPD) Discusses Distribution Trends and Strategies for Unlocking Growth in Canada Transcript",seekingalpha/EXPD,,,2026-10-08 02:34:29
2026-10-07,EXPD,"Expeditors International of Washington, Inc. (EXPD) Incoterms Level Up: Managing Risk and Understanding Key Terms in Global Trade Transcript",seekingalpha/EXPD,,,2026-10-08 02:34:29
2026-10-07,FAST,Fastenal Q3 Preview: Expecting Operational Results To Justify Rich Valuation,seekingalpha/FAST,,,2026-10-08 02:34:29
2026-10-07,FERG,RBC turns cautious on building products as housing recovery fades,seekingalpha/FERG,,,2026-10-08 02:34:29
2026-10-07,FICO,"FICO to cut workforce by ~15% as part of restructuring, AI integration - report",seekingalpha/FICO,,,2026-10-08 02:34:29
2026-10-07,GD,General Dynamics names current president Deep as next CEO,seekingalpha/GD,,,2026-10-08 02:34:29
2026-10-07,GEHC,"Stryker, Abbott among Overweight ideas as Barclays turns bullish on MedTech",seekingalpha/GEHC,,,2026-10-08 02:34:29
2026-10-07,GLW,Corning declares $0.28 dividend,seekingalpha/GLW,,,2026-10-08 02:34:29
2026-10-07,GOOG,Alphabet Stock At 17x P/E: Don't Miss This GARP Pick,seekingalpha/GOOG,,,2026-10-08 02:34:29
2026-10-07,GOOG,Alphabet: Betting Big On The Frontier AI Labs,seekingalpha/GOOG,,,2026-10-08 02:34:29
2026-10-07,GOOG,"ChatGPT for Teens needs pause due to safety issues, says CSM; OpenAI contends study is flawed",seekingalpha/GOOG,,,2026-10-08 02:34:29
2026-10-07,GOOG,"ChatGPT, Gemini see daily active user increases as Meta's Muse nears 2M: BofA",seekingalpha/GOOG,,,2026-10-08 02:34:29
2026-10-07,GOOG,Finland orders Google to halt work on two data center projects,seekingalpha/GOOG,,,2026-10-08 02:34:29
2026-10-07,GOOG,Unity Software surges on Google AI gaming partnership,seekingalpha/GOOG,,,2026-10-08 02:34:29
2026-10-07,GOOGL,Alphabet Stock At 17x P/E: Don't Miss This GARP Pick,seekingalpha/GOOGL,,,2026-10-08 02:34:29
2026-10-07,GOOGL,Alphabet: Betting Big On The Frontier AI Labs,seekingalpha/GOOGL,,,2026-10-08 02:34:29
2026-10-07,GOOGL,"ChatGPT for Teens needs pause due to safety issues, says CSM; OpenAI contends study is flawed",seekingalpha/GOOGL,,,2026-10-08 02:34:29
2026-10-07,GOOGL,"ChatGPT, Gemini see daily active user increases as Meta's Muse nears 2M: BofA",seekingalpha/GOOGL,,,2026-10-08 02:34:29
2026-10-07,GOOGL,Finland orders Google to halt work on two data center projects,seekingalpha/GOOGL,,,2026-10-08 02:34:29
2026-10-07,GOOGL,Unity Software surges on Google AI gaming partnership,seekingalpha/GOOGL,,,2026-10-08 02:34:29
2026-10-07,GS,Goldman Sachs: Selloff Makes Stock A Value Play,seekingalpha/GS,,,2026-10-08 02:34:29
2026-10-07,HAS,Mattel gains on report Zuru may make takeover bid,seekingalpha/HAS,,,2026-10-08 02:34:29
2026-10-07,HIG,Hartford Insurance: Watch Value-Enhancing Capital Recycling And Shareholder Returns,seekingalpha/HIG,,,2026-10-08 02:34:29
2026-10-07,HOOD,Robinhood's first Bitcoin buy: $25M lands on balance sheet,seekingalpha/HOOD,,,2026-10-08 02:34:29
2026-10-07,HRL,Hormel Foods: A High-Yield Dividend King At A 13-Year Low,seekingalpha/HRL,,,2026-10-08 02:34:29
2026-10-07,HSY,Sugar prices are rising on weather-related shortage concerns,seekingalpha/HSY,,,2026-10-08 02:34:29
2026-10-07,HUM,Humana upgraded at Cantor on Medicare margin and STARS recovery,seekingalpha/HUM,,,2026-10-08 02:34:29
2026-10-07,IBM,IBM unveils SAP integration offering for midsize business modernization,seekingalpha/IBM,,,2026-10-08 02:34:29
2026-10-07,IBM,IBM: I'm Not Buying Ahead Of Earnings (Preview),seekingalpha/IBM,,,2026-10-08 02:34:29
2026-10-07,ICE,The Texas Stock Exchange Wants To Fight Wall Street,seekingalpha/ICE,,,2026-10-08 02:34:29
2026-10-07,INTC,Intel stays on Musk’s Terafab project despite TSM talks: CEO,seekingalpha/INTC,,,2026-10-08 02:34:29
2026-10-07,INTC,Intel: Manufacturing Reality Doesn't Match The Financial Models,seekingalpha/INTC,,,2026-10-08 02:34:29
2026-10-07,INTU,Intuit: AI-Driven Weakness Is Our Opportunity,seekingalpha/INTU,,,2026-10-08 02:34:29
2026-10-07,JNJ,Pharma lobby group sues Trump administration over MFN pricing,seekingalpha/JNJ,,,2026-10-08 02:34:29
2026-10-07,JPM,Chase offers payroll tools for small business banking customers,seekingalpha/JPM,,,2026-10-08 02:34:29
2026-10-07,JPM,JPMorgan Q3 Earnings Preview: Can Strong Banking Momentum Continue?,seekingalpha/JPM,,,2026-10-08 02:34:29
2026-10-07,LEN,"Lennar: Berkshire Owns 12%, And The Stock Trades At 0.83x Book",seekingalpha/LEN,,,2026-10-08 02:34:29
2026-10-07,LEN,Millrose Properties & Lennar: Investigating The 14% Yield,seekingalpha/LEN,,,2026-10-08 02:34:29
2026-10-07,LLY,Eli Lilly: Buy The GLP-1 Growth Premium,seekingalpha/LLY,,,2026-10-08 02:34:29
2026-10-07,LLY,Eli Lilly: Dominance Has A Price,seekingalpha/LLY,,,2026-10-08 02:34:29
2026-10-07,LLY,"Eli Lilly: Losing Weight, Gaining Expectations",seekingalpha/LLY,,,2026-10-08 02:34:29
2026-10-07,LLY,"Eli Lilly: Quiet Momentum Builds Into Q3 Earnings, But Watch The Chart Too",seekingalpha/LLY,,,2026-10-08 02:34:29
2026-10-07,LLY,GLP-1s sidelined in WHO’s first-ever guidelines targeting child obesity,seekingalpha/LLY,,,2026-10-08 02:34:29
2026-10-07,LLY,"Novo Nordisk Vs. Eli Lilly: Judged Against Big Pharma, Only One Needs A Premium",seekingalpha/LLY,,,2026-10-09 02:52:29
2026-10-07,LLY,Pharma lobby group sues Trump administration over MFN pricing,seekingalpha/LLY,,,2026-10-08 02:34:29
2026-10-07,LMT,UPS error routed sensitive F-35 parts through Hong Kong,seekingalpha/LMT,,,2026-10-08 02:34:29
2026-10-07,LULU,Lululemon announces new senior leadership structure,seekingalpha/LULU,,,2026-10-08 02:34:29
2026-10-07,LULU,"Stocks to watch on Wednesday after hours: APLD, LULU, COST",seekingalpha/LULU,,,2026-10-08 02:34:29
2026-10-07,MCD,McDonald's: The Chip Trade I Can Stomach,seekingalpha/MCD,,,2026-10-08 02:34:29
2026-10-07,MDLZ,Sugar prices are rising on weather-related shortage concerns,seekingalpha/MDLZ,,,2026-10-08 02:34:29
2026-10-07,META,"ChatGPT for Teens needs pause due to safety issues, says CSM; OpenAI contends study is flawed",seekingalpha/META,,,2026-10-08 02:34:29
2026-10-07,META,"ChatGPT, Gemini see daily active user increases as Meta's Muse nears 2M: BofA",seekingalpha/META,,,2026-10-08 02:34:29
2026-10-07,META,Inside Wall Street's $27B financing of Meta's Hyperion AI data center,seekingalpha/META,,,2026-10-08 02:34:29
2026-10-07,META,"Meta’s golden cross is back, and history likes what comes next",seekingalpha/META,,,2026-10-08 02:34:29
2026-10-07,META,The Social Reckoning puts Facebook controversies back on the big screen,seekingalpha/META,,,2026-10-08 02:34:29
2026-10-07,MO,Investors push into tobacco stocks amid interest rate anxiety,seekingalpha/MO,,,2026-10-08 02:34:29
2026-10-07,MRK,Merck’s injectable Keytruda barred in Europe as Halozyme wins injunction,seekingalpha/MRK,,,2026-10-08 02:34:29
2026-10-07,MRVL,"Marvell Projects $80 Billion In Revenue, But I'm Not Buying",seekingalpha/MRVL,,,2026-10-08 02:34:29
2026-10-07,MRVL,Marvell Technology gets praise from Wall Street after investor day,seekingalpha/MRVL,,,2026-10-08 02:34:29
2026-10-07,MRVL,"Marvell Technology, Inc. (MRVL) Analyst/Investor Day - Slideshow",seekingalpha/MRVL,,,2026-10-08 02:34:29
2026-10-07,MRVL,Marvell: This Is Not Empty Hype,seekingalpha/MRVL,,,2026-10-08 02:34:29
2026-10-07,MSFT,"Dan Ives names Apple, Nvidia among top tech picks for 2027",seekingalpha/MSFT,,,2026-10-08 02:34:29
2026-10-07,MSFT,Microsoft unveils new Surface laptops with Nvidia chips,seekingalpha/MSFT,,,2026-10-08 02:34:29
2026-10-07,MSFT,"OpenAI rolls out new interactive, visual features in GPT-6",seekingalpha/MSFT,,,2026-10-08 02:34:29
2026-10-07,MU,Micron Taiwan union authorizes strike over bonus dispute,seekingalpha/MU,,,2026-10-08 02:34:29
2026-10-07,MU,Micron target lifted to $3000 by DA Davidson on AI memory demand,seekingalpha/MU,,,2026-10-08 02:34:29
2026-10-07,MU,Micron: NAND Is Not One Market Anymore,seekingalpha/MU,,,2026-10-08 02:34:29
2026-10-07,MU,Micron: The Memory Cycle Is Approaching Its Peak,seekingalpha/MU,,,2026-10-08 02:34:29
2026-10-07,NDAQ,The Texas Stock Exchange Wants To Fight Wall Street,seekingalpha/NDAQ,,,2026-10-08 02:34:29
2026-10-07,NKE,Nike: A Three-Year Revenue Decline Is Signaling Many Structural Issues,seekingalpha/NKE,,,2026-10-08 02:34:29
2026-10-07,NTAP,NetApp in focus as Evercore upgrades on outlook,seekingalpha/NTAP,,,2026-10-08 02:34:29
2026-10-07,NVDA,"Dan Ives names Apple, Nvidia among top tech picks for 2027",seekingalpha/NVDA,,,2026-10-08 02:34:29
2026-10-07,NVDA,Microsoft unveils new Surface laptops with Nvidia chips,seekingalpha/NVDA,,,2026-10-08 02:34:29
2026-10-07,NVDA,"SA analyst upgrades/downgrades: NVDA, UNH, CLSK, CAT",seekingalpha/NVDA,,,2026-10-08 02:34:29
2026-10-07,NVDA,"SpaceX raising debt for Nvidia chips is 'smart, strategic move,' Yorkville Ives says",seekingalpha/NVDA,,,2026-10-08 02:34:29
2026-10-07,NVDA,"SpaceX seeks $40B in Apollo-led deal to buy Nvidia chips, FT reports",seekingalpha/NVDA,,,2026-10-08 02:34:29
2026-10-07,NVDA,"Top 10 Q3 insider stock sellers led by Nvidia’s Stevens, Jeff Bezos",seekingalpha/NVDA,,,2026-10-08 02:34:29
2026-10-07,O,Realty Income: Why I'm Back Buying At A 6% Yield,seekingalpha/O,,,2026-10-09 02:52:29
2026-10-07,ORCL,Oracle: Earnings Acceleration Is Now Kicking In,seekingalpha/ORCL,,,2026-10-08 02:34:29
2026-10-07,PCAR,"Paccar: The Truck Cycle May Be Turning, But The Market Needs Evidence Before Repricing",seekingalpha/PCAR,,,2026-10-08 02:34:29
2026-10-07,PEP,PepsiCo faces pressure to revive growth as US snacks struggle,seekingalpha/PEP,,,2026-10-08 02:34:29
2026-10-07,PFE,Pfizer’s Tukysa regimen approved in U.S. for front-line breast cancer,seekingalpha/PFE,,,2026-10-08 02:34:29
2026-10-07,PFE,Pharma lobby group sues Trump administration over MFN pricing,seekingalpha/PFE,,,2026-10-08 02:34:29
2026-10-07,PGR,"Progressive: AI Was Supposed To Break The Competitive Moat, But I Think It Has Reinforced It",seekingalpha/PGR,,,2026-10-08 02:34:29
2026-10-07,PLTR,"Dan Ives names Apple, Nvidia among top tech picks for 2027",seekingalpha/PLTR,,,2026-10-08 02:34:29
2026-10-07,PM,Investors push into tobacco stocks amid interest rate anxiety,seekingalpha/PM,,,2026-10-08 02:34:29
2026-10-07,PYPL,PayPal: Why I Still See A Buy After Stripe Walked Away,seekingalpha/PYPL,,,2026-10-08 02:34:29
2026-10-07,RDDT,Reddit: An Overlooked Powerhouse As User Growth Continues To Soar,seekingalpha/RDDT,,,2026-10-08 02:34:29
2026-10-07,SBUX,Starbucks raises quarterly dividend by 1.6% to  $0.63/share,seekingalpha/SBUX,,,2026-10-08 02:34:29
2026-10-07,SPGI,S&P Global: The Mobility Spin-Off Left A Better Business At A More Attractive Valuation,seekingalpha/SPGI,,,2026-10-09 02:52:29
2026-10-07,SPY,"Growth, AI capex support U.S. stocks despite higher yields: Wells Fargo",seekingalpha/SPY,,,2026-10-08 02:34:29
2026-10-07,SPY,Markets Turn Lower As Treasury Yields Hit 24-Year High,seekingalpha/SPY,,,2026-10-08 02:34:29
2026-10-07,SPY,S&P 500 Scaled New Highs - Now Tech Faces Its Rate Test,seekingalpha/SPY,,,2026-10-08 02:34:29
2026-10-07,SPY,SA analyst: S&P 500 shows resilience despite higher Treasury yields,seekingalpha/SPY,,,2026-10-08 02:34:29
2026-10-07,SPY,"Stocks at highs, junk bonds at lows: history says the next quarter lags",seekingalpha/SPY,,,2026-10-08 02:34:29
2026-10-07,SPY,UBS's basket of expensive stocks faces derating risks,seekingalpha/SPY,,,2026-10-08 02:34:29
2026-10-07,STZ,Beverage buzz: Constellation Brands makes an RTD play with the SpikedAde acquisition,seekingalpha/STZ,,,2026-10-08 02:34:29
2026-10-07,STZ,Constellation Brands declares $1.03 dividend,seekingalpha/STZ,,,2026-10-08 02:34:29
2026-10-07,STZ,"Constellation Brands, Inc. (STZ) Q2 2027 Earnings Call Transcript",seekingalpha/STZ,,,2026-10-08 02:34:29
2026-10-07,STZ,Constellation brands reiterates FY 2027 comparable EPS of $11.20-$11.90 as it targets the high end on sustained September trends,seekingalpha/STZ,,,2026-10-08 02:34:29
2026-10-07,STZ,Morgan Stanley flags 2H margin pressure after Constellation Brands’ Q2 beat,seekingalpha/STZ,,,2026-10-08 02:34:29
2026-10-07,SYK,"Stryker, Abbott among Overweight ideas as Barclays turns bullish on MedTech",seekingalpha/SYK,,,2026-10-08 02:34:29
2026-10-07,T,"AT&T: Growth Is Picking Up Into Q3, Yet The Shares Still Trade Too Cheaply",seekingalpha/T,,,2026-10-08 02:34:29
2026-10-07,TGT,Target turns to another fan favorite to boost sales,seekingalpha/TGT,,,2026-10-08 02:34:29
2026-10-07,TSLA,"Dan Ives names Apple, Nvidia among top tech picks for 2027",seekingalpha/TSLA,,,2026-10-08 02:34:29
2026-10-07,TSLA,Germany's transport minister throws support behind Tesla's FSD,seekingalpha/TSLA,,,2026-10-08 02:34:29
2026-10-07,TSLA,Intel stays on Musk’s Terafab project despite TSM talks: CEO,seekingalpha/TSLA,,,2026-10-08 02:34:29
2026-10-07,TSLA,"Musk says we will “build and run” Terafab, TSMC may sublease space",seekingalpha/TSLA,,,2026-10-08 02:34:29
2026-10-07,TSLA,"Tesla uses PR push and flawed safety data in EU FSD drive, Reuters reports",seekingalpha/TSLA,,,2026-10-08 02:34:29
2026-10-07,TT,Trane Technologies plc declares $1.05 dividend,seekingalpha/TT,,,2026-10-08 02:34:29
2026-10-07,TXN,"Analog Devices, STMicro and TI seen as strongest analog performers: BofA",seekingalpha/TXN,,,2026-10-08 02:34:29
2026-10-07,TXT,Textron: Balanced Aerospace And Defense Growth Backed By Record Backlog And Capital Discipline,seekingalpha/TXT,,,2026-10-08 02:34:29
2026-10-07,UBER,Uber: Unbeatable Bookings Momentum Defies The Market's Pessimism,seekingalpha/UBER,,,2026-10-08 02:34:29
2026-10-07,UNH,"SA analyst upgrades/downgrades: NVDA, UNH, CLSK, CAT",seekingalpha/UNH,,,2026-10-08 02:34:29
2026-10-07,UNH,UnitedHealth's Recovery Has One Weak Spot (Rating Downgrade),seekingalpha/UNH,,,2026-10-08 02:34:29
2026-10-07,UPS,UPS error routed sensitive F-35 parts through Hong Kong,seekingalpha/UPS,,,2026-10-08 02:34:29
2026-10-07,UPS,"UPS sets holiday hiring plans, introduces new features for shippers",seekingalpha/UPS,,,2026-10-08 02:34:29
2026-10-07,VICI,"VICI Properties: I've Seen This Story Before, Why I'm Buying The 8% Yield",seekingalpha/VICI,,,2026-10-08 02:34:29
2026-10-07,VICI,VICI Properties: Strong Buy Amid Overstated Risks - Rich Capital Appreciation And Dividends,seekingalpha/VICI,,,2026-10-08 02:34:29
2026-10-07,VLO,"Valero Energy: Strong Earnings, But The Stock Already Prices In A Strong Refining Cycle",seekingalpha/VLO,,,2026-10-08 02:34:29
2026-10-07,VOO,"Growth, AI capex support U.S. stocks despite higher yields: Wells Fargo",seekingalpha/VOO,,,2026-10-08 02:34:29
2026-10-07,VOO,Markets Turn Lower As Treasury Yields Hit 24-Year High,seekingalpha/VOO,,,2026-10-08 02:34:29
2026-10-07,VOO,Recession Warning: The Signals Are Lining Up,seekingalpha/VOO,,,2026-10-08 02:34:29
2026-10-07,VOO,S&P 500 Scaled New Highs - Now Tech Faces Its Rate Test,seekingalpha/VOO,,,2026-10-08 02:34:29
2026-10-07,VOO,SA analyst: S&P 500 shows resilience despite higher Treasury yields,seekingalpha/VOO,,,2026-10-08 02:34:29
2026-10-07,VOO,"Stocks at highs, junk bonds at lows: history says the next quarter lags",seekingalpha/VOO,,,2026-10-08 02:34:29
2026-10-07,VRT,"Vertiv Is Compounding Exactly As Expected, And That's The Problem",seekingalpha/VRT,,,2026-10-08 02:34:29
2026-10-07,VRT,"Vertiv: A Major AI Infrastructure Winner, But The Valuation Leaves Little Room For Error",seekingalpha/VRT,,,2026-10-08 02:34:29
2026-10-07,WBD,"David Ellison bets on technology, AI to transform Skydance post $110B Warner Bros. deal",seekingalpha/WBD,,,2026-10-08 02:34:29
2026-10-07,WBD,Skydance restructures WBD debt after completing acquisition,seekingalpha/WBD,,,2026-10-08 02:34:29
2026-10-07,WFC,"Wells Fargo faces probe over allegedly favoring Black, other minority homeownership - report",seekingalpha/WFC,,,2026-10-08 02:34:29
2026-10-07,WST,"West Pharma: Still A Buy, But Expectations Are Rising",seekingalpha/WST,,,2026-10-08 02:34:29
2026-10-07,WST,"West Pharmaceutical: Still A Buy, But Expectations Are Rising",seekingalpha/WST,,,2026-10-09 02:52:29
2026-10-07,XOM,Exxon hopes to repeat Guyana's oil boom offshore Trinidad and Tobago,seekingalpha/XOM,,,2026-10-08 02:34:29
2026-10-08,AAPL,Apple appoints new M&A chief under CEO Ternus: report,seekingalpha/AAPL,,,2026-10-09 02:52:29
2026-10-08,AAPL,"Apple gains share even as PC market slumps in Q3, IDC says",seekingalpha/AAPL,,,2026-10-09 02:52:29
2026-10-08,AAPL,Apple to hold smart-home theme event next week,seekingalpha/AAPL,,,2026-10-09 02:52:29
2026-10-08,AAPL,"Apple's AI strategy could add $75 per share to valuation, says Dan Ives",seekingalpha/AAPL,,,2026-10-09 02:52:29
2026-10-08,ABT,"Trump's top August trades include Meta, SpaceX, AT&T buys, among others",seekingalpha/ABT,,,2026-10-09 02:52:29
2026-10-08,ACN,"Accenture, Dell expand AI partnership with new business group",seekingalpha/ACN,,,2026-10-09 02:52:29
2026-10-08,ADBE,Adobe: AI Doesn't Have To Lose For The Stock To Win,seekingalpha/ADBE,,,2026-10-09 02:52:29
2026-10-08,ADBE,US suspends Microsoft and other tech firms from PERM as Vance calls out H-1B fraud,seekingalpha/ADBE,,,2026-10-09 02:52:29
2026-10-08,AMD,Trump administration to unveil $1B+ AI computing credits from AI firms for federal research: report,seekingalpha/AMD,,,2026-10-09 02:52:29
2026-10-08,AMZN,"Amazon confirms retail layoffs impacting under 1,000 corporate roles",seekingalpha/AMZN,,,2026-10-09 02:52:29
2026-10-08,AMZN,Amazon unveils new Alexa tablets with Google Play access,seekingalpha/AMZN,,,2026-10-09 02:52:29
2026-10-08,AMZN,It's Time To Overweight Amazon,seekingalpha/AMZN,,,2026-10-09 02:52:29
2026-10-08,AVGO,Broadcom Is Financing Its AI Moat,seekingalpha/AVGO,,,2026-10-09 02:52:29
2026-10-08,AVGO,Broadcom in talks for $50B+ financing deal to fund OpenAI's custom chips,seekingalpha/AVGO,,,2026-10-09 02:52:29
2026-10-08,AXP,American Express fined $350M for gaps in its anti-money-laundering controls,seekingalpha/AXP,,,2026-10-09 02:52:29
2026-10-08,BA,Leidos downgraded by J.P. Morgan as defense stocks face rocky earnings season,seekingalpha/BA,,,2026-10-09 02:52:29
2026-10-08,BLK,SEC warns investors on reporting obligations after 2021 climate push at Exxon,seekingalpha/BLK,,,2026-10-09 02:52:29
2026-10-08,BMY,Bristol Myers posts late-stage trial win for multiple myeloma therapy Zenbexus,seekingalpha/BMY,,,2026-10-09 02:52:29
2026-10-08,CME,CME Group's international ADV rises 22% in Q3,seekingalpha/CME,,,2026-10-09 02:52:29
2026-10-08,CMG,Analysts see a low probability of a Starbucks-Chipotle mashup,seekingalpha/CMG,,,2026-10-09 02:52:29
2026-10-08,CMG,Chipotle Mexican jumps on report Starbucks has explored takeover (update),seekingalpha/CMG,,,2026-10-09 02:52:29
2026-10-08,CMG,"SA Asks: Besides Starbucks, who else could make a bid for Chipotle?",seekingalpha/CMG,,,2026-10-09 02:52:29
2026-10-08,CMG,Venti M&A: A Starbucks-Chipotle deal would smash restaurant sector records,seekingalpha/CMG,,,2026-10-09 02:52:29
2026-10-08,CMG,Wall Street Lunch: Starbucks Puts Chipotle On Its Takeover Menu,seekingalpha/CMG,,,2026-10-09 02:52:29
2026-10-08,COIN,Coinbase to custody USDC as Samsung Wallet's default stablecoin,seekingalpha/COIN,,,2026-10-09 02:52:29
2026-10-08,COP,"Trump's top August trades include Meta, SpaceX, AT&T buys, among others",seekingalpha/COP,,,2026-10-09 02:52:29
2026-10-08,COST,Costco Wholesale Corporation (COST) Pre Recorded Sales/ Trading Statement Call Prepared Remarks Transcript,seekingalpha/COST,,,2026-10-09 02:52:29
2026-10-08,CPRT,Copart: Cyclical U.S. Weakness Masks Long-Term Growth And Valuation Upside,seekingalpha/CPRT,,,2026-10-09 02:52:29
2026-10-08,CRWD,CrowdStrike links South Korean bank hacks to China-based attacker using AI,seekingalpha/CRWD,,,2026-10-09 02:52:29
2026-10-08,CSX,CSX declares $0.14 dividend,seekingalpha/CSX,,,2026-10-09 02:52:29
2026-10-08,CTSH,US suspends Microsoft and other tech firms from PERM as Vance calls out H-1B fraud,seekingalpha/CTSH,,,2026-10-09 02:52:29
2026-10-08,CVS,Humana surges post-market on boost in 2027 Medicare Advantage Star Ratings,seekingalpha/CVS,,,2026-10-09 02:52:29
2026-10-08,CVX,"Trump's top August trades include Meta, SpaceX, AT&T buys, among others",seekingalpha/CVX,,,2026-10-09 02:52:29
2026-10-08,DAL,"Delta Air Lines Q3 setup: Revenue strength vs. EPS cuts, fuel costs",seekingalpha/DAL,,,2026-10-09 02:52:29
2026-10-08,DELL,"Accenture, Dell expand AI partnership with new business group",seekingalpha/DELL,,,2026-10-09 02:52:29
2026-10-08,DIS,Disney pitches Infinity Vision to movie studios -- Bloomberg,seekingalpha/DIS,,,2026-10-09 02:52:29
2026-10-08,DUK,"Duke Preferred A: Thanksgiving Is A Bit Early, Gobble Up This 6.6% Yield",seekingalpha/DUK,,,2026-10-09 02:52:29
2026-10-08,DVN,Crescent Energy to buy Devon Energy’s Eagle Ford assets in $4.2B deal,seekingalpha/DVN,,,2026-10-09 02:52:29
2026-10-08,EFX,Equifax Earnings Q3 Preview: Too Many Unknowns Regarding The Outlook,seekingalpha/EFX,,,2026-10-09 02:52:29
2026-10-08,EFX,Equifax introduces mortgage credit file supporting dual-score approach,seekingalpha/EFX,,,2026-10-09 02:52:29
2026-10-08,FISV,"Global Payments upgraded, Fiserv downgraded ahead of Q3 earnings release",seekingalpha/FISV,,,2026-10-09 02:52:29
2026-10-08,GD,"General Dynamics CEO transition could bring fresh approach, BNP Paribas says",seekingalpha/GD,,,2026-10-09 02:52:29
2026-10-08,GE,Leidos downgraded by J.P. Morgan as defense stocks face rocky earnings season,seekingalpha/GE,,,2026-10-09 02:52:29
2026-10-08,GNRC,"Generac shares rise to 3-mth high as KeyBanc, Piper Sandler see data center growth",seekingalpha/GNRC,,,2026-10-09 02:52:29
2026-10-08,GOOG,Alphabet's Google Cloud Strategy Is Entering A New Phase,seekingalpha/GOOG,,,2026-10-09 02:52:29
2026-10-08,GOOG,DeepMind spinout Isomorphic Labs in talks to raise funds at $40B–$50B valuation: report,seekingalpha/GOOG,,,2026-10-09 02:52:29
2026-10-08,GOOG,Google overtakes Anthropic in prediction markets to lead 2026 AI race,seekingalpha/GOOG,,,2026-10-09 02:52:29
2026-10-08,GOOG,Google reveals Gemini Agent ready to work for enterprises from single box prompt,seekingalpha/GOOG,,,2026-10-09 02:52:29
2026-10-08,GOOG,Google: Premium Valuation Leaves No Margin For Error (Rating Downgrade),seekingalpha/GOOG,,,2026-10-09 02:52:29
2026-10-08,GOOG,Waymo gets $5B in debt funding from outside lenders,seekingalpha/GOOG,,,2026-10-09 02:52:29
2026-10-08,GOOGL,Alphabet's Google Cloud Strategy Is Entering A New Phase,seekingalpha/GOOGL,,,2026-10-09 02:52:29
2026-10-08,GOOGL,Alphabet: Building The Thing That Could Replace It,seekingalpha/GOOGL,,,2026-10-09 02:52:29
2026-10-08,GOOGL,Google overtakes Anthropic in prediction markets to lead 2026 AI race,seekingalpha/GOOGL,,,2026-10-09 02:52:29
2026-10-08,GOOGL,Google reveals Gemini Agent ready to work for enterprises from single box prompt,seekingalpha/GOOGL,,,2026-10-09 02:52:29
2026-10-08,GOOGL,Google: Premium Valuation Leaves No Margin For Error (Rating Downgrade),seekingalpha/GOOGL,,,2026-10-09 02:52:29
2026-10-08,GOOGL,Waymo gets $5B in debt funding from outside lenders,seekingalpha/GOOGL,,,2026-10-09 02:52:29
2026-10-08,GPN,"Global Payments upgraded, Fiserv downgraded ahead of Q3 earnings release",seekingalpha/GPN,,,2026-10-09 02:52:29
2026-10-08,GS,Goldman nabs Buy rating at TD Cowen; Morgan Stanley on Hold; resumes U.S. large-cap banks,seekingalpha/GS,,,2026-10-09 02:52:29
2026-10-08,GS,Goldman's top execs poised to reap special $500M bonus - report,seekingalpha/GS,,,2026-10-09 02:52:29
2026-10-08,GS,"SK Hynix's Solidigm selects Goldman, Morgan Stanley to lead $100B US listing: report",seekingalpha/GS,,,2026-10-09 02:52:29
2026-10-08,HAS,Hasbro opens its new Montreal studio for game development,seekingalpha/HAS,,,2026-10-09 02:52:29
2026-10-08,HBAN,Goldman nabs Buy rating at TD Cowen; Morgan Stanley on Hold; resumes U.S. large-cap banks,seekingalpha/HBAN,,,2026-10-09 02:52:29
2026-10-08,HII,Leidos downgraded by J.P. Morgan as defense stocks face rocky earnings season,seekingalpha/HII,,,2026-10-09 02:52:29
2026-10-08,HONA,Leidos downgraded by J.P. Morgan as defense stocks face rocky earnings season,seekingalpha/HONA,,,2026-10-09 02:52:29
2026-10-08,HSIC,Henry Schein announces CFO role transition,seekingalpha/HSIC,,,2026-10-09 02:52:29
2026-10-08,HSY,Hershey: Chance To Buy A Premium Brand At A Discount,seekingalpha/HSY,,,2026-10-09 02:52:29
2026-10-08,HUM,Humana surges post-market on boost in 2027 Medicare Advantage Star Ratings,seekingalpha/HUM,,,2026-10-09 02:52:29
2026-10-08,HWM,Howmet Aerospace: Power Demand Set To Deliver Durable Growth Over The Coming Years,seekingalpha/HWM,,,2026-10-09 02:52:29
2026-10-08,HWM,Leidos downgraded by J.P. Morgan as defense stocks face rocky earnings season,seekingalpha/HWM,,,2026-10-09 02:52:29
2026-10-08,IBM,DARPA selects IBM and IonQ for next phase in development of fault-tolerant quantum computer,seekingalpha/IBM,,,2026-10-09 02:52:29
2026-10-08,INTC,Intel: Cheapest CPU Name In Sight,seekingalpha/INTC,,,2026-10-09 02:52:29
2026-10-08,JPM,JPMorgan shares enter technical correction after peak decline,seekingalpha/JPM,,,2026-10-09 02:52:29
2026-10-08,KMI,Kinder Morgan restores natural gas flows to Mexico after pipeline outage,seekingalpha/KMI,,,2026-10-09 02:52:29
2026-10-08,KO,Coca-Cola looking to sell Costa Coffee again - Semafor,seekingalpha/KO,,,2026-10-09 02:52:29
2026-10-08,KO,Coca-Cola: Reiterating 'Sell' Amid Insider Selling And Steep Valuation (Q3 Earnings Preview),seekingalpha/KO,,,2026-10-09 02:52:29
2026-10-08,LDOS,Leidos downgraded by J.P. Morgan as defense stocks face rocky earnings season,seekingalpha/LDOS,,,2026-10-09 02:52:29
2026-10-08,LHX,"L3Harris Technologies: Strong Order Growth, But Much Of The Potential Is Priced In",seekingalpha/LHX,,,2026-10-09 02:52:29
2026-10-08,LHX,L3Harris: An Attractive Entry Into The Global Rearmament Cycle (Rating Upgrade),seekingalpha/LHX,,,2026-10-09 02:52:29
2026-10-08,LITE,Lumentum: Conquering Connectivity Is Critical In Artificial Intelligence,seekingalpha/LITE,,,2026-10-09 02:52:29
2026-10-08,LMT,Leidos downgraded by J.P. Morgan as defense stocks face rocky earnings season,seekingalpha/LMT,,,2026-10-09 02:52:29
2026-10-08,LMT,Lockheed Martin: A Hefty Backlog And Other Encouraging Signs,seekingalpha/LMT,,,2026-10-09 02:52:29
2026-10-08,LMT,Lockheed Martin: Missile Growth And Margin Recovery Could Change The Earnings Story,seekingalpha/LMT,,,2026-10-09 02:52:29
2026-10-08,LMT,Wall Street Breakfast Podcast: F-35 Parts Go Off Radar,seekingalpha/LMT,,,2026-10-09 02:52:29
2026-10-08,LOW,Lowe's: Patience Can Be Rewarded With Environment Unlikely To Worsen (Upgrade),seekingalpha/LOW,,,2026-10-09 02:52:29
2026-10-08,LYV,Live Nation prices $730M and €600M senior notes due 2032,seekingalpha/LYV,,,2026-10-09 02:52:29
2026-10-08,MA,Credit card competition bill gets recent push from Trump - report,seekingalpha/MA,,,2026-10-09 02:52:29
2026-10-08,MA,"SoFi, Mastercard, Orbi team up on Mexico crypto-linked card",seekingalpha/MA,,,2026-10-09 02:52:29
2026-10-08,MCD,Hold the bot: Chick-fil-A bucks the restaurant AI ordering push,seekingalpha/MCD,,,2026-10-09 02:52:29
2026-10-08,MCD,McDonald's: Same-Store Sales Are An Overrated Metric (Upgrade),seekingalpha/MCD,,,2026-10-09 02:52:29
2026-10-08,META,3 Pillars Guiding Meta To $4 Trillion Market Cap,seekingalpha/META,,,2026-10-09 02:52:29
2026-10-08,META,"Trump's top August trades include Meta, SpaceX, AT&T buys, among others",seekingalpha/META,,,2026-10-09 02:52:29
2026-10-08,MRVL,Marvell Investor Day: Connectivity Lifts Outlook To $20 Billion,seekingalpha/MRVL,,,2026-10-09 02:52:29
2026-10-08,MRVL,Marvell Technology's AI Bet: Path To $90B In Revenue By 2031,seekingalpha/MRVL,,,2026-10-09 02:52:29
2026-10-08,MRVL,Marvell's Investor Day: $70-90B FY 2031 Sales Feels Like A Different Company,seekingalpha/MRVL,,,2026-10-09 02:52:29
2026-10-08,MRVL,Marvell: Investor Day Resets The AI Growth Story,seekingalpha/MRVL,,,2026-10-09 02:52:29
2026-10-08,MRVL,Marvell: The Easy Money Is Already Over (Downgrade),seekingalpha/MRVL,,,2026-10-09 02:52:29
2026-10-08,MRVL,Marvell: The Trillion-Dollar Math Comes With A Catch (Rating Downgrade),seekingalpha/MRVL,,,2026-10-09 02:52:29
2026-10-08,MS,Goldman nabs Buy rating at TD Cowen; Morgan Stanley on Hold; resumes U.S. large-cap banks,seekingalpha/MS,,,2026-10-09 02:52:29
2026-10-08,MS,"SK Hynix's Solidigm selects Goldman, Morgan Stanley to lead $100B US listing: report",seekingalpha/MS,,,2026-10-09 02:52:29
2026-10-08,MSFT,"JPM sees software rally extending, favors Microsoft, ServiceNow, Snowflake",seekingalpha/MSFT,,,2026-10-09 02:52:29
2026-10-08,MSFT,Microsoft And Nvidia Look To Reinvent The PC For The Agentic Era,seekingalpha/MSFT,,,2026-10-09 02:52:29
2026-10-08,MSFT,Microsoft Xbox broadens entertainment push with new XP division,seekingalpha/MSFT,,,2026-10-09 02:52:29
2026-10-08,MSFT,"Oracle, Microsoft shares decline as confusion over OpenAI's ARR reigns",seekingalpha/MSFT,,,2026-10-09 02:52:29
2026-10-08,MSFT,"Trump's top August trades include Meta, SpaceX, AT&T buys, among others",seekingalpha/MSFT,,,2026-10-09 02:52:29
2026-10-08,MSFT,US suspends Microsoft and other tech firms from PERM as Vance calls out H-1B fraud,seekingalpha/MSFT,,,2026-10-09 02:52:29
2026-10-08,MU,Micron: Analysts Are Too Low On 2029 And The Shares Deserve A Higher Multiple,seekingalpha/MU,,,2026-10-09 02:52:29
2026-10-08,MU,Micron: Strong Buy As Supply Sells Out And Catalysts Build,seekingalpha/MU,,,2026-10-09 02:52:29
2026-10-08,MU,Micron: The Party Is Coming To An End,seekingalpha/MU,,,2026-10-09 02:52:29
2026-10-08,MU,Micron: This Memory Cycle Could End Differently,seekingalpha/MU,,,2026-10-09 02:52:29
2026-10-08,NFLX,"Netflix Q3 Preview: Attractively Priced Streaming Giant, Shares A 'Buy'",seekingalpha/NFLX,,,2026-10-09 02:52:29
2026-10-08,NFLX,"Trump's top August trades include Meta, SpaceX, AT&T buys, among others",seekingalpha/NFLX,,,2026-10-09 02:52:29
2026-10-08,NKE,Nike Taught Me A Dividend Lesson And A China Lesson (Rating Downgrade),seekingalpha/NKE,,,2026-10-09 02:52:29
2026-10-08,NKE,Nike: Why Even An 80% Drawdown Doesn't Make This Iconic Brand A Buy,seekingalpha/NKE,,,2026-10-09 02:52:29
2026-10-08,NOC,"As War Fades Away, It's Time To Buy Defense Stocks - Starting With Northrop Grumman",seekingalpha/NOC,,,2026-10-09 02:52:29
2026-10-08,NOC,Leidos downgraded by J.P. Morgan as defense stocks face rocky earnings season,seekingalpha/NOC,,,2026-10-09 02:52:29
2026-10-08,NOW,"JPM sees software rally extending, favors Microsoft, ServiceNow, Snowflake",seekingalpha/NOW,,,2026-10-09 02:52:29
2026-10-08,NUE,Nucor plans $105M expansion of Indiana utility towers facility,seekingalpha/NUE,,,2026-10-09 02:52:29
2026-10-08,NVDA,Microsoft And Nvidia Look To Reinvent The PC For The Agentic Era,seekingalpha/NVDA,,,2026-10-09 02:52:29
2026-10-08,NVDA,"Nvidia committing $1B to boost AI, quantum, health in the US",seekingalpha/NVDA,,,2026-10-09 02:52:29
2026-10-08,NVDA,Nvidia-backed Firmus delaying planned Australia IPO - Bloomberg,seekingalpha/NVDA,,,2026-10-09 02:52:29
2026-10-08,NVDA,Nvidia: AI's Lender Of Last Resort,seekingalpha/NVDA,,,2026-10-09 02:52:29
2026-10-08,NVDA,Nvidia: Micron Just Gave It Away,seekingalpha/NVDA,,,2026-10-09 02:52:29
2026-10-08,NVDA,Nvidia: The Top AI Stock Is On Sale,seekingalpha/NVDA,,,2026-10-09 02:52:29
2026-10-08,NXPI,"NXP Semiconductor, Universal Display, Nova downgraded by Citi",seekingalpha/NXPI,,,2026-10-09 02:52:29
2026-10-08,ORCL,Oracle uses trucked natural gas to keep AI data centers on track: report,seekingalpha/ORCL,,,2026-10-09 02:52:29
2026-10-08,ORCL,"Oracle, Microsoft shares decline as confusion over OpenAI's ARR reigns",seekingalpha/ORCL,,,2026-10-09 02:52:29
2026-10-08,PAYX,"Paychex: Collect Dividends, And Total Returns From Employers",seekingalpha/PAYX,,,2026-10-09 02:52:29
2026-10-08,PEP,"Earnings Snapshot: PepsiCo beats Q3 estimates, raises revenue outlook while trimming core EPS growth target",seekingalpha/PEP,,,2026-10-09 02:52:29
2026-10-08,PEP,PepsiCo has a North America problem -- analysts,seekingalpha/PEP,,,2026-10-09 02:52:29
2026-10-08,PEP,PepsiCo in Charts: LatAm Foods & Asia Pacific continue to fuel global momentum in Q3,seekingalpha/PEP,,,2026-10-09 02:52:29
2026-10-08,PEP,PepsiCo sees stronger results globally than in North America,seekingalpha/PEP,,,2026-10-09 02:52:29
2026-10-08,PEP,PepsiCo signals international at 45% of profit year-to-date while cutting costs to fund North America turnaround,seekingalpha/PEP,,,2026-10-09 02:52:29
2026-10-08,PEP,"PepsiCo, Inc. (PEP) Q3 2026 Earnings Call Transcript",seekingalpha/PEP,,,2026-10-09 02:52:29
2026-10-08,PFE,"Pfizer to close penicillin unit, cut around 330 jobs in Italy",seekingalpha/PFE,,,2026-10-09 02:52:29
2026-10-08,PLTR,Palantir in focus as Goldman Sachs upgrades on recent underperformance,seekingalpha/PLTR,,,2026-10-09 02:52:29
2026-10-08,PLTR,Palantir: Why The Upgrades Keep Coming Ahead Of The Q3 Earnings Report,seekingalpha/PLTR,,,2026-10-09 02:52:29
2026-10-08,PSX,Phillips 66 shares advanced for seven consecutive sessions,seekingalpha/PSX,,,2026-10-09 02:52:29
2026-10-08,PSX,"Refiners Phillips 66, Delek, Par Pacific cut at Mizuho after more than doubling YTD",seekingalpha/PSX,,,2026-10-09 02:52:29
2026-10-08,RCL,Royal Caribbean a standout within an already buoyant industry -- Jefferies,seekingalpha/RCL,,,2026-10-09 02:52:29
2026-10-08,RTX,RTX wins up to $6.34B deal for Standard Missile-3 production,seekingalpha/RTX,,,2026-10-09 02:52:29
2026-10-08,SBUX,Analysts see a low probability of a Starbucks-Chipotle mashup,seekingalpha/SBUX,,,2026-10-09 02:52:29
2026-10-08,SBUX,Chipotle Mexican jumps on report Starbucks has explored takeover (update),seekingalpha/SBUX,,,2026-10-09 02:52:29
2026-10-08,SBUX,Venti M&A: A Starbucks-Chipotle deal would smash restaurant sector records,seekingalpha/SBUX,,,2026-10-09 02:52:29
2026-10-08,SBUX,Wall Street Lunch: Starbucks Puts Chipotle On Its Takeover Menu,seekingalpha/SBUX,,,2026-10-09 02:52:29
2026-10-08,SHW,Sherwin-Williams: Recovery Is Already Priced In,seekingalpha/SHW,,,2026-10-09 02:52:29
2026-10-08,SNPS,Synopsys plans to explore working with Chinese AI labs on chip design tech: report,seekingalpha/SNPS,,,2026-10-09 02:52:29
2026-10-08,SNPS,"Synopsys: A Low-Risk, High-Reward Play On The AI Chip Design Market",seekingalpha/SNPS,,,2026-10-09 02:52:29
2026-10-08,SPY,AI: More Off-Balance Sheet Shenanigans,seekingalpha/SPY,,,2026-10-09 02:52:29
2026-10-08,SPY,JPMorgan’s AI basket represents 49% of the S&P 500,seekingalpha/SPY,,,2026-10-09 02:52:29
2026-10-08,SPY,The 10-Year Treasury Yield May Be About To Hit 6%,seekingalpha/SPY,,,2026-10-09 02:52:29
2026-10-08,SPY,The Stock Market Has A 5% Problem,seekingalpha/SPY,,,2026-10-09 02:52:29
2026-10-08,SPY,"U.S. Troops Are Positioned, And The Oil Price Knows It",seekingalpha/SPY,,,2026-10-09 02:52:29
2026-10-08,SPY,Yield retreat sets up extended rotation in cyclical value: SA analyst,seekingalpha/SPY,,,2026-10-09 02:52:29
2026-10-08,STT,Goldman nabs Buy rating at TD Cowen; Morgan Stanley on Hold; resumes U.S. large-cap banks,seekingalpha/STT,,,2026-10-09 02:52:29
2026-10-08,STT,SEC warns investors on reporting obligations after 2021 climate push at Exxon,seekingalpha/STT,,,2026-10-09 02:52:29
2026-10-08,SWK,Stanley Black & Decker: The Macro Headwinds Are Getting Stronger And Stronger,seekingalpha/SWK,,,2026-10-09 02:52:29
2026-10-08,T,"Trump's top August trades include Meta, SpaceX, AT&T buys, among others",seekingalpha/T,,,2026-10-09 02:52:29
2026-10-08,TDG,Leidos downgraded by J.P. Morgan as defense stocks face rocky earnings season,seekingalpha/TDG,,,2026-10-09 02:52:29
2026-10-08,UAL,United Airlines: The Delta Air Lines WiFi Gift,seekingalpha/UAL,,,2026-10-09 02:52:29
2026-10-08,UBER,Uber Eats adds Sur la table to the menu,seekingalpha/UBER,,,2026-10-09 02:52:29
2026-10-08,UPS,Wall Street Breakfast Podcast: F-35 Parts Go Off Radar,seekingalpha/UPS,,,2026-10-09 02:52:29
2026-10-08,V,Credit card competition bill gets recent push from Trump - report,seekingalpha/V,,,2026-10-09 02:52:29
2026-10-08,VLO,"Valero's Exceptional, Unwarranted Profitability Comes To An End",seekingalpha/VLO,,,2026-10-09 02:52:29
2026-10-08,VOO,"2026 U.S. Midterm Elections: What To Buy, What To Avoid",seekingalpha/VOO,,,2026-10-09 02:52:29
2026-10-08,VOO,Is The AI Bubble Really About To Burst?,seekingalpha/VOO,,,2026-10-09 02:52:29
2026-10-08,VOO,JPMorgan’s AI basket represents 49% of the S&P 500,seekingalpha/VOO,,,2026-10-09 02:52:29
2026-10-08,VOO,The 10-Year Treasury Yield May Be About To Hit 6%,seekingalpha/VOO,,,2026-10-09 02:52:29
2026-10-08,VOO,The Stock Market Has A 5% Problem,seekingalpha/VOO,,,2026-10-09 02:52:29
2026-10-08,VOO,"U.S. Troops Are Positioned, And The Oil Price Knows It",seekingalpha/VOO,,,2026-10-09 02:52:29
2026-10-08,VTRS,Viatris to buy Pacira BioSciences in $1.65B deal,seekingalpha/VTRS,,,2026-10-09 02:52:29
2026-10-08,WFC,Goldman nabs Buy rating at TD Cowen; Morgan Stanley on Hold; resumes U.S. large-cap banks,seekingalpha/WFC,,,2026-10-09 02:52:29
2026-10-08,WMT,Walmart opens next-generation fulfillment center in California,seekingalpha/WMT,,,2026-10-09 02:52:29
2026-10-08,WST,West Pharmaceutical Services Needs Faster Earnings Growth To Justify Its Price,seekingalpha/WST,,,2026-10-09 02:52:29
2026-10-08,XOM,SEC warns investors on reporting obligations after 2021 climate push at Exxon,seekingalpha/XOM,,,2026-10-09 02:52:29
2026-10-08,XYZ,FTC probes Block after complaints of frozen accounts,seekingalpha/XYZ,,,2026-10-09 02:52:29
2026-10-08,YUM,Hold the bot: Chick-fil-A bucks the restaurant AI ordering push,seekingalpha/YUM,,,2026-10-09 02:52:29
2026-10-08,ZTS,Zoetis declares $0.53 dividend,seekingalpha/ZTS,,,2026-10-09 02:52:29
2026-10-09,AAPL,Apple cuts iPhone 18 Pro component orders by ~15% on chip costs: report,seekingalpha/AAPL,,,2026-10-10 02:13:00
2026-10-09,AAPL,"Apple set to unveil touchscreen MacBook, new iPad mini soon: report",seekingalpha/AAPL,,,2026-10-10 02:13:00
2026-10-09,AAPL,Apple: From 14x To 38x; Valuation Has Come A Long Way (Initiating Sell),seekingalpha/AAPL,,,2026-10-10 02:13:00
2026-10-09,AAPL,"Catalyst watch: Big bank earnings, CPI, and the Paris Auto Show",seekingalpha/AAPL,,,2026-10-10 02:13:00
2026-10-09,ABBV,"Dividend Roundup: Starbucks, Pfizer, Micron, AbbVie, and more",seekingalpha/ABBV,,,2026-10-10 02:13:00
2026-10-09,ACN,"Catalyst watch: Big bank earnings, CPI, and the Paris Auto Show",seekingalpha/ACN,,,2026-10-10 02:13:00
2026-10-09,ADBE,Adobe: The Current Price Implies 3% Growth Through FY 2030,seekingalpha/ADBE,,,2026-10-10 02:13:00
2026-10-09,ADBE,"India pushes back after U.S. bars Microsoft, Indian firms from Visa program",seekingalpha/ADBE,,,2026-10-10 02:13:00
2026-10-09,ADSK,Semiconductor stocks lead Nasdaq's weekly decliners amid wider hit on AI trade,seekingalpha/ADSK,,,2026-10-10 02:13:00
2026-10-09,AMD,AMD: The Market Is Not Ready For The Huge Margin Upside,seekingalpha/AMD,,,2026-10-10 02:13:00
2026-10-09,AMD,AMD: Too Expensive To Be Worth It Despite Unique Position As CPU Leader,seekingalpha/AMD,,,2026-10-10 02:13:00
2026-10-09,AMT,Telecom tower REIT stocks jump after SpaceX-Grain Management spectrum deal,seekingalpha/AMT,,,2026-10-10 02:13:00
2026-10-09,APP,AppLovin: Why I'm Upgrading To Buy Following The Recent Pullback,seekingalpha/APP,,,2026-10-10 02:13:00
2026-10-09,AVGO,"Broadcom: Anthropic Financing Risk Is Priced Too High, Buy",seekingalpha/AVGO,,,2026-10-10 02:13:00
2026-10-09,AVGO,Broadcom: The Market Is Likely Looking At OpenAI/Anthropic All Wrong,seekingalpha/AVGO,,,2026-10-10 02:13:00
2026-10-09,AXP,"BMO Capital initiates coverage of American Express, Capital One, Synchrony",seekingalpha/AXP,,,2026-10-10 02:13:00
2026-10-09,BA,"Aerospace and defense stocks offer opportunity, Barclays says in launching coverage",seekingalpha/BA,,,2026-10-10 02:13:00
2026-10-09,BA,"Avolon orders 140 jets from Boeing, 110 from Airbus with option for more",seekingalpha/BA,,,2026-10-10 02:13:00
2026-10-09,BA,NASA seeks commercial space station proposals,seekingalpha/BA,,,2026-10-10 02:13:00
2026-10-09,BA,"Southwest leans toward Boeing 787 for long-haul flights, Reuters reports",seekingalpha/BA,,,2026-10-10 02:13:00
2026-10-09,BAC,Goldman Sachs expected to lead Wall Street's $19B trading revenue in Q3 - report,seekingalpha/BAC,,,2026-10-10 02:13:00
2026-10-09,BAC,"JPMorgan, Citigroup, And Bank Of America Earnings Previews: Eventually A Return To More Normal Growth",seekingalpha/BAC,,,2026-10-10 02:13:00
2026-10-09,BRK.B,Berkshire Hathaway advanced for seven consecutive sessions,seekingalpha/BRK.B,,,2026-10-10 02:13:00
2026-10-09,BRO,Marcus & Millichap expands Brown & Brown partnership into Canada,seekingalpha/BRO,,,2026-10-10 02:13:00
2026-10-09,C,"JPMorgan, Citigroup, And Bank Of America Earnings Previews: Eventually A Return To More Normal Growth",seekingalpha/C,,,2026-10-10 02:13:00
2026-10-09,CBOE,Cboe Global double upgraded at Morgan Stanley; Gemini Space Station downgraded,seekingalpha/CBOE,,,2026-10-10 02:13:00
2026-10-09,CCI,"Crown Castle jumps 16% amid heavy trading, sector gains",seekingalpha/CCI,,,2026-10-10 02:13:00
2026-10-09,CCI,Telecom tower REIT stocks jump after SpaceX-Grain Management spectrum deal,seekingalpha/CCI,,,2026-10-10 02:13:00
2026-10-09,CEG,Semiconductor stocks lead Nasdaq's weekly decliners amid wider hit on AI trade,seekingalpha/CEG,,,2026-10-10 02:13:00
2026-10-09,CINF,Cincinnati Financial: Too Much Exposure To The Stock Market,seekingalpha/CINF,,,2026-10-10 02:13:00
2026-10-09,CMG,Recalls and outbreaks: Confidence in food safety at new low,seekingalpha/CMG,,,2026-10-10 02:13:00
2026-10-09,COF,"BMO Capital initiates coverage of American Express, Capital One, Synchrony",seekingalpha/COF,,,2026-10-10 02:13:00
2026-10-09,COHR,"LITE, COHR, AAOI surge as Lumentum CEO says AI parts sold out through early 2029",seekingalpha/COHR,,,2026-10-10 02:13:00
2026-10-09,COST,Costco closes nearly flat despite September sales growth,seekingalpha/COST,,,2026-10-10 02:13:00
2026-10-09,CPRT,"CCC Intelligent Solutions jumps on report GTCR, Elliott near takeover",seekingalpha/CPRT,,,2026-10-10 02:13:00
2026-10-09,CRWD,The emerging threat landscape for agentic AI in cybersecurity,seekingalpha/CRWD,,,2026-10-10 02:13:00
2026-10-09,CTSH,"India pushes back after U.S. bars Microsoft, Indian firms from Visa program",seekingalpha/CTSH,,,2026-10-10 02:13:00
2026-10-09,CTVA,Corteva: A 'Buy' On Constructive Growth And Margin Outlook,seekingalpha/CTVA,,,2026-10-10 02:13:00
2026-10-09,DAL,"Delta Air Lines Non-GAAP EPS of $1.72 misses by $0.04, revenue of $20.2B beats by $1.28B",seekingalpha/DAL,,,2026-10-10 02:13:00
2026-10-09,DAL,Delta Air Lines in charts: Non-fuel CASM ticks up as fuel costs surge,seekingalpha/DAL,,,2026-10-10 02:13:00
2026-10-09,DAL,"Delta Air Lines, Inc. (DAL) Q3 2026 Earnings Call Transcript",seekingalpha/DAL,,,2026-10-10 02:13:00
2026-10-09,DAL,Delta expects $5.10-$5.60 EPS and ~$2.5B free cash flow for 2026 amid projected $4.25 fuel,seekingalpha/DAL,,,2026-10-10 02:13:00
2026-10-09,DAL,Delta falls as higher fuel costs pressure margins; outlook misses,seekingalpha/DAL,,,2026-10-10 02:13:00
2026-10-09,DAL,Earnings Snapshot: Delta sees Q4 revenue up ~20% despite soft EPS outlook; record Q3 sales,seekingalpha/DAL,,,2026-10-10 02:13:00
2026-10-09,DD,"DuPont, Illinois Tool Works cut to Neutral at J.P. Morgan on downside short-cycle trends",seekingalpha/DD,,,2026-10-10 02:13:00
2026-10-09,DECK,Deckers: A 9% Earnings Yield With Q2 Approaching,seekingalpha/DECK,,,2026-10-10 02:13:00
2026-10-09,DG,Dollar General: The Instacart Deal Could Unleash The Massive Value Hiding In Plain Sight,seekingalpha/DG,,,2026-10-10 02:13:00
2026-10-09,DVA,"DaVita: After A 25% Drop, The Buyback Machine Is Cheap Again",seekingalpha/DVA,,,2026-10-10 02:13:00
2026-10-09,FTV,Fortive Corporation: I Want To See Much Better Growth In Revenues And Margins,seekingalpha/FTV,,,2026-10-10 02:13:00
2026-10-09,GDDY,"GoDaddy: The AI Transition Is Messy, But I'm Still Buying",seekingalpha/GDDY,,,2026-10-10 02:13:00
2026-10-09,GEHC,GE HealthCare: M&A And Execution To Drive A Value Re-Rating,seekingalpha/GEHC,,,2026-10-10 02:13:00
2026-10-09,GOOG,Alphabet: A 'Strong Buy' Due To Its AI Compute Scale,seekingalpha/GOOG,,,2026-10-10 02:13:00
2026-10-09,GOOGL,Alphabet: A 'Strong Buy' Due To Its AI Compute Scale,seekingalpha/GOOGL,,,2026-10-10 02:13:00
2026-10-09,GS,Goldman Sachs expected to lead Wall Street's $19B trading revenue in Q3 - report,seekingalpha/GS,,,2026-10-10 02:13:00
2026-10-09,HD,Home Depot: A Sleeping Giant Waiting On Mortgage Rates,seekingalpha/HD,,,2026-10-10 02:13:00
2026-10-09,HUM,"Humana Surges On 2027 CMS Ratings, Technical Breakout, Shares Fairly Priced",seekingalpha/HUM,,,2026-10-10 02:13:00
2026-10-09,HUM,Humana advances 12% on Medicare Advantage star ratings,seekingalpha/HUM,,,2026-10-10 02:13:00
2026-10-09,IBKR,"Interactive Brokers: Q3 Should Be Fine, That's The Problem",seekingalpha/IBKR,,,2026-10-10 02:13:00
2026-10-09,IBM,IBM in spotlight as Truist starts with Hold rating,seekingalpha/IBM,,,2026-10-10 02:13:00
2026-10-09,INTC,Intel Has A $100 Billion Problem,seekingalpha/INTC,,,2026-10-10 02:13:00
2026-10-09,INTC,"Intel: The Turnaround Is Real, But Valuation Leaves Little Margin For Error",seekingalpha/INTC,,,2026-10-10 02:13:00
2026-10-09,INTC,Semiconductor stocks lead Nasdaq's weekly decliners amid wider hit on AI trade,seekingalpha/INTC,,,2026-10-10 02:13:00
2026-10-09,ITW,"DuPont, Illinois Tool Works cut to Neutral at J.P. Morgan on downside short-cycle trends",seekingalpha/ITW,,,2026-10-10 02:13:00
2026-10-09,IVZ,"Invesco AUM falls in September on market losses, outflows",seekingalpha/IVZ,,,2026-10-10 02:13:00
2026-10-09,IVZ,Invesco: A Growing Asset Manager Priced Like A Shrinking One,seekingalpha/IVZ,,,2026-10-10 02:13:00
2026-10-09,JKHY,Jack Henry & Associates upgraded to Buy equivalent at Piper Sandler on improved risk-reward,seekingalpha/JKHY,,,2026-10-10 02:13:00
2026-10-09,JNJ,Johnson & Johnson says long-term data boosts Icotyde for plaque psoriasis,seekingalpha/JNJ,,,2026-10-10 02:13:00
2026-10-09,JPM,Goldman Sachs expected to lead Wall Street's $19B trading revenue in Q3 - report,seekingalpha/JPM,,,2026-10-10 02:13:00
2026-10-09,JPM,"JPMorgan, Citigroup, And Bank Of America Earnings Previews: Eventually A Return To More Normal Growth",seekingalpha/JPM,,,2026-10-10 02:13:00
2026-10-09,JPM,JPMorgan: Earnings Tell Half The Story,seekingalpha/JPM,,,2026-10-10 02:13:00
2026-10-09,KO,Coca-Cola Is The Ultimate Compounder: Why I'm Continuing To Consume It,seekingalpha/KO,,,2026-10-10 02:13:00
2026-10-09,LHX,NASA seeks commercial space station proposals,seekingalpha/LHX,,,2026-10-10 02:13:00
2026-10-09,LITE,"LITE, COHR, AAOI surge as Lumentum CEO says AI parts sold out through early 2029",seekingalpha/LITE,,,2026-10-10 02:13:00
2026-10-09,LITE,Lumentum: At The Point Of A Potential Upside Breakout,seekingalpha/LITE,,,2026-10-10 02:13:00
2026-10-09,LLY,"Combining Eli Lilly's Taltz with Zepbound could enhance psoriasis, metabolic benefits",seekingalpha/LLY,,,2026-10-10 02:13:00
2026-10-09,LLY,Eli Lilly-backed TRexBio prices $117M US IPO at $14 per share,seekingalpha/LLY,,,2026-10-10 02:13:00
2026-10-09,LLY,Eli Lilly: Weight-Loss Money Machine Isn't Slowing Down,seekingalpha/LLY,,,2026-10-10 02:13:00
2026-10-09,LMT,"Aerospace and defense stocks offer opportunity, Barclays says in launching coverage",seekingalpha/LMT,,,2026-10-10 02:13:00
2026-10-09,LMT,"Lockheed Martin: Strong Buy, But Not For The Obvious Reasons",seekingalpha/LMT,,,2026-10-10 02:13:00
2026-10-09,LMT,Lockheed unveils next-gen Patriot interceptor to defend against hypersonic threats,seekingalpha/LMT,,,2026-10-10 02:13:00
2026-10-09,LMT,NASA seeks commercial space station proposals,seekingalpha/LMT,,,2026-10-10 02:13:00
2026-10-09,LOW,Lowe's: The Weak Housing Market Offers An Attractive Entry Point,seekingalpha/LOW,,,2026-10-10 02:13:00
2026-10-09,LOW,Now Is Not The Right Time To Buy Lowe's,seekingalpha/LOW,,,2026-10-10 02:13:00
2026-10-09,LULU,lululemon athletica Has 43% Upside Even If The Americas Keeps Declining Until 2030,seekingalpha/LULU,,,2026-10-10 02:13:00
2026-10-09,LUV,"Southwest leans toward Boeing 787 for long-haul flights, Reuters reports",seekingalpha/LUV,,,2026-10-10 02:13:00
2026-10-09,MA,"Clearest use case for stablecoins is in cross-border payments, Mastercard CEO reportedly says",seekingalpha/MA,,,2026-10-10 02:13:00
2026-10-09,MCHP,Microchip Technology acquires VORAGO Technologies,seekingalpha/MCHP,,,2026-10-10 02:13:00
2026-10-09,META,"I Test Drove Meta's Muse: I Expected Little, And It Delivered Much Less",seekingalpha/META,,,2026-10-10 02:13:00
2026-10-09,META,Manus raises $500M after losing planned $2B-plus Meta deal,seekingalpha/META,,,2026-10-10 02:13:00
2026-10-09,META,Meta bans ads from TikTok parent ByteDance across U.S. and key foreign markets,seekingalpha/META,,,2026-10-10 02:13:00
2026-10-09,META,Meta edges lower amid Hunterbrook short report,seekingalpha/META,,,2026-10-10 02:13:00
2026-10-09,MRNA,Moderna gains 14% to set fresh 52-week high,seekingalpha/MRNA,,,2026-10-10 02:13:00
2026-10-09,MS,Goldman Sachs expected to lead Wall Street's $19B trading revenue in Q3 - report,seekingalpha/MS,,,2026-10-10 02:13:00
2026-10-09,MSFT,"India pushes back after U.S. bars Microsoft, Indian firms from Visa program",seekingalpha/MSFT,,,2026-10-10 02:13:00
2026-10-09,MSFT,Microsoft's Nadella unveils tech giant's new fast decision-making AI model,seekingalpha/MSFT,,,2026-10-10 02:13:00
2026-10-09,MTD,Shares Of Mettler-Toledo International Are Still Too Pricey For My Liking,seekingalpha/MTD,,,2026-10-10 02:13:00
2026-10-09,MU,"Dividend Roundup: Starbucks, Pfizer, Micron, AbbVie, and more",seekingalpha/MU,,,2026-10-10 02:13:00
2026-10-09,MU,Micron: Bears Are Fighting Physics With Spreadsheets,seekingalpha/MU,,,2026-10-10 02:13:00
2026-10-09,MU,"Micron: Even If Memory Prices Fall 15%, It May Still Be Undervalued",seekingalpha/MU,,,2026-10-10 02:13:00
2026-10-09,NOC,"Aerospace and defense stocks offer opportunity, Barclays says in launching coverage",seekingalpha/NOC,,,2026-10-10 02:13:00
2026-10-09,NOC,NASA seeks commercial space station proposals,seekingalpha/NOC,,,2026-10-10 02:13:00
2026-10-09,NVDA,Nvidia to invest in rival d-Matrix: report,seekingalpha/NVDA,,,2026-10-10 02:13:00
2026-10-09,NVDA,Nvidia-backed AI firm Firmus cancels historic $5B IPO,seekingalpha/NVDA,,,2026-10-10 02:13:00
2026-10-09,NVDA,Nvidia-backed Firmus eyes $3B funding after scrapping $5B IPO: report,seekingalpha/NVDA,,,2026-10-10 02:13:00
2026-10-09,NVDA,Nvidia: Caught Between Cyclical Downside Risk And AI Bubble,seekingalpha/NVDA,,,2026-10-10 02:13:00
2026-10-09,NVDA,Nvidia: Jensen Huang And Lisa Su Agree On One Thing,seekingalpha/NVDA,,,2026-10-10 02:13:00
2026-10-09,NXPI,Ambarella gains on report Qualcomm may be interested in takeover,seekingalpha/NXPI,,,2026-10-10 02:13:00
2026-10-09,O,Realty Income: The Buy Case Is Getting Weaker,seekingalpha/O,,,2026-10-10 02:13:00
2026-10-09,ORCL,Oracle: Doomsday Fears Are Far Overblown,seekingalpha/ORCL,,,2026-10-10 02:13:00
2026-10-09,PANW,The emerging threat landscape for agentic AI in cybersecurity,seekingalpha/PANW,,,2026-10-10 02:13:00
2026-10-09,PEP,"PepsiCo Q3: The Stock Is Cheap, The Business Is Improving",seekingalpha/PEP,,,2026-10-10 02:13:00
2026-10-09,PFE,"Dividend Roundup: Starbucks, Pfizer, Micron, AbbVie, and more",seekingalpha/PFE,,,2026-10-10 02:13:00
2026-10-09,PFE,"Pfizer: Previously Bearish, I'm Converting To A Cautious Bull (Rating Upgrade)",seekingalpha/PFE,,,2026-10-10 02:13:00
2026-10-09,PG,Procter & Gamble: A Business To Hold Forever,seekingalpha/PG,,,2026-10-10 02:13:00
2026-10-09,PLTR,"Palantir: After Nearly Doubling June Price Low, Another Correction Phase Looks Reasonable",seekingalpha/PLTR,,,2026-10-10 02:13:00
2026-10-09,PLTR,"Palantir: Great Business, No Margin Of Safety",seekingalpha/PLTR,,,2026-10-10 02:13:00
2026-10-09,PLTR,Palantir: The Next $1T Company,seekingalpha/PLTR,,,2026-10-10 02:13:00
2026-10-09,PLTR,Semiconductor stocks lead Nasdaq's weekly decliners amid wider hit on AI trade,seekingalpha/PLTR,,,2026-10-10 02:13:00
2026-10-09,PLTR,"SpaceX, Palantir given Overweight ratings at Barclays",seekingalpha/PLTR,,,2026-10-10 02:13:00
2026-10-09,PNC,PNC Financial to redeem all $1.25B of fixed-to-floating-rate senior notes,seekingalpha/PNC,,,2026-10-10 02:13:00
2026-10-09,PRU,"Prudential Financial, Inc. (PRU) Discusses Japan Business Update Following FSA Orders, Remediation Steps, and Path Forward - Slideshow",seekingalpha/PRU,,,2026-10-10 02:13:00
2026-10-09,PRU,"Prudential Financial, Inc. (PRU) Discusses Japan Business Update Following FSA Orders, Remediation Steps, and Path Forward Transcript",seekingalpha/PRU,,,2026-10-10 02:13:00
2026-10-09,PRU,"Prudential of Japan's new business suspension extended to Jan. 31, 2027",seekingalpha/PRU,,,2026-10-10 02:13:00
2026-10-09,PRU,Prudential still sees ~$1B impact on pretax adjusted operating income from POJ suspension,seekingalpha/PRU,,,2026-10-10 02:13:00
2026-10-09,PYPL,PayPal's Real Turnaround Is Hiding Beyond Checkout,seekingalpha/PYPL,,,2026-10-10 02:13:00
2026-10-09,QCOM,Ambarella gains on report Qualcomm may be interested in takeover,seekingalpha/QCOM,,,2026-10-10 02:13:00
2026-10-09,RTX,"Aerospace and defense stocks offer opportunity, Barclays says in launching coverage",seekingalpha/RTX,,,2026-10-10 02:13:00
2026-10-09,SBAC,Telecom tower REIT stocks jump after SpaceX-Grain Management spectrum deal,seekingalpha/SBAC,,,2026-10-10 02:13:00
2026-10-09,SBUX,"Dividend Roundup: Starbucks, Pfizer, Micron, AbbVie, and more",seekingalpha/SBUX,,,2026-10-10 02:13:00
2026-10-09,SPY,"Catalyst watch: Big bank earnings, CPI, and the Paris Auto Show",seekingalpha/SPY,,,2026-10-10 02:13:00
2026-10-09,SPY,Consumer Sentiment Falls To 5-Month Low,seekingalpha/SPY,,,2026-10-10 02:13:00
2026-10-09,SPY,Depreciation Subtleties: S&P Earnings Are Vastly Overstated,seekingalpha/SPY,,,2026-10-10 02:13:00
2026-10-09,SPY,"Midday Need to Know: Delta slides on earnings miss, Tesla gains on China sales & more",seekingalpha/SPY,,,2026-10-10 02:13:00
2026-10-09,SPY,S&P 500 flatline masks historic churn across individual stocks - Nomura,seekingalpha/SPY,,,2026-10-10 02:13:00
2026-10-09,SPY,Year-end rally in sight as market breadth starts improving: SA analyst,seekingalpha/SPY,,,2026-10-10 02:13:00
2026-10-09,STT,State Street Shines On As A Bet On Quality Among Global Banks,seekingalpha/STT,,,2026-10-10 02:13:00
2026-10-09,SYF,"BMO Capital initiates coverage of American Express, Capital One, Synchrony",seekingalpha/SYF,,,2026-10-10 02:13:00
2026-10-09,T,"SpaceX Spectrum deal triggers telecom selloff: How T, VZ, and TMUS rank on quant",seekingalpha/T,,,2026-10-10 02:13:00
2026-10-09,TER,Semiconductor stocks lead Nasdaq's weekly decliners amid wider hit on AI trade,seekingalpha/TER,,,2026-10-10 02:13:00
2026-10-09,TGT,Recalls and outbreaks: Confidence in food safety at new low,seekingalpha/TGT,,,2026-10-10 02:13:00
2026-10-09,TMUS,Semiconductor stocks lead Nasdaq's weekly decliners amid wider hit on AI trade,seekingalpha/TMUS,,,2026-10-10 02:13:00
2026-10-09,TMUS,"SpaceX Spectrum deal triggers telecom selloff: How T, VZ, and TMUS rank on quant",seekingalpha/TMUS,,,2026-10-10 02:13:00
2026-10-09,TMUS,T-Mobile US plunges 13% to new 52-week low amid new competitive threat,seekingalpha/TMUS,,,2026-10-10 02:13:00
2026-10-09,TSLA,"Catalyst watch: Big bank earnings, CPI, and the Paris Auto Show",seekingalpha/TSLA,,,2026-10-10 02:13:00
2026-10-09,TSLA,Tesla: A Bullish Footnote Against A $25B Spending Ambition,seekingalpha/TSLA,,,2026-10-10 02:13:00
2026-10-09,TSLA,Tesla’s China-made EV sales rise as Europe recovery continues,seekingalpha/TSLA,,,2026-10-10 02:13:00
2026-10-09,TSLA,"Unlike The EV Narrative, Cybercab Does Not Need Tesla To Overcome An Entire Industry",seekingalpha/TSLA,,,2026-10-10 02:13:00
2026-10-09,UNH,"UnitedHealth: A Beat Is Priced In, But There's Room For Surprise",seekingalpha/UNH,,,2026-10-10 02:13:00
2026-10-09,V,Visa continues gains for seven straight sessions,seekingalpha/V,,,2026-10-10 02:13:00
2026-10-09,VOO,Consumer Sentiment Falls To 5-Month Low,seekingalpha/VOO,,,2026-10-10 02:13:00
2026-10-09,VOO,Depreciation Subtleties: S&P Earnings Are Vastly Overstated,seekingalpha/VOO,,,2026-10-10 02:13:00
2026-10-09,VOO,Is Wall Street’s narrow breadth alarm overblown?,seekingalpha/VOO,,,2026-10-10 02:13:00
2026-10-09,VOO,S&P 500 flatline masks historic churn across individual stocks - Nomura,seekingalpha/VOO,,,2026-10-10 02:13:00
2026-10-09,VOO,S&P 500: Everything Is Fine Until Earnings Disappoint,seekingalpha/VOO,,,2026-10-10 02:13:00
2026-10-09,VOO,U.S. Consumers Remain Under Pressure As Sentiment Slides,seekingalpha/VOO,,,2026-10-10 02:13:00
2026-10-09,VTRS,Viatris To Acquire Pacira BioSciences: What Investors Should Know,seekingalpha/VTRS,,,2026-10-10 02:13:00
2026-10-09,VZ,"SpaceX Spectrum deal triggers telecom selloff: How T, VZ, and TMUS rank on quant",seekingalpha/VZ,,,2026-10-10 02:13:00
2026-10-09,WDAY,"Catalyst watch: Big bank earnings, CPI, and the Paris Auto Show",seekingalpha/WDAY,,,2026-10-10 02:13:00
2026-10-09,WMT,Recalls and outbreaks: Confidence in food safety at new low,seekingalpha/WMT,,,2026-10-10 02:13:00
2026-10-09,XOM,Exxon blocks proposal to settle $5B Kashagan dispute - Bloomberg,seekingalpha/XOM,,,2026-10-10 02:13:00
2026-10-09,YUM,Recalls and outbreaks: Confidence in food safety at new low,seekingalpha/YUM,,,2026-10-10 02:13:00
