ticker,date,open,close,volume,source
A,2026-09-14,148.0,146.8,1646763,nasdaq
AAPL,2026-09-14,334.79,333.08,39269150,nasdaq
ABBV,2026-09-14,261.67,261.77,4512420,nasdaq
ABNB,2026-09-14,170.47,170.65,2866043,nasdaq
ABT,2026-09-14,103.56,103.09,7792131,nasdaq
ACGL,2026-09-14,97.44,97.95,5151625,nasdaq
ACN,2026-09-14,190.55,195.0,5324372,nasdaq
ADBE,2026-09-14,261.51,265.6,5723344,nasdaq
ADI,2026-09-14,363.96,361.02,4731568,nasdaq
ADM,2026-09-14,87.37,86.44,3427512,nasdaq
ADP,2026-09-14,272.53,276.63,2381609,nasdaq
ADSK,2026-09-14,219.49,228.93,2785114,nasdaq
AEE,2026-09-14,105.18,103.97,2364512,nasdaq
AEP,2026-09-14,123.615,122.23,3169393,nasdaq
AES,2026-09-14,14.8,14.8,4830008,nasdaq
AFL,2026-09-14,116.5,117.01,1837582,nasdaq
AIG,2026-09-14,76.15,76.29,4576876,nasdaq
AIZ,2026-09-14,284.76,283.27,441715,nasdaq
AJG,2026-09-14,245.58,253.3,1630543,nasdaq
AKAM,2026-09-14,105.43,105.57,4585796,nasdaq
ALB,2026-09-14,116.06,115.03,2101107,nasdaq
ALGN,2026-09-14,151.29,153.0,718589,nasdaq
ALL,2026-09-14,256.09,258.48,1532165,nasdaq
ALLE,2026-09-14,151.77,155.39,1256604,nasdaq
AMAT,2026-09-14,422.2,424.21,8064762,nasdaq
AMCR,2026-09-14,42.15,42.25,4600168,nasdaq
AMD,2026-09-14,486.28,493.41,24810140,nasdaq
AME,2026-09-14,235.94,233.65,1619351,nasdaq
AMGN,2026-09-14,381.94,381.5,2714874,nasdaq
AMP,2026-09-14,556.36,558.54,600940,nasdaq
AMT,2026-09-14,179.13,176.94,2422064,nasdaq
AMZN,2026-09-14,253.15,253.54,34352770,nasdaq
ANET,2026-09-14,189.82,187.81,5677637,nasdaq
AON,2026-09-14,308.08,311.54,2879318,nasdaq
AOS,2026-09-14,56.8,57.38,1391347,nasdaq
APA,2026-09-14,45.635,45.03,6896275,nasdaq
APD,2026-09-14,291.58,287.13,926664,nasdaq
APH,2026-09-14,81.2,78.55,12208530,nasdaq
APO,2026-09-14,128.5,128.31,2193298,nasdaq
APP,2026-09-14,324.04,334.24,5063815,nasdaq
APTV,2026-09-14,44.73,44.79,3980339,nasdaq
ARE,2026-09-14,51.38,51.96,1698119,nasdaq
ARES,2026-09-14,130.59,131.52,1740310,nasdaq
ATO,2026-09-14,164.16,163.84,987555,nasdaq
AVGO,2026-09-14,349.63,344.72,32662850,nasdaq
AVY,2026-09-14,170.02,170.92,793486,nasdaq
AWK,2026-09-14,138.88,138.92,1577218,nasdaq
AXON,2026-09-14,477.52,490.18,582798,nasdaq
AXP,2026-09-14,323.905,327.78,2438092,nasdaq
AZO,2026-09-14,2909.345,2965.52,406212,nasdaq
BA,2026-09-14,208.21,210.27,3383979,nasdaq
BAC,2026-09-14,62.335,59.47,64773950,nasdaq
BALL,2026-09-14,60.23,60.71,1796871,nasdaq
BAX,2026-09-14,24.01,23.86,5741921,nasdaq
BBY,2026-09-14,90.65,94.83,4890786,nasdaq
BDX,2026-09-14,180.05,182.91,1634141,nasdaq
BEN,2026-09-14,33.19,33.47,2703652,nasdaq
BG,2026-09-14,123.85,121.23,1494341,nasdaq
BIIB,2026-09-14,221.0,217.36,629931,nasdaq
BKNG,2026-09-14,176.12,175.35,8334138,nasdaq
BKR,2026-09-14,58.47,56.78,9557718,nasdaq
BLDR,2026-09-14,59.54,60.24,2567054,nasdaq
BLK,2026-09-14,1073.71,1065.6,481892,nasdaq
BMY,2026-09-14,64.59,64.1,6903983,nasdaq
BNY,2026-09-14,163.0,157.66,3393276,nasdaq
BR,2026-09-14,171.8,174.39,758093,nasdaq
BRK.B,2026-09-14,512.8,514.95,3966549,nasdaq
BRO,2026-09-14,67.47,68.33,2677865,nasdaq
BSX,2026-09-14,44.0,45.05,20521670,nasdaq
BX,2026-09-14,126.81,128.29,3007631,nasdaq
BXP,2026-09-14,64.01,64.5,1085082,nasdaq
C,2026-09-14,137.355,136.18,15656280,nasdaq
CAH,2026-09-14,236.76,234.89,2165472,nasdaq
CARR,2026-09-14,55.64,57.26,5467013,nasdaq
CASY,2026-09-14,615.35,621.61,622961,nasdaq
CAT,2026-09-14,783.045,784.0,2429135,nasdaq
CB,2026-09-14,342.71,341.85,924431,nasdaq
CBOE,2026-09-14,285.04,284.5,868376,nasdaq
CBRE,2026-09-14,140.85,140.9,1878134,nasdaq
CCI,2026-09-14,74.99,74.17,3085876,nasdaq
CCL,2026-09-14,22.315,22.56,17677650,nasdaq
CDNS,2026-09-14,288.0,279.06,2338617,nasdaq
CDW,2026-09-14,153.79,151.7,1247339,nasdaq
CEG,2026-09-14,276.515,264.57,3712319,nasdaq
CELH,2026-09-14,27.42,28.45,8842047,nasdaq
CF,2026-09-14,136.35,131.24,2128267,nasdaq
CFG,2026-09-14,70.29,70.54,5037591,nasdaq
CHD,2026-09-14,95.26,94.58,1896404,nasdaq
CHRW,2026-09-14,152.78,157.31,1659564,nasdaq
CHTR,2026-09-14,145.77,143.35,2295241,nasdaq
CHYM,2026-09-14,33.5,33.97,9999506,nasdaq
CI,2026-09-14,284.6,290.05,1307228,nasdaq
CIEN,2026-09-14,326.98,319.64,2214123,nasdaq
CINF,2026-09-14,171.83,172.02,496303,nasdaq
CL,2026-09-14,87.64,87.89,4324051,nasdaq
CLX,2026-09-14,88.76,89.31,2277407,nasdaq
CMCSA,2026-09-14,25.33,24.88,37726540,nasdaq
CME,2026-09-14,279.78,280.46,1733851,nasdaq
CMG,2026-09-14,36.5,37.03,9906183,nasdaq
CMI,2026-09-14,531.38,541.1,1230658,nasdaq
CMS,2026-09-14,67.51,66.82,3028279,nasdaq
CNC,2026-09-14,67.31,69.41,4098117,nasdaq
CNP,2026-09-14,39.34,38.65,8837172,nasdaq
COF,2026-09-14,207.35,206.68,2804472,nasdaq
COHR,2026-09-14,283.75,266.5,9939628,nasdaq
COIN,2026-09-14,180.81,191.45,13252010,nasdaq
COO,2026-09-14,54.78,54.22,5406922,nasdaq
COP,2026-09-14,138.89,136.67,6581167,nasdaq
COR,2026-09-14,325.64,326.23,1063973,nasdaq
COST,2026-09-14,913.645,918.91,2014224,nasdaq
CPAY,2026-09-14,411.55,412.56,383482,nasdaq
CPRT,2026-09-14,30.63,31.73,11287930,nasdaq
CPT,2026-09-14,103.24,103.83,686192,nasdaq
CRH,2026-09-14,87.29,88.98,4368492,nasdaq
CRL,2026-09-14,278.27,273.11,1385131,nasdaq
CRM,2026-09-14,255.75,259.43,12966100,nasdaq
CRWD,2026-09-14,219.0,235.38,25381460,nasdaq
CSCO,2026-09-14,109.97,110.06,12547120,nasdaq
CSGP,2026-09-14,31.17,31.52,5796748,nasdaq
CSX,2026-09-14,48.64,48.91,8260554,nasdaq
CTAS,2026-09-14,203.405,200.82,1747664,nasdaq
CTSH,2026-09-14,62.4,64.1,6614219,nasdaq
CTVA,2026-09-14,84.39,82.54,4137678,nasdaq
CVNA,2026-09-14,69.3,70.87,5961337,nasdaq
CVS,2026-09-14,95.44,95.55,4453640,nasdaq
CVX,2026-09-14,217.0,212.17,9375725,nasdaq
D,2026-09-14,64.78,64.46,4402884,nasdaq
DAL,2026-09-14,77.56,79.8,5400927,nasdaq
DASH,2026-09-14,200.37,203.54,2267665,nasdaq
DD,2026-09-14,125.0,124.29,1178978,nasdaq
DDOG,2026-09-14,225.02,230.05,2910962,nasdaq
DE,2026-09-14,673.08,681.46,1029734,nasdaq
DECK,2026-09-14,80.21,80.54,4184789,nasdaq
DELL,2026-09-14,538.57,534.28,9173770,nasdaq
DG,2026-09-14,124.83,129.17,2871793,nasdaq
DGX,2026-09-14,237.49,237.89,974850,nasdaq
DHI,2026-09-14,136.75,139.41,2249120,nasdaq
DHR,2026-09-14,202.48,203.25,3428380,nasdaq
DIS,2026-09-14,107.09,108.59,7172192,nasdaq
DLR,2026-09-14,186.13,179.14,2045097,nasdaq
DLTR,2026-09-14,118.17,119.17,3147679,nasdaq
DOC,2026-09-14,20.25,20.37,3588459,nasdaq
DOV,2026-09-14,185.34,189.15,1337120,nasdaq
DOW,2026-09-14,29.4,28.9,7605900,nasdaq
DPZ,2026-09-14,316.0,323.77,647247,nasdaq
DRI,2026-09-14,212.83,218.57,1290400,nasdaq
DTE,2026-09-14,133.05,131.13,1940614,nasdaq
DUK,2026-09-14,120.05,119.02,3580800,nasdaq
DVA,2026-09-14,185.0,189.32,702840,nasdaq
DVN,2026-09-14,51.182,49.73,14676280,nasdaq
DXCM,2026-09-14,83.92,84.68,2540890,nasdaq
EBAY,2026-09-14,107.865,108.99,4634275,nasdaq
ECHO,2026-09-14,92.81,93.89,2895931,nasdaq
ECL,2026-09-14,276.56,275.51,975788,nasdaq
ED,2026-09-14,107.09,105.78,1545656,nasdaq
EFX,2026-09-14,172.01,172.29,1506928,nasdaq
EG,2026-09-14,377.94,379.54,320133,nasdaq
EIX,2026-09-14,56.49,56.13,3956980,nasdaq
EL,2026-09-14,96.84,98.22,2105225,nasdaq
ELV,2026-09-14,422.54,424.24,1116908,nasdaq
EME,2026-09-14,740.34,749.7,391640,nasdaq
EMR,2026-09-14,148.38,148.3,2068501,nasdaq
EOG,2026-09-14,149.02,148.54,3579945,nasdaq
EQIX,2026-09-14,1027.53,998.72,550114,nasdaq
EQT,2026-09-14,54.51,53.21,6059181,nasdaq
ERIE,2026-09-14,251.12,253.88,154735,nasdaq
ES,2026-09-14,68.87,68.33,1776408,nasdaq
ESS,2026-09-14,274.72,275.73,256428,nasdaq
ETN,2026-09-14,393.01,393.16,3189321,nasdaq
ETR,2026-09-14,105.29,103.64,3583326,nasdaq
EVRG,2026-09-14,82.045,80.86,2469280,nasdaq
EW,2026-09-14,85.45,85.52,2988117,nasdaq
EXC,2026-09-14,43.35,42.72,5434491,nasdaq
EXE,2026-09-14,96.33,93.4,2736056,nasdaq
EXPD,2026-09-14,191.68,193.61,976076,nasdaq
EXPE,2026-09-14,284.6,287.86,1728292,nasdaq
EXR,2026-09-14,138.7,139.4,2298292,nasdaq
F,2026-09-14,13.86,13.86,31579550,nasdaq
FANG,2026-09-14,208.3,205.72,1801216,nasdaq
FAST,2026-09-14,49.02,49.44,6770057,nasdaq
FCX,2026-09-14,67.315,69.34,11042330,nasdaq
FDS,2026-09-14,269.89,276.93,1075137,nasdaq
FDX,2026-09-14,311.67,312.57,1061641,nasdaq
FDXF,2026-09-14,128.0,129.44,1597894,nasdaq
FE,2026-09-14,46.41,45.83,4098979,nasdaq
FERG,2026-09-14,219.35,222.31,1096745,nasdaq
FFIV,2026-09-14,406.24,411.49,564923,nasdaq
FICO,2026-09-14,1002.0,1001.5,253759,nasdaq
FIS,2026-09-14,39.0,38.18,8621838,nasdaq
FISV,2026-09-14,51.88,50.99,7556129,nasdaq
FITB,2026-09-14,54.45,54.38,3975304,nasdaq
FIX,2026-09-14,1562.22,1582.8,366405,nasdaq
FLEX,2026-09-14,108.71,108.32,2999799,nasdaq
FOX,2026-09-14,59.13,61.14,809729,nasdaq
FOXA,2026-09-14,66.95,68.53,4577510,nasdaq
FRT,2026-09-14,114.74,114.53,500205,nasdaq
FSLR,2026-09-14,203.71,207.04,1351396,nasdaq
FTNT,2026-09-14,162.325,170.18,5933134,nasdaq
FTV,2026-09-14,55.34,55.19,1826006,nasdaq
GD,2026-09-14,357.88,356.81,910008,nasdaq
GDDY,2026-09-14,100.78,104.47,1972603,nasdaq
GE,2026-09-14,315.2,317.56,5146701,nasdaq
GEHC,2026-09-14,64.48,64.25,2731361,nasdaq
GEN,2026-09-14,30.71,31.41,6880393,nasdaq
GEV,2026-09-14,881.51,874.76,3308811,nasdaq
GILD,2026-09-14,144.26,146.41,4920293,nasdaq
GIS,2026-09-14,36.46,36.47,12175220,nasdaq
GL,2026-09-14,172.6,172.92,391771,nasdaq
GLW,2026-09-14,150.645,143.6,17757380,nasdaq
GM,2026-09-14,85.84,87.16,5558164,nasdaq
GNRC,2026-09-14,179.64,176.98,1207286,nasdaq
GOOG,2026-09-14,339.11,345.71,22484370,nasdaq
GOOGL,2026-09-14,343.12,349.39,35905450,nasdaq
GPC,2026-09-14,132.96,133.21,933149,nasdaq
GPN,2026-09-14,89.47,90.19,2516562,nasdaq
GRMN,2026-09-14,283.0,280.38,782974,nasdaq
GS,2026-09-14,1010.0,988.45,2209520,nasdaq
GWW,2026-09-14,1280.15,1277.51,247376,nasdaq
HAL,2026-09-14,35.94,35.01,9891274,nasdaq
HAS,2026-09-14,91.47,90.76,952705,nasdaq
HBAN,2026-09-14,16.8,16.77,19760930,nasdaq
HCA,2026-09-14,429.96,425.49,1305998,nasdaq
HD,2026-09-14,307.17,310.87,4179165,nasdaq
HIG,2026-09-14,138.09,137.59,1205821,nasdaq
HII,2026-09-14,277.77,280.01,329923,nasdaq
HLT,2026-09-14,306.2,310.6,1711895,nasdaq
HON,2026-09-14,199.3,201.38,3292637,nasdaq
HONA,2026-09-14,154.0,164.08,4122091,nasdaq
HOOD,2026-09-14,112.26,114.33,17093010,nasdaq
HPE,2026-09-14,55.605,55.41,31211280,nasdaq
HPQ,2026-09-14,35.115,34.02,19603970,nasdaq
HRL,2026-09-14,20.84,20.96,4308022,nasdaq
HSIC,2026-09-14,88.57,88.93,818387,nasdaq
HST,2026-09-14,22.27,22.365,6726524,nasdaq
HSY,2026-09-14,175.86,173.68,1132872,nasdaq
HUBB,2026-09-14,442.29,442.38,459576,nasdaq
HUM,2026-09-14,409.01,407.02,708886,nasdaq
HWM,2026-09-14,226.24,227.13,2859119,nasdaq
IBKR,2026-09-14,90.0,90.75,3830384,nasdaq
IBM,2026-09-14,249.41,249.09,6817275,nasdaq
ICE,2026-09-14,159.84,157.75,2315325,nasdaq
IDXX,2026-09-14,510.83,509.56,454139,nasdaq
IEX,2026-09-14,225.86,222.14,488529,nasdaq
IFF,2026-09-14,83.98,83.43,1584411,nasdaq
INCY,2026-09-14,122.48,122.19,1455967,nasdaq
INTC,2026-09-14,95.82,97.19,96459680,nasdaq
INTU,2026-09-14,332.02,339.15,3633230,nasdaq
INVH,2026-09-14,27.6,27.59,5475641,nasdaq
IP,2026-09-14,34.02,34.25,5778727,nasdaq
IQV,2026-09-14,265.77,265.67,1279781,nasdaq
IR,2026-09-14,71.62,72.13,3754560,nasdaq
IRM,2026-09-14,113.26,112.06,1428409,nasdaq
ISRG,2026-09-14,374.6,377.94,2433856,nasdaq
IT,2026-09-14,186.09,197.07,1693332,nasdaq
ITW,2026-09-14,265.35,269.04,1280527,nasdaq
IVZ,2026-09-14,31.72,31.51,3538051,nasdaq
J,2026-09-14,142.86,144.07,677632,nasdaq
JBHT,2026-09-14,268.48,274.99,899906,nasdaq
JBL,2026-09-14,302.47,298.72,749779,nasdaq
JCI,2026-09-14,139.95,137.76,5007517,nasdaq
JKHY,2026-09-14,165.78,164.55,1370717,nasdaq
JNJ,2026-09-14,271.0,266.32,4742712,nasdaq
JPM,2026-09-14,354.23,350.13,9612162,nasdaq
KDP,2026-09-14,31.39,31.58,7429098,nasdaq
KEY,2026-09-14,21.92,21.93,16792350,nasdaq
KEYS,2026-09-14,325.0,314.96,1140458,nasdaq
KHC,2026-09-14,24.41,24.27,20331190,nasdaq
KIM,2026-09-14,23.34,23.22,4080555,nasdaq
KKR,2026-09-14,100.48,102.27,3269861,nasdaq
KLAC,2026-09-14,168.08,169.09,12055380,nasdaq
KMB,2026-09-14,99.18,99.09,6379395,nasdaq
KMI,2026-09-14,31.07,30.96,14581680,nasdaq
KO,2026-09-14,90.0,89.35,14071440,nasdaq
KR,2026-09-14,59.31,60.91,9018553,nasdaq
KVUE,2026-09-14,17.91,17.91,40652820,nasdaq
L,2026-09-14,109.97,109.2,746695,nasdaq
LDOS,2026-09-14,130.43,132.83,1196143,nasdaq
LEN,2026-09-14,78.79,79.99,3711088,nasdaq
LH,2026-09-14,314.12,315.31,707840,nasdaq
LHX,2026-09-14,247.81,248.93,2347123,nasdaq
LII,2026-09-14,350.22,365.51,580352,nasdaq
LIN,2026-09-14,467.88,464.41,1439516,nasdaq
LITE,2026-09-14,860.875,835.03,4919181,nasdaq
LLY,2026-09-14,1142.2,1138.28,2131112,nasdaq
LMT,2026-09-14,526.6,529.38,971364,nasdaq
LNT,2026-09-14,67.295,66.92,1836850,nasdaq
LOW,2026-09-14,196.17,198.17,2368380,nasdaq
LRCX,2026-09-14,274.995,273.49,13682890,nasdaq
LULU,2026-09-14,99.28,100.3,4811494,nasdaq
LUV,2026-09-14,38.43,39.52,6703884,nasdaq
LVS,2026-09-14,42.82,42.4,4437606,nasdaq
LYB,2026-09-14,64.3,62.75,5681231,nasdaq
LYV,2026-09-14,169.46,171.49,1519329,nasdaq
MA,2026-09-14,575.98,574.42,2506429,nasdaq
MAA,2026-09-14,124.46,125.6,929162,nasdaq
MAR,2026-09-14,333.235,340.46,1698100,nasdaq
MAS,2026-09-14,67.44,69.41,2138546,nasdaq
MCD,2026-09-14,254.28,257.49,4172171,nasdaq
MCHP,2026-09-14,71.045,71.48,10437430,nasdaq
MCK,2026-09-14,900.0,910.95,619297,nasdaq
MCO,2026-09-14,479.18,477.93,638062,nasdaq
MDLZ,2026-09-14,63.15,62.39,6527377,nasdaq
MDT,2026-09-14,93.35,93.8,9255938,nasdaq
MET,2026-09-14,97.52,97.75,3032059,nasdaq
META,2026-09-14,657.83,665.6,19332320,nasdaq
MGM,2026-09-14,39.85,39.83,1855929,nasdaq
MKC,2026-09-14,51.75,50.39,3982120,nasdaq
MLM,2026-09-14,504.91,500.92,790746,nasdaq
MMM,2026-09-14,162.48,162.02,3001061,nasdaq
MNST,2026-09-14,43.512,44.2,9010639,nasdaq
MO,2026-09-14,70.07,70.61,7822571,nasdaq
MOS,2026-09-14,24.81,25.05,9006127,nasdaq
MPC,2026-09-14,401.0,396.45,3572623,nasdaq
MPWR,2026-09-14,1184.43,1143.24,984700,nasdaq
MRK,2026-09-14,146.42,144.85,7414159,nasdaq
MRNA,2026-09-14,144.925,146.69,10963010,nasdaq
MRSH,2026-09-14,179.7,180.43,1796509,nasdaq
MRVL,2026-09-14,215.81,218.82,22196830,nasdaq
MS,2026-09-14,211.66,206.58,7502308,nasdaq
MSCI,2026-09-14,561.55,553.65,823323,nasdaq
MSFT,2026-09-14,497.06,505.41,23091890,nasdaq
MSI,2026-09-14,468.37,474.13,1136089,nasdaq
MTB,2026-09-14,239.35,237.82,1094651,nasdaq
MTD,2026-09-14,1302.88,1285.75,205995,nasdaq
MU,2026-09-14,906.03,924.03,27141900,nasdaq
NCLH,2026-09-14,14.51,14.72,16340980,nasdaq
NDAQ,2026-09-14,92.355,91.57,2623510,nasdaq
NDSN,2026-09-14,309.23,308.31,285455,nasdaq
NEE,2026-09-14,82.63,81.63,11144800,nasdaq
NEM,2026-09-14,123.43,123.07,6815557,nasdaq
NFLX,2026-09-14,78.97,80.32,30945110,nasdaq
NI,2026-09-14,41.53,41.07,4302665,nasdaq
NKE,2026-09-14,36.755,37.05,30513460,nasdaq
NOC,2026-09-14,524.37,527.39,887280,nasdaq
NOW,2026-09-14,140.0,142.35,17501780,nasdaq
NRG,2026-09-14,110.0,108.47,3061520,nasdaq
NSC,2026-09-14,320.15,320.05,2517597,nasdaq
NTAP,2026-09-14,194.04,188.275,2019674,nasdaq
NTRS,2026-09-14,186.3,181.71,1335556,nasdaq
NUE,2026-09-14,257.25,254.63,1039142,nasdaq
NVDA,2026-09-14,211.24,210.96,132267200,nasdaq
NVR,2026-09-14,6153.3,6299.56,31288,nasdaq
NWS,2026-09-14,33.2,33.86,847974,nasdaq
NWSA,2026-09-14,29.65,30.56,3528224,nasdaq
NXPI,2026-09-14,226.755,224.23,4658083,nasdaq
O,2026-09-14,59.95,59.27,9212662,nasdaq
ODFL,2026-09-14,179.58,181.91,1389978,nasdaq
OKE,2026-09-14,97.6,96.97,3717054,nasdaq
OMC,2026-09-14,80.01,81.07,2481932,nasdaq
ON,2026-09-14,72.381,71.65,12419840,nasdaq
ORCL,2026-09-14,141.42,144.79,42159750,nasdaq
ORLY,2026-09-14,86.33,87.22,4613199,nasdaq
OTIS,2026-09-14,69.1,70.18,4394196,nasdaq
OXY,2026-09-14,62.54,61.78,9075525,nasdaq
PANW,2026-09-14,346.485,373.94,12027310,nasdaq
PAYX,2026-09-14,117.82,118.51,2603812,nasdaq
PCAR,2026-09-14,120.89,122.86,2655876,nasdaq
PCG,2026-09-14,13.835,13.6,38240690,nasdaq
PEG,2026-09-14,72.31,70.92,4302192,nasdaq
PEP,2026-09-14,138.0,136.34,10764770,nasdaq
PFE,2026-09-14,28.08,27.72,28571580,nasdaq
PFG,2026-09-14,115.96,116.9,922836,nasdaq
PG,2026-09-14,146.38,146.13,8704946,nasdaq
PGR,2026-09-14,219.7,221.02,1525358,nasdaq
PH,2026-09-14,929.82,928.83,663610,nasdaq
PHM,2026-09-14,117.25,118.94,1160810,nasdaq
PKG,2026-09-14,232.54,233.26,585150,nasdaq
PLD,2026-09-14,134.0,135.19,4110108,nasdaq
PLTR,2026-09-14,169.695,173.31,29149530,nasdaq
PM,2026-09-14,195.19,194.86,2940917,nasdaq
PNC,2026-09-14,244.09,242.72,1546988,nasdaq
PNR,2026-09-14,56.6,56.18,2486693,nasdaq
PNW,2026-09-14,96.02,95.4,809990,nasdaq
PODD,2026-09-14,134.23,137.8,2343552,nasdaq
PPG,2026-09-14,104.42,105.25,1548614,nasdaq
PPL,2026-09-14,34.21,33.79,4370838,nasdaq
PRU,2026-09-14,119.23,119.5,978002,nasdaq
PSA,2026-09-14,297.57,295.4,794581,nasdaq
PSKY,2026-09-14,10.84,10.87,11129370,nasdaq
PSX,2026-09-14,263.1,257.06,3531648,nasdaq
PTC,2026-09-14,134.31,136.65,1403351,nasdaq
PWR,2026-09-14,612.53,622.02,1146962,nasdaq
PYPL,2026-09-14,54.36,54.03,9247647,nasdaq
Q,2026-09-14,119.33,117.23,1589220,nasdaq
QCOM,2026-09-14,170.78,180.15,13784760,nasdaq
RCL,2026-09-14,256.0,255.34,2161552,nasdaq
RDDT,2026-09-14,160.0,162.38,4553745,nasdaq
REG,2026-09-14,74.91,74.53,1287561,nasdaq
REGN,2026-09-14,791.98,793.74,591295,nasdaq
RF,2026-09-14,30.23,30.03,5808220,nasdaq
RJF,2026-09-14,173.72,170.8,881734,nasdaq
RL,2026-09-14,335.72,341.43,514157,nasdaq
RMD,2026-09-14,221.04,222.99,989010,nasdaq
ROK,2026-09-14,416.33,418.85,651272,nasdaq
ROL,2026-09-14,35.11,35.31,6980115,nasdaq
ROP,2026-09-14,397.18,394.61,799971,nasdaq
ROST,2026-09-14,230.54,230.04,1598766,nasdaq
RSG,2026-09-14,225.48,225.85,1393208,nasdaq
RTX,2026-09-14,196.4,195.34,3582691,nasdaq
RVTY,2026-09-14,124.69,128.49,1895200,nasdaq
SBAC,2026-09-14,185.15,183.07,865571,nasdaq
SBUX,2026-09-14,98.79,99.07,5816290,nasdaq
SCHW,2026-09-14,107.95,107.31,5419390,nasdaq
SHW,2026-09-14,321.01,324.5,1795793,nasdaq
SJM,2026-09-14,123.26,121.3,1413967,nasdaq
SLB,2026-09-14,55.94,53.32,9950191,nasdaq
SMCI,2026-09-14,37.43,36.74,39892520,nasdaq
SNA,2026-09-14,373.89,377.78,275073,nasdaq
SNDK,2026-09-14,1521.525,1551.99,9586706,nasdaq
SNPS,2026-09-14,393.89,381.43,1883652,nasdaq
SO,2026-09-14,87.72,87.0,5232988,nasdaq
SOLV,2026-09-14,88.28,89.82,779289,nasdaq
SPG,2026-09-14,205.0,204.97,946015,nasdaq
SPGI,2026-09-14,417.0,418.54,2181539,nasdaq
SPY,2026-09-14,759.0,760.88,43992430,nasdaq
SRE,2026-09-14,83.63,82.99,2454756,nasdaq
STE,2026-09-14,213.92,213.66,742435,nasdaq
STLD,2026-09-14,241.04,234.53,1041856,nasdaq
STT,2026-09-14,191.245,188.16,2391252,nasdaq
STX,2026-09-14,778.12,805.55,4150751,nasdaq
STZ,2026-09-14,124.25,125.0,2922935,nasdaq
SW,2026-09-14,43.65,43.75,4049558,nasdaq
SWK,2026-09-14,87.945,88.89,1492833,nasdaq
SWKS,2026-09-14,86.06,79.26,11165020,nasdaq
SYF,2026-09-14,75.42,75.88,2172131,nasdaq
SYK,2026-09-14,282.31,281.87,2937084,nasdaq
SYY,2026-09-14,84.32,83.54,2314216,nasdaq
T,2026-09-14,26.38,26.51,38502110,nasdaq
TAP,2026-09-14,39.47,39.08,3685981,nasdaq
TDG,2026-09-14,1124.0,1111.22,427875,nasdaq
TDY,2026-09-14,596.6,597.11,239056,nasdaq
TECH,2026-09-14,72.21,72.27,2740158,nasdaq
TEL,2026-09-14,206.9,203.37,2319985,nasdaq
TER,2026-09-14,347.115,329.2,4889699,nasdaq
TFC,2026-09-14,50.35,50.1,4354161,nasdaq
TGT,2026-09-14,157.78,158.7,3288381,nasdaq
TJX,2026-09-14,126.88,125.99,7595400,nasdaq
TKO,2026-09-14,191.33,193.72,1011613,nasdaq
TMO,2026-09-14,614.94,613.62,1271152,nasdaq
TMUS,2026-09-14,184.2,182.9,2838747,nasdaq
TPL,2026-09-14,375.4,365.27,347091,nasdaq
TPR,2026-09-14,118.69,117.91,2374321,nasdaq
TRGP,2026-09-14,292.9,287.25,878081,nasdaq
TRMB,2026-09-14,58.13,58.74,1920411,nasdaq
TROW,2026-09-14,106.425,105.8,1937351,nasdaq
TRV,2026-09-14,383.0,378.05,1360958,nasdaq
TSCO,2026-09-14,32.97,33.83,7053246,nasdaq
TSLA,2026-09-14,359.78,358.97,32477180,nasdaq
TSN,2026-09-14,53.61,53.16,3189269,nasdaq
TT,2026-09-14,428.29,426.01,1132372,nasdaq
TTD,2026-09-14,14.55,14.97,19555210,nasdaq
TTWO,2026-09-14,218.43,222.91,2193455,nasdaq
TXN,2026-09-14,256.78,263.42,6861901,nasdaq
TXT,2026-09-14,80.19,80.58,2553400,nasdaq
TYL,2026-09-14,347.74,359.54,773362,nasdaq
UAL,2026-09-14,106.11,108.96,3875180,nasdaq
UBER,2026-09-14,71.975,72.63,19054990,nasdaq
UDR,2026-09-14,35.2,35.37,3389068,nasdaq
UHS,2026-09-14,176.87,173.25,609705,nasdaq
ULTA,2026-09-14,544.94,548.65,403565,nasdaq
UNH,2026-09-14,381.44,383.55,4475735,nasdaq
UNP,2026-09-14,283.95,285.08,1251791,nasdaq
UPS,2026-09-14,100.0,102.46,4280106,nasdaq
URI,2026-09-14,979.48,993.8,335095,nasdaq
USB,2026-09-14,62.8,62.68,8891646,nasdaq
V,2026-09-14,375.07,375.28,6198991,nasdaq
VEEV,2026-09-14,264.93,265.67,1362081,nasdaq
VICI,2026-09-14,25.0,25.04,7926578,nasdaq
VLO,2026-09-14,395.26,382.95,4834665,nasdaq
VLTO,2026-09-14,95.87,96.3,1042738,nasdaq
VMC,2026-09-14,250.81,250.54,955187,nasdaq
VMRK,2026-09-14,65.27,66.32,6164094,nasdaq
VOO,2026-09-14,697.78,699.3,6801322,nasdaq
VRSK,2026-09-14,181.18,187.03,1542443,nasdaq
VRSN,2026-09-14,299.37,298.6,681974,nasdaq
VRT,2026-09-14,228.0,237.39,10904960,nasdaq
VRTX,2026-09-14,522.17,519.51,837109,nasdaq
VST,2026-09-14,144.0,140.73,5241768,nasdaq
VTI,2026-09-14,373.97,374.68,3039232,nasdaq
VTR,2026-09-14,90.91,89.1,2627497,nasdaq
VTRS,2026-09-14,16.64,16.66,7027352,nasdaq
VXUS,2026-09-14,85.9,86.04,5742637,nasdaq
VZ,2026-09-14,50.94,51.29,18124860,nasdaq
WAB,2026-09-14,278.58,278.42,655757,nasdaq
WAT,2026-09-14,411.66,410.01,728761,nasdaq
WBD,2026-09-14,27.95,28.1,14337740,nasdaq
WDAY,2026-09-14,191.73,194.21,2887421,nasdaq
WDC,2026-09-14,417.315,426.94,7302523,nasdaq
WEC,2026-09-14,105.73,105.17,2056749,nasdaq
WELL,2026-09-14,238.59,234.21,1682269,nasdaq
WFC,2026-09-14,90.165,88.71,15726300,nasdaq
WM,2026-09-14,216.39,218.09,2531411,nasdaq
WMB,2026-09-14,72.51,71.95,8848211,nasdaq
WMT,2026-09-14,108.08,109.08,23884510,nasdaq
WRB,2026-09-14,70.83,70.87,2850672,nasdaq
WSM,2026-09-14,224.34,229.43,1009032,nasdaq
WST,2026-09-14,349.94,355.2,625555,nasdaq
WTW,2026-09-14,318.6,323.71,420529,nasdaq
WY,2026-09-14,22.06,22.23,5031285,nasdaq
WYNN,2026-09-14,87.23,87.76,1515814,nasdaq
XEL,2026-09-14,75.54,74.16,6967990,nasdaq
XOM,2026-09-14,168.7,165.08,13945700,nasdaq
XYL,2026-09-14,106.23,107.49,2968563,nasdaq
XYZ,2026-09-14,78.92,79.49,3517936,nasdaq
YUM,2026-09-14,142.9,146.33,2105296,nasdaq
ZBH,2026-09-14,95.25,96.54,2032455,nasdaq
ZBRA,2026-09-14,344.1,351.81,567980,nasdaq
ZTS,2026-09-14,74.2,73.67,3768485,nasdaq
A,2026-09-15,147.0,150.27,1682272,nasdaq
AAPL,2026-09-15,330.135,331.34,31748180,nasdaq
ABBV,2026-09-15,260.0,263.04,5120219,nasdaq
ABNB,2026-09-15,168.875,168.32,2425271,nasdaq
ABT,2026-09-15,102.98,102.03,7419476,nasdaq
ACGL,2026-09-15,97.87,97.04,4128230,nasdaq
ACN,2026-09-15,190.53,193.4,5749638,nasdaq
ADBE,2026-09-15,261.7,257.76,4893782,nasdaq
ADI,2026-09-15,362.48,361.35,2401711,nasdaq
ADM,2026-09-15,86.01,86.61,3131736,nasdaq
ADP,2026-09-15,273.96,276.53,2209166,nasdaq
ADSK,2026-09-15,223.722,226.5,3386037,nasdaq
AEE,2026-09-15,104.03,103.02,1239926,nasdaq
AEP,2026-09-15,122.68,120.61,3189710,nasdaq
AES,2026-09-15,14.83,14.8,9920690,nasdaq
AFL,2026-09-15,116.81,117.55,2201361,nasdaq
AIG,2026-09-15,76.14,75.98,3528349,nasdaq
AIZ,2026-09-15,282.75,286.11,451339,nasdaq
AJG,2026-09-15,251.18,248.04,1642745,nasdaq
AKAM,2026-09-15,105.63,105.4,2826694,nasdaq
ALB,2026-09-15,115.28,113.45,2336357,nasdaq
ALGN,2026-09-15,151.46,147.0,1025227,nasdaq
ALL,2026-09-15,258.29,257.21,1255815,nasdaq
ALLE,2026-09-15,154.61,154.6,1065560,nasdaq
AMAT,2026-09-15,429.85,421.17,5638863,nasdaq
AMCR,2026-09-15,42.31,42.46,3447184,nasdaq
AMD,2026-09-15,501.7,504.2,17133990,nasdaq
AME,2026-09-15,234.58,234.45,1429384,nasdaq
AMGN,2026-09-15,380.23,375.65,2609303,nasdaq
AMP,2026-09-15,555.85,559.34,685482,nasdaq
AMT,2026-09-15,176.09,177.71,2262479,nasdaq
AMZN,2026-09-15,252.24,248.42,36275440,nasdaq
ANET,2026-09-15,191.885,192.84,4913281,nasdaq
AON,2026-09-15,311.6,304.67,1799178,nasdaq
AOS,2026-09-15,57.48,57.22,1224146,nasdaq
APA,2026-09-15,45.67,47.41,6433857,nasdaq
APD,2026-09-15,288.0,290.56,994743,nasdaq
APH,2026-09-15,78.48,77.65,8669340,nasdaq
APO,2026-09-15,128.26,127.0,2555333,nasdaq
APP,2026-09-15,328.325,331.46,6604925,nasdaq
APTV,2026-09-15,44.16,43.75,3698680,nasdaq
ARE,2026-09-15,51.67,52.93,1722653,nasdaq
ARES,2026-09-15,131.52,129.1,1352390,nasdaq
ATO,2026-09-15,163.81,162.04,1107988,nasdaq
AVGO,2026-09-15,346.04,339.27,24783900,nasdaq
AVY,2026-09-15,170.65,171.52,694034,nasdaq
AWK,2026-09-15,138.76,138.02,1662041,nasdaq
AXON,2026-09-15,467.68,442.08,2779787,nasdaq
AXP,2026-09-15,326.66,324.43,2059346,nasdaq
AZO,2026-09-15,2966.21,2860.25,243136,nasdaq
BA,2026-09-15,210.87,209.69,3600731,nasdaq
BAC,2026-09-15,59.365,59.52,50859670,nasdaq
BALL,2026-09-15,60.66,61.01,2134162,nasdaq
BAX,2026-09-15,23.94,23.71,6145777,nasdaq
BBY,2026-09-15,95.0,93.24,3680305,nasdaq
BDX,2026-09-15,182.39,185.92,2087521,nasdaq
BEN,2026-09-15,33.41,33.29,2964493,nasdaq
BG,2026-09-15,120.77,121.76,1507529,nasdaq
BIIB,2026-09-15,216.71,216.17,756047,nasdaq
BKNG,2026-09-15,173.775,171.32,8995722,nasdaq
BKR,2026-09-15,57.17,56.72,8561128,nasdaq
BLDR,2026-09-15,60.23,60.2,3189897,nasdaq
BLK,2026-09-15,1062.19,1058.66,444870,nasdaq
BMY,2026-09-15,63.94,63.73,9996309,nasdaq
BNY,2026-09-15,156.31,154.67,5069805,nasdaq
BR,2026-09-15,172.01,170.25,945855,nasdaq
BRK.B,2026-09-15,515.0,516.76,3764808,nasdaq
BRO,2026-09-15,67.77,67.23,2131271,nasdaq
BSX,2026-09-15,44.32,43.87,16015360,nasdaq
BX,2026-09-15,128.13,126.7,3189616,nasdaq
BXP,2026-09-15,64.29,63.84,910897,nasdaq
C,2026-09-15,138.0,136.17,10378030,nasdaq
CAH,2026-09-15,233.89,232.65,1796366,nasdaq
CARR,2026-09-15,57.61,55.54,13267930,nasdaq
CASY,2026-09-15,617.59,587.14,823848,nasdaq
CAT,2026-09-15,789.49,783.54,2262764,nasdaq
CB,2026-09-15,341.36,341.86,1619969,nasdaq
CBOE,2026-09-15,281.31,270.44,1068039,nasdaq
CBRE,2026-09-15,139.2,140.11,1558265,nasdaq
CCI,2026-09-15,71.82,73.25,6285039,nasdaq
CCL,2026-09-15,22.82,22.11,19612680,nasdaq
CDNS,2026-09-15,277.38,273.96,2609029,nasdaq
CDW,2026-09-15,151.73,153.74,1424892,nasdaq
CEG,2026-09-15,265.8,259.89,2958151,nasdaq
CELH,2026-09-15,28.17,27.63,5818911,nasdaq
CF,2026-09-15,130.5,135.54,3133032,nasdaq
CFG,2026-09-15,70.63,70.24,3084067,nasdaq
CHD,2026-09-15,93.99,94.51,2454006,nasdaq
CHRW,2026-09-15,156.87,157.63,1253716,nasdaq
CHTR,2026-09-15,141.81,141.2,2692973,nasdaq
CHYM,2026-09-15,33.835,33.61,10255550,nasdaq
CI,2026-09-15,289.9,288.9,1257275,nasdaq
CIEN,2026-09-15,324.44,334.33,2798152,nasdaq
CINF,2026-09-15,172.05,171.67,642054,nasdaq
CL,2026-09-15,87.5,87.0,5311825,nasdaq
CLX,2026-09-15,89.05,87.16,2516375,nasdaq
CMCSA,2026-09-15,24.61,24.42,27249630,nasdaq
CME,2026-09-15,276.71,275.09,2358971,nasdaq
CMG,2026-09-15,36.7,34.83,19990330,nasdaq
CMI,2026-09-15,545.63,538.02,1401146,nasdaq
CMS,2026-09-15,66.8,65.92,2972669,nasdaq
CNC,2026-09-15,68.5,67.66,3579476,nasdaq
CNP,2026-09-15,38.57,37.98,6720576,nasdaq
COF,2026-09-15,206.07,206.85,4158132,nasdaq
COHR,2026-09-15,271.145,271.17,4340414,nasdaq
COIN,2026-09-15,183.621,172.11,18766540,nasdaq
COO,2026-09-15,54.4,53.27,4417012,nasdaq
COP,2026-09-15,137.57,141.22,6562639,nasdaq
COR,2026-09-15,324.98,323.29,913496,nasdaq
COST,2026-09-15,916.92,901.35,2200912,nasdaq
CPAY,2026-09-15,410.21,407.75,377136,nasdaq
CPRT,2026-09-15,31.55,31.04,7434635,nasdaq
CPT,2026-09-15,103.54,102.84,804289,nasdaq
CRH,2026-09-15,88.77,87.69,4724960,nasdaq
CRL,2026-09-15,272.27,272.88,983750,nasdaq
CRM,2026-09-15,256.89,255.65,11502820,nasdaq
CRWD,2026-09-15,233.0,242.49,17227080,nasdaq
CSCO,2026-09-15,110.915,110.07,15609250,nasdaq
CSGP,2026-09-15,31.15,31.56,6722572,nasdaq
CSX,2026-09-15,48.94,48.66,8395285,nasdaq
CTAS,2026-09-15,200.315,198.95,1919378,nasdaq
CTSH,2026-09-15,62.88,63.28,9111308,nasdaq
CTVA,2026-09-15,82.18,83.39,4869390,nasdaq
CVNA,2026-09-15,70.56,66.9,7982082,nasdaq
CVS,2026-09-15,95.74,94.49,5002424,nasdaq
CVX,2026-09-15,212.885,217.77,9561598,nasdaq
D,2026-09-15,64.56,63.87,4757787,nasdaq
DAL,2026-09-15,80.05,78.89,6157700,nasdaq
DASH,2026-09-15,200.06,198.26,3150788,nasdaq
DD,2026-09-15,124.67,128.04,1674158,nasdaq
DDOG,2026-09-15,224.0601,230.27,4029311,nasdaq
DE,2026-09-15,681.4,684.04,1526767,nasdaq
DECK,2026-09-15,80.3,77.51,3937114,nasdaq
DELL,2026-09-15,541.55,543.51,9830597,nasdaq
DG,2026-09-15,129.46,124.7,2638040,nasdaq
DGX,2026-09-15,238.39,247.08,1373615,nasdaq
DHI,2026-09-15,139.79,140.2,2279837,nasdaq
DHR,2026-09-15,203.08,209.36,3505212,nasdaq
DIS,2026-09-15,108.11,106.42,8919501,nasdaq
DLR,2026-09-15,178.53,179.27,2253391,nasdaq
DLTR,2026-09-15,117.675,112.79,4210797,nasdaq
DOC,2026-09-15,20.26,20.16,4256366,nasdaq
DOV,2026-09-15,190.13,188.97,1222337,nasdaq
DOW,2026-09-15,29.01,29.85,8698046,nasdaq
DPZ,2026-09-15,321.78,310.82,679099,nasdaq
DRI,2026-09-15,216.58,209.12,1610347,nasdaq
DTE,2026-09-15,131.21,130.4,1611593,nasdaq
DUK,2026-09-15,119.14,117.77,4596095,nasdaq
DVA,2026-09-15,188.09,190.9,686055,nasdaq
DVN,2026-09-15,50.04,51.33,11508060,nasdaq
DXCM,2026-09-15,84.04,86.45,5961138,nasdaq
EBAY,2026-09-15,109.32,108.03,3662908,nasdaq
ECHO,2026-09-15,94.28,92.1,2423563,nasdaq
ECL,2026-09-15,276.4,274.6,1008113,nasdaq
ED,2026-09-15,105.84,105.24,1706591,nasdaq
EFX,2026-09-15,171.2,167.08,1867044,nasdaq
EG,2026-09-15,378.61,379.55,342103,nasdaq
EIX,2026-09-15,56.85,54.56,4911926,nasdaq
EL,2026-09-15,97.6,96.25,1942660,nasdaq
ELV,2026-09-15,423.0,417.54,1475524,nasdaq
EME,2026-09-15,757.32,735.52,321817,nasdaq
EMR,2026-09-15,148.62,147.0,2087564,nasdaq
EOG,2026-09-15,149.84,153.74,3577657,nasdaq
EQIX,2026-09-15,997.63,1006.98,592186,nasdaq
EQT,2026-09-15,53.64,53.12,6648737,nasdaq
ERIE,2026-09-15,252.77,250.61,155171,nasdaq
ES,2026-09-15,68.36,67.21,2037129,nasdaq
ESS,2026-09-15,274.96,276.05,531084,nasdaq
ETN,2026-09-15,398.8,392.4,2689638,nasdaq
ETR,2026-09-15,104.07,102.92,2354745,nasdaq
EVRG,2026-09-15,81.19,80.2,1773941,nasdaq
EW,2026-09-15,85.03,85.74,3777847,nasdaq
EXC,2026-09-15,42.87,42.195,5493277,nasdaq
EXE,2026-09-15,93.97,94.23,3291593,nasdaq
EXPD,2026-09-15,193.04,193.9,938560,nasdaq
EXPE,2026-09-15,284.76,293.08,2061975,nasdaq
EXR,2026-09-15,137.92,137.3,1304343,nasdaq
F,2026-09-15,13.88,13.5,45801370,nasdaq
FANG,2026-09-15,207.23,211.525,2116943,nasdaq
FAST,2026-09-15,49.43,49.41,5203941,nasdaq
FCX,2026-09-15,69.44,69.38,7536326,nasdaq
FDS,2026-09-15,273.45,277.09,813085,nasdaq
FDX,2026-09-15,313.32,308.26,1029829,nasdaq
FDXF,2026-09-15,129.67,126.94,1524270,nasdaq
FE,2026-09-15,45.75,45.33,3458877,nasdaq
FERG,2026-09-15,219.04,215.11,1853091,nasdaq
FFIV,2026-09-15,412.12,430.88,638881,nasdaq
FICO,2026-09-15,991.5,985.96,278738,nasdaq
FIS,2026-09-15,38.03,37.34,5517539,nasdaq
FISV,2026-09-15,50.54,50.02,7359086,nasdaq
FITB,2026-09-15,54.72,54.67,9802542,nasdaq
FIX,2026-09-15,1625.31,1576.78,301364,nasdaq
FLEX,2026-09-15,111.47,108.0,2001962,nasdaq
FOX,2026-09-15,61.06,60.34,740999,nasdaq
FOXA,2026-09-15,67.75,67.57,4587195,nasdaq
FRT,2026-09-15,115.49,113.93,605691,nasdaq
FSLR,2026-09-15,209.48,202.34,1448019,nasdaq
FTNT,2026-09-15,168.67,172.37,4391684,nasdaq
FTV,2026-09-15,55.19,56.45,2979781,nasdaq
GD,2026-09-15,357.07,358.6,1259095,nasdaq
GDDY,2026-09-15,102.84,102.38,1923530,nasdaq
GE,2026-09-15,318.54,307.05,7275224,nasdaq
GEHC,2026-09-15,64.25,64.07,4255404,nasdaq
GEN,2026-09-15,30.96,31.23,5261904,nasdaq
GEV,2026-09-15,889.5,882.81,2047851,nasdaq
GILD,2026-09-15,144.002,146.3,4536022,nasdaq
GIS,2026-09-15,36.11,36.58,7505229,nasdaq
GL,2026-09-15,172.59,173.29,368626,nasdaq
GLW,2026-09-15,145.3,143.57,8023545,nasdaq
GM,2026-09-15,87.05,85.37,6300089,nasdaq
GNRC,2026-09-15,179.43,175.03,619386,nasdaq
GOOG,2026-09-15,343.34,341.43,13360950,nasdaq
GOOGL,2026-09-15,346.8,344.98,21928570,nasdaq
GPC,2026-09-15,133.79,131.01,1199758,nasdaq
GPN,2026-09-15,88.55,88.98,2348514,nasdaq
GRMN,2026-09-15,280.75,278.97,506766,nasdaq
GS,2026-09-15,984.65,976.67,2356138,nasdaq
GWW,2026-09-15,1269.58,1269.53,334735,nasdaq
HAL,2026-09-15,35.29,35.67,9424017,nasdaq
HAS,2026-09-15,90.76,90.21,1532948,nasdaq
HBAN,2026-09-15,16.77,16.75,37399260,nasdaq
HCA,2026-09-15,419.0,423.82,1256216,nasdaq
HD,2026-09-15,310.6,305.48,4497244,nasdaq
HIG,2026-09-15,137.51,136.03,1808989,nasdaq
HII,2026-09-15,280.98,279.46,416434,nasdaq
HLT,2026-09-15,310.42,307.79,1289629,nasdaq
HON,2026-09-15,201.38,203.44,3687387,nasdaq
HONA,2026-09-15,163.55,158.495,5281250,nasdaq
HOOD,2026-09-15,111.715,110.45,28745300,nasdaq
HPE,2026-09-15,55.745,55.88,23305290,nasdaq
HPQ,2026-09-15,33.755,33.82,14022360,nasdaq
HRL,2026-09-15,20.92,20.79,3798225,nasdaq
HSIC,2026-09-15,88.93,87.52,1551551,nasdaq
HST,2026-09-15,22.43,22.13,11632690,nasdaq
HSY,2026-09-15,173.0,170.42,2043241,nasdaq
HUBB,2026-09-15,447.02,438.53,508084,nasdaq
HUM,2026-09-15,405.29,396.62,852098,nasdaq
HWM,2026-09-15,231.59,224.67,4084423,nasdaq
IBKR,2026-09-15,90.2,88.8,4528393,nasdaq
IBM,2026-09-15,246.19,248.37,4518283,nasdaq
ICE,2026-09-15,156.63,156.9,2191659,nasdaq
IDXX,2026-09-15,509.56,510.73,603672,nasdaq
IEX,2026-09-15,222.0,222.84,517288,nasdaq
IFF,2026-09-15,83.0,84.24,1581041,nasdaq
INCY,2026-09-15,121.58,121.74,1564077,nasdaq
INTC,2026-09-15,98.83,97.14,84999320,nasdaq
INTU,2026-09-15,334.45,329.27,2907429,nasdaq
INVH,2026-09-15,27.58,27.64,5530494,nasdaq
IP,2026-09-15,34.32,33.99,6077802,nasdaq
IQV,2026-09-15,263.17,269.67,1439158,nasdaq
IR,2026-09-15,72.54,71.91,5665831,nasdaq
IRM,2026-09-15,111.11,112.04,1762781,nasdaq
ISRG,2026-09-15,374.54,377.16,1983904,nasdaq
IT,2026-09-15,192.45,195.62,1248661,nasdaq
ITW,2026-09-15,269.47,268.6,1034624,nasdaq
IVZ,2026-09-15,31.38,30.78,4368671,nasdaq
J,2026-09-15,142.96,144.91,551862,nasdaq
JBHT,2026-09-15,274.99,273.05,513132,nasdaq
JBL,2026-09-15,303.08,296.05,1039856,nasdaq
JCI,2026-09-15,139.17,138.29,5149514,nasdaq
JKHY,2026-09-15,162.91,154.07,1512197,nasdaq
JNJ,2026-09-15,265.81,267.2,5284830,nasdaq
JPM,2026-09-15,351.0,352.49,14030790,nasdaq
KDP,2026-09-15,31.44,31.49,11933190,nasdaq
KEY,2026-09-15,21.92,21.7,25081070,nasdaq
KEYS,2026-09-15,316.55,313.36,1390995,nasdaq
KHC,2026-09-15,23.94,24.73,22951370,nasdaq
KIM,2026-09-15,23.21,22.99,6359976,nasdaq
KKR,2026-09-15,101.76,100.0,3755380,nasdaq
KLAC,2026-09-15,172.0,168.02,7913611,nasdaq
KMB,2026-09-15,98.345,98.675,6662898,nasdaq
KMI,2026-09-15,31.1,30.77,12852730,nasdaq
KO,2026-09-15,88.53,88.71,13152140,nasdaq
KR,2026-09-15,60.77,62.25,10348620,nasdaq
KVUE,2026-09-15,17.93,17.92,53825340,nasdaq
L,2026-09-15,109.18,109.21,1106118,nasdaq
LDOS,2026-09-15,130.49,129.24,1048788,nasdaq
LEN,2026-09-15,79.98,80.07,4500903,nasdaq
LH,2026-09-15,314.09,323.97,878294,nasdaq
LHX,2026-09-15,251.9,249.66,1445385,nasdaq
LII,2026-09-15,366.19,362.19,556357,nasdaq
LIN,2026-09-15,462.185,462.96,1642762,nasdaq
LITE,2026-09-15,842.705,838.96,2901569,nasdaq
LLY,2026-09-15,1156.63,1136.11,1887653,nasdaq
LMT,2026-09-15,532.13,533.46,919119,nasdaq
LNT,2026-09-15,67.05,65.99,1468546,nasdaq
LOW,2026-09-15,197.73,194.61,4093663,nasdaq
LRCX,2026-09-15,278.605,270.87,8940448,nasdaq
LULU,2026-09-15,99.56,98.37,4674852,nasdaq
LUV,2026-09-15,39.74,39.28,5205452,nasdaq
LVS,2026-09-15,42.22,41.27,5437669,nasdaq
LYB,2026-09-15,63.06,65.43,3420240,nasdaq
LYV,2026-09-15,170.9,170.24,1871602,nasdaq
MA,2026-09-15,571.48,573.27,2129615,nasdaq
MAA,2026-09-15,125.25,124.49,1451975,nasdaq
MAR,2026-09-15,339.51,337.24,1556937,nasdaq
MAS,2026-09-15,69.31,68.88,2122935,nasdaq
MCD,2026-09-15,257.78,252.78,4788906,nasdaq
MCHP,2026-09-15,71.88,71.49,6745339,nasdaq
MCK,2026-09-15,902.31,899.56,1151062,nasdaq
MCO,2026-09-15,474.0,467.16,649508,nasdaq
MDLZ,2026-09-15,61.98,62.1,5665484,nasdaq
MDT,2026-09-15,93.69,93.75,7147304,nasdaq
MET,2026-09-15,97.41,98.22,2066734,nasdaq
META,2026-09-15,659.3,670.24,19502840,nasdaq
MGM,2026-09-15,39.6,39.22,2056369,nasdaq
MKC,2026-09-15,49.965,49.86,3418364,nasdaq
MLM,2026-09-15,501.23,506.81,909674,nasdaq
MMM,2026-09-15,162.32,164.67,4175028,nasdaq
MNST,2026-09-15,44.0,44.63,9586658,nasdaq
MO,2026-09-15,68.94,69.81,10499730,nasdaq
MOS,2026-09-15,24.96,25.46,11463270,nasdaq
MPC,2026-09-15,397.69,410.84,2878051,nasdaq
MPWR,2026-09-15,1164.97,1142.46,557090,nasdaq
MRK,2026-09-15,143.85,143.79,8292750,nasdaq
MRNA,2026-09-15,146.0,143.77,8414681,nasdaq
MRSH,2026-09-15,179.78,179.76,2769613,nasdaq
MRVL,2026-09-15,221.62,221.7,12742870,nasdaq
MS,2026-09-15,205.34,206.28,7917169,nasdaq
MSCI,2026-09-15,550.06,544.6,524400,nasdaq
MSFT,2026-09-15,500.06,497.12,17794610,nasdaq
MSI,2026-09-15,476.49,469.14,1181676,nasdaq
MTB,2026-09-15,238.54,235.37,1328040,nasdaq
MTD,2026-09-15,1293.46,1330.4,211747,nasdaq
MU,2026-09-15,937.5,927.6,20434660,nasdaq
NCLH,2026-09-15,14.77,14.28,18402790,nasdaq
NDAQ,2026-09-15,90.75,89.23,2995260,nasdaq
NDSN,2026-09-15,310.38,309.25,632950,nasdaq
NEE,2026-09-15,81.83,81.07,11507940,nasdaq
NEM,2026-09-15,123.17,124.19,5823462,nasdaq
NFLX,2026-09-15,79.375,77.9,28027360,nasdaq
NI,2026-09-15,41.11,40.59,3304759,nasdaq
NKE,2026-09-15,36.85,36.22,29693060,nasdaq
NOC,2026-09-15,529.31,531.25,771510,nasdaq
NOW,2026-09-15,139.15,141.9,14714100,nasdaq
NRG,2026-09-15,109.43,105.99,3393740,nasdaq
NSC,2026-09-15,321.11,320.22,1232010,nasdaq
NTAP,2026-09-15,189.76,189.93,2422400,nasdaq
NTRS,2026-09-15,179.77,178.74,918543,nasdaq
NUE,2026-09-15,256.71,258.82,876016,nasdaq
NVDA,2026-09-15,213.375,212.17,88059660,nasdaq
NVR,2026-09-15,6274.83,6257.45,32023,nasdaq
NWS,2026-09-15,33.64,33.78,1041298,nasdaq
NWSA,2026-09-15,30.19,30.435,2959873,nasdaq
NXPI,2026-09-15,226.04,226.35,2373816,nasdaq
O,2026-09-15,59.38,58.71,7049003,nasdaq
ODFL,2026-09-15,182.13,180.96,1333460,nasdaq
OKE,2026-09-15,96.88,94.72,4158650,nasdaq
OMC,2026-09-15,80.23,79.85,2045628,nasdaq
ON,2026-09-15,73.345,73.2,12541250,nasdaq
ORCL,2026-09-15,143.46,140.35,31552730,nasdaq
ORLY,2026-09-15,86.92,85.16,6233311,nasdaq
OTIS,2026-09-15,69.12,68.5,4759885,nasdaq
OXY,2026-09-15,62.11,63.52,10386750,nasdaq
PANW,2026-09-15,368.43,375.09,6480593,nasdaq
PAYX,2026-09-15,117.835,118.3,2735509,nasdaq
PCAR,2026-09-15,122.81,122.46,1767449,nasdaq
PCG,2026-09-15,13.71,13.15,32232330,nasdaq
PEG,2026-09-15,70.94,70.42,3522582,nasdaq
PEP,2026-09-15,135.765,135.5,8176650,nasdaq
PFE,2026-09-15,27.615,27.55,40435890,nasdaq
PFG,2026-09-15,116.78,118.37,1392443,nasdaq
PG,2026-09-15,144.78,146.67,8804854,nasdaq
PGR,2026-09-15,220.0,221.31,2017353,nasdaq
PH,2026-09-15,934.62,925.0,601720,nasdaq
PHM,2026-09-15,118.76,119.47,1520796,nasdaq
PKG,2026-09-15,231.14,231.21,433791,nasdaq
PLD,2026-09-15,135.35,135.84,3527471,nasdaq
PLTR,2026-09-15,170.5,172.56,31238180,nasdaq
PM,2026-09-15,192.91,194.11,4184183,nasdaq
PNC,2026-09-15,243.67,240.78,1717575,nasdaq
PNR,2026-09-15,57.11,56.58,3316222,nasdaq
PNW,2026-09-15,95.49,94.9,795432,nasdaq
PODD,2026-09-15,137.59,139.24,1495909,nasdaq
PPG,2026-09-15,105.61,104.89,1498145,nasdaq
PPL,2026-09-15,33.74,33.23,6209387,nasdaq
PRU,2026-09-15,119.34,119.31,1322581,nasdaq
PSA,2026-09-15,292.96,296.68,1033245,nasdaq
PSKY,2026-09-15,10.8,11.01,12311290,nasdaq
PSX,2026-09-15,258.12,264.93,2879686,nasdaq
PTC,2026-09-15,134.91,132.75,1638353,nasdaq
PWR,2026-09-15,623.72,613.35,761269,nasdaq
PYPL,2026-09-15,54.1,53.81,8147859,nasdaq
Q,2026-09-15,119.15,114.59,2515665,nasdaq
QCOM,2026-09-15,180.535,187.8,13852640,nasdaq
RCL,2026-09-15,256.39,249.3,1887588,nasdaq
RDDT,2026-09-15,157.9,159.63,5093147,nasdaq
REG,2026-09-15,74.48,74.05,1217896,nasdaq
REGN,2026-09-15,788.53,774.11,540837,nasdaq
RF,2026-09-15,30.08,29.68,9727273,nasdaq
RJF,2026-09-15,170.38,168.75,1099084,nasdaq
RL,2026-09-15,339.16,335.23,636861,nasdaq
RMD,2026-09-15,226.36,229.44,1641047,nasdaq
ROK,2026-09-15,420.6,417.0,828197,nasdaq
ROL,2026-09-15,35.14,33.77,6704000,nasdaq
ROP,2026-09-15,387.06,383.94,857243,nasdaq
ROST,2026-09-15,230.99,226.26,1776429,nasdaq
RSG,2026-09-15,225.24,223.04,1618743,nasdaq
RTX,2026-09-15,196.73,195.5,4729145,nasdaq
RVTY,2026-09-15,128.67,140.19,3693895,nasdaq
SBAC,2026-09-15,182.47,183.14,879522,nasdaq
SBUX,2026-09-15,98.9,96.58,6804164,nasdaq
SCHW,2026-09-15,107.01,107.79,9198359,nasdaq
SHW,2026-09-15,324.49,323.22,1246380,nasdaq
SJM,2026-09-15,120.8,121.7,1398234,nasdaq
SLB,2026-09-15,53.79,54.2,12913540,nasdaq
SMCI,2026-09-15,36.74,35.64,26725860,nasdaq
SNA,2026-09-15,378.43,374.82,264088,nasdaq
SNDK,2026-09-15,1569.71,1530.895,6873916,nasdaq
SNPS,2026-09-15,378.37,367.7,2938962,nasdaq
SO,2026-09-15,87.17,85.95,5102725,nasdaq
SOLV,2026-09-15,89.54,90.06,1103095,nasdaq
SPG,2026-09-15,204.82,204.1,1055674,nasdaq
SPGI,2026-09-15,415.26,412.52,1699146,nasdaq
SPY,2026-09-15,760.117,757.39,46194960,nasdaq
SRE,2026-09-15,83.32,81.2,3929321,nasdaq
STE,2026-09-15,212.64,210.28,778998,nasdaq
STLD,2026-09-15,236.21,239.22,1138097,nasdaq
STT,2026-09-15,187.45,185.13,1847724,nasdaq
STX,2026-09-15,800.24,771.81,4055373,nasdaq
STZ,2026-09-15,124.04,123.62,2088418,nasdaq
SW,2026-09-15,44.06,43.71,5051644,nasdaq
SWK,2026-09-15,89.16,88.58,1678130,nasdaq
SWKS,2026-09-15,80.54,90.0,12953910,nasdaq
SYF,2026-09-15,75.39,76.06,3499948,nasdaq
SYK,2026-09-15,281.0,281.5,3463160,nasdaq
SYY,2026-09-15,82.115,79.6,13661210,nasdaq
T,2026-09-15,26.3,26.72,37337330,nasdaq
TAP,2026-09-15,38.7,39.27,3441116,nasdaq
TDG,2026-09-15,1112.93,1085.0,439136,nasdaq
TDY,2026-09-15,597.17,598.51,300720,nasdaq
TECH,2026-09-15,72.28,72.34,2930049,nasdaq
TEL,2026-09-15,204.24,201.42,1831682,nasdaq
TER,2026-09-15,337.83,332.85,2692589,nasdaq
TFC,2026-09-15,50.19,50.46,10011690,nasdaq
TGT,2026-09-15,158.77,154.4,3620802,nasdaq
TJX,2026-09-15,126.2,124.6,11105450,nasdaq
TKO,2026-09-15,193.19,190.13,1428900,nasdaq
TMO,2026-09-15,615.47,641.39,3022816,nasdaq
TMUS,2026-09-15,183.23,180.47,3627342,nasdaq
TPL,2026-09-15,369.93,371.63,286866,nasdaq
TPR,2026-09-15,117.51,117.11,2437461,nasdaq
TRGP,2026-09-15,288.92,285.68,780755,nasdaq
TRMB,2026-09-15,58.455,58.8,2158633,nasdaq
TROW,2026-09-15,104.7,104.23,2181887,nasdaq
TRV,2026-09-15,377.47,377.97,1095877,nasdaq
TSCO,2026-09-15,33.68,33.03,7491801,nasdaq
TSLA,2026-09-15,358.75,356.58,30317730,nasdaq
TSN,2026-09-15,52.9,52.55,3460486,nasdaq
TT,2026-09-15,429.76,422.73,1603471,nasdaq
TTD,2026-09-15,14.765,15.0,21281310,nasdaq
TTWO,2026-09-15,220.24,211.91,2558959,nasdaq
TXN,2026-09-15,265.11,263.43,4412265,nasdaq
TXT,2026-09-15,80.88,80.72,1533539,nasdaq
TYL,2026-09-15,352.9,353.13,658500,nasdaq
UAL,2026-09-15,109.58,106.92,3940873,nasdaq
UBER,2026-09-15,72.325,71.43,15515820,nasdaq
UDR,2026-09-15,35.15,34.91,6360572,nasdaq
UHS,2026-09-15,171.62,176.85,804524,nasdaq
ULTA,2026-09-15,554.2,544.32,591649,nasdaq
UNH,2026-09-15,383.55,375.93,4393582,nasdaq
UNP,2026-09-15,285.31,283.99,1762531,nasdaq
UPS,2026-09-15,102.94,102.35,3906189,nasdaq
URI,2026-09-15,993.71,989.13,317903,nasdaq
USB,2026-09-15,62.92,62.22,6761755,nasdaq
V,2026-09-15,374.815,375.62,5015353,nasdaq
VEEV,2026-09-15,260.8,266.62,1350530,nasdaq
VICI,2026-09-15,24.99,24.76,12763920,nasdaq
VLO,2026-09-15,383.51,397.04,3619208,nasdaq
VLTO,2026-09-15,96.26,95.48,1047344,nasdaq
VMC,2026-09-15,250.51,249.2,772269,nasdaq
VMRK,2026-09-15,66.15,65.63,7103840,nasdaq
VOO,2026-09-15,698.77,696.2,9657887,nasdaq
VRSK,2026-09-15,184.91,180.08,964052,nasdaq
VRSN,2026-09-15,295.31,297.26,486928,nasdaq
VRT,2026-09-15,243.02,234.61,5737183,nasdaq
VRTX,2026-09-15,519.94,514.63,824890,nasdaq
VST,2026-09-15,141.84,141.53,5598477,nasdaq
VTI,2026-09-15,374.29,372.84,2829206,nasdaq
VTR,2026-09-15,89.1,88.56,3081343,nasdaq
VTRS,2026-09-15,16.63,16.65,6844871,nasdaq
VXUS,2026-09-15,85.88,85.69,5303844,nasdaq
VZ,2026-09-15,51.11,51.45,18722940,nasdaq
WAB,2026-09-15,280.3,278.12,575671,nasdaq
WAT,2026-09-15,413.98,417.09,825201,nasdaq
WBD,2026-09-15,27.99,28.03,16780370,nasdaq
WDAY,2026-09-15,191.5,190.67,1981992,nasdaq
WDC,2026-09-15,430.25,411.96,7868966,nasdaq
WEC,2026-09-15,105.29,103.51,3136354,nasdaq
WELL,2026-09-15,233.43,232.76,2019467,nasdaq
WFC,2026-09-15,90.52,89.72,15942390,nasdaq
WM,2026-09-15,217.25,217.25,1793463,nasdaq
WMB,2026-09-15,72.39,71.63,7553752,nasdaq
WMT,2026-09-15,108.61,108.09,19316330,nasdaq
WRB,2026-09-15,70.7,71.28,3118629,nasdaq
WSM,2026-09-15,229.69,221.47,1549782,nasdaq
WST,2026-09-15,355.02,365.0,981894,nasdaq
WTW,2026-09-15,321.91,321.97,457156,nasdaq
WY,2026-09-15,22.26,22.29,5962522,nasdaq
WYNN,2026-09-15,87.5,86.71,1767034,nasdaq
XEL,2026-09-15,73.845,72.49,6806390,nasdaq
XOM,2026-09-15,165.36,169.32,12336370,nasdaq
XYL,2026-09-15,106.99,107.5,2385703,nasdaq
XYZ,2026-09-15,79.33,78.31,3545996,nasdaq
YUM,2026-09-15,144.76,140.77,2215282,nasdaq
ZBH,2026-09-15,96.44,98.41,3616087,nasdaq
ZBRA,2026-09-15,351.77,342.73,494251,nasdaq
ZTS,2026-09-15,72.91,73.43,4080240,nasdaq
A,2026-09-16,150.83,153.69,2507725,nasdaq
AAPL,2026-09-16,332.53,332.41,35981000,nasdaq
ABBV,2026-09-16,261.99,262.51,3118268,nasdaq
ABNB,2026-09-16,167.485,167.51,3170199,nasdaq
ABT,2026-09-16,101.89,102.36,5229743,nasdaq
ACGL,2026-09-16,96.14,96.97,5296012,nasdaq
ACN,2026-09-16,190.04,189.64,3319888,nasdaq
ADBE,2026-09-16,253.34,250.5,4476061,nasdaq
ADI,2026-09-16,365.78,362.04,3063647,nasdaq
ADM,2026-09-16,85.71,85.0,4164775,nasdaq
ADP,2026-09-16,273.3,273.19,2480928,nasdaq
ADSK,2026-09-16,222.56,220.31,1889512,nasdaq
AEE,2026-09-16,103.67,103.04,1080913,nasdaq
AEP,2026-09-16,120.855,120.69,4041456,nasdaq
AES,2026-09-16,14.82,14.81,8108940,nasdaq
AFL,2026-09-16,117.23,116.81,2475690,nasdaq
AIG,2026-09-16,75.35,76.07,4428057,nasdaq
AIZ,2026-09-16,285.41,283.56,419054,nasdaq
AJG,2026-09-16,246.21,243.78,1180468,nasdaq
AKAM,2026-09-16,105.385,104.48,2504696,nasdaq
ALB,2026-09-16,114.0,109.47,2748563,nasdaq
ALGN,2026-09-16,148.18,150.45,946514,nasdaq
ALL,2026-09-16,255.88,254.85,1432155,nasdaq
ALLE,2026-09-16,155.21,152.81,1044089,nasdaq
AMAT,2026-09-16,429.73,415.38,5511015,nasdaq
AMCR,2026-09-16,42.61,41.97,2986602,nasdaq
AMD,2026-09-16,517.39,512.5,22317670,nasdaq
AME,2026-09-16,234.59,232.19,1359133,nasdaq
AMGN,2026-09-16,377.01,376.35,2401881,nasdaq
AMP,2026-09-16,556.84,540.86,609633,nasdaq
AMT,2026-09-16,177.39,176.39,2348755,nasdaq
AMZN,2026-09-16,248.1,245.96,33488490,nasdaq
ANET,2026-09-16,197.44,197.54,4475467,nasdaq
AON,2026-09-16,303.4,300.57,3194573,nasdaq
AOS,2026-09-16,57.44,56.89,1352986,nasdaq
APA,2026-09-16,46.44,44.79,9166802,nasdaq
APD,2026-09-16,290.57,287.08,1465793,nasdaq
APH,2026-09-16,79.02,77.26,8899920,nasdaq
APO,2026-09-16,127.3,124.53,3062162,nasdaq
APP,2026-09-16,333.58,326.56,3526893,nasdaq
APTV,2026-09-16,43.86,43.34,3102013,nasdaq
ARE,2026-09-16,53.15,53.52,2049862,nasdaq
ARES,2026-09-16,127.96,124.21,1803165,nasdaq
ATO,2026-09-16,163.2,161.96,1180778,nasdaq
AVGO,2026-09-16,342.365,339.51,23152530,nasdaq
AVY,2026-09-16,172.24,172.28,1063886,nasdaq
AWK,2026-09-16,138.31,137.76,1382068,nasdaq
AXON,2026-09-16,441.33,468.42,2625605,nasdaq
AXP,2026-09-16,322.32,312.43,4641780,nasdaq
AZO,2026-09-16,2865.02,2849.04,298924,nasdaq
BA,2026-09-16,210.19,201.96,12877410,nasdaq
BAC,2026-09-16,59.27,57.9,50145200,nasdaq
BALL,2026-09-16,61.08,61.26,1723877,nasdaq
BAX,2026-09-16,23.76,23.53,9453579,nasdaq
BBY,2026-09-16,93.24,92.45,4020359,nasdaq
BDX,2026-09-16,185.18,181.85,1734018,nasdaq
BEN,2026-09-16,33.38,32.72,2559887,nasdaq
BG,2026-09-16,120.52,117.13,1810302,nasdaq
BIIB,2026-09-16,216.41,216.01,606493,nasdaq
BKNG,2026-09-16,171.34,171.4,5990363,nasdaq
BKR,2026-09-16,56.33,56.32,9549445,nasdaq
BLDR,2026-09-16,60.67,59.65,2681578,nasdaq
BLK,2026-09-16,1063.38,1037.24,633950,nasdaq
BMY,2026-09-16,64.07,63.6,9449055,nasdaq
BNY,2026-09-16,154.81,153.47,3133018,nasdaq
BR,2026-09-16,169.81,167.09,894163,nasdaq
BRK.B,2026-09-16,516.36,519.8,5258519,nasdaq
BRO,2026-09-16,66.38,65.88,1872449,nasdaq
BSX,2026-09-16,43.85,43.91,28476800,nasdaq
BX,2026-09-16,127.25,123.45,3624290,nasdaq
BXP,2026-09-16,63.98,64.04,1657547,nasdaq
C,2026-09-16,136.85,132.95,9455548,nasdaq
CAH,2026-09-16,233.07,232.54,1220657,nasdaq
CARR,2026-09-16,56.0,54.26,8232719,nasdaq
CASY,2026-09-16,590.0,589.0,729923,nasdaq
CAT,2026-09-16,797.0,782.72,2647885,nasdaq
CB,2026-09-16,340.25,341.53,1537991,nasdaq
CBOE,2026-09-16,268.48,270.43,1151203,nasdaq
CBRE,2026-09-16,140.72,138.56,1868558,nasdaq
CCI,2026-09-16,73.25,73.22,4237815,nasdaq
CCL,2026-09-16,22.4,22.35,25253240,nasdaq
CDNS,2026-09-16,274.25,279.9,2496926,nasdaq
CDW,2026-09-16,152.38,149.96,969697,nasdaq
CEG,2026-09-16,262.6,259.53,2745552,nasdaq
CELH,2026-09-16,28.72,28.25,6324746,nasdaq
CF,2026-09-16,133.23,131.99,1648200,nasdaq
CFG,2026-09-16,70.25,66.84,5143435,nasdaq
CHD,2026-09-16,94.76,95.51,1841117,nasdaq
CHRW,2026-09-16,155.6,153.47,1584018,nasdaq
CHTR,2026-09-16,139.82,135.0,2060447,nasdaq
CHYM,2026-09-16,33.36,31.25,8247470,nasdaq
CI,2026-09-16,288.31,280.45,1166262,nasdaq
CIEN,2026-09-16,350.09,340.5,3955510,nasdaq
CINF,2026-09-16,171.59,170.77,768737,nasdaq
CL,2026-09-16,87.1,87.02,5864211,nasdaq
CLX,2026-09-16,87.08,84.86,3432430,nasdaq
CMCSA,2026-09-16,24.38,23.73,24295830,nasdaq
CME,2026-09-16,273.46,272.46,1654569,nasdaq
CMG,2026-09-16,35.24,33.68,13076550,nasdaq
CMI,2026-09-16,541.64,527.5,1452794,nasdaq
CMS,2026-09-16,66.34,65.99,2050158,nasdaq
CNC,2026-09-16,68.4,66.01,4278037,nasdaq
CNP,2026-09-16,38.26,38.33,6642418,nasdaq
COF,2026-09-16,206.38,203.19,4214897,nasdaq
COHR,2026-09-16,280.56,289.93,7543171,nasdaq
COIN,2026-09-16,172.5,164.51,13773150,nasdaq
COO,2026-09-16,54.37,54.61,5314243,nasdaq
COP,2026-09-16,138.42,132.54,9049841,nasdaq
COR,2026-09-16,321.83,318.5,931141,nasdaq
COST,2026-09-16,901.05,893.74,2101651,nasdaq
CPAY,2026-09-16,406.52,402.27,386509,nasdaq
CPRT,2026-09-16,30.57,30.82,7490023,nasdaq
CPT,2026-09-16,102.78,101.3,967385,nasdaq
CRH,2026-09-16,87.79,86.7,4690965,nasdaq
CRL,2026-09-16,272.78,273.41,1014795,nasdaq
CRM,2026-09-16,251.85,250.54,9432373,nasdaq
CRWD,2026-09-16,236.92,241.36,11758620,nasdaq
CSCO,2026-09-16,110.66,107.74,15563780,nasdaq
CSGP,2026-09-16,31.25,30.36,4667650,nasdaq
CSX,2026-09-16,48.02,47.9,11411850,nasdaq
CTAS,2026-09-16,197.59,199.46,2110721,nasdaq
CTSH,2026-09-16,62.3,61.85,5257186,nasdaq
CTVA,2026-09-16,82.58,81.01,6479937,nasdaq
CVNA,2026-09-16,67.65,65.4,8558138,nasdaq
CVS,2026-09-16,94.46,91.72,7235058,nasdaq
CVX,2026-09-16,215.09,211.54,8049865,nasdaq
D,2026-09-16,64.37,63.51,3697134,nasdaq
DAL,2026-09-16,79.66,77.87,6990471,nasdaq
DASH,2026-09-16,198.31,196.76,3041865,nasdaq
DD,2026-09-16,128.73,127.57,1010636,nasdaq
DDOG,2026-09-16,229.13,230.79,2773594,nasdaq
DE,2026-09-16,681.73,669.47,872155,nasdaq
DECK,2026-09-16,78.21,77.96,3045355,nasdaq
DELL,2026-09-16,553.625,563.29,13108090,nasdaq
DG,2026-09-16,124.38,123.01,2317744,nasdaq
DGX,2026-09-16,245.47,247.08,948753,nasdaq
DHI,2026-09-16,142.22,138.32,3933609,nasdaq
DHR,2026-09-16,209.67,208.36,3568835,nasdaq
DIS,2026-09-16,106.475,106.99,10108580,nasdaq
DLR,2026-09-16,180.67,181.07,2634873,nasdaq
DLTR,2026-09-16,113.87,112.4,3613339,nasdaq
DOC,2026-09-16,20.19,20.35,4910263,nasdaq
DOV,2026-09-16,190.2,188.36,1440512,nasdaq
DOW,2026-09-16,29.4,30.08,12243270,nasdaq
DPZ,2026-09-16,310.82,301.3,775280,nasdaq
DRI,2026-09-16,211.79,208.08,1098604,nasdaq
DTE,2026-09-16,131.45,130.7,2284785,nasdaq
DUK,2026-09-16,118.42,117.76,3824290,nasdaq
DVA,2026-09-16,191.43,193.86,599324,nasdaq
DVN,2026-09-16,50.47,48.44,14992960,nasdaq
DXCM,2026-09-16,86.05,87.34,3617180,nasdaq
EBAY,2026-09-16,107.44,109.17,4649928,nasdaq
ECHO,2026-09-16,91.92,93.46,3212529,nasdaq
ECL,2026-09-16,275.59,274.08,1271183,nasdaq
ED,2026-09-16,105.92,105.42,1856604,nasdaq
EFX,2026-09-16,166.56,163.8,1128620,nasdaq
EG,2026-09-16,377.85,377.77,379949,nasdaq
EIX,2026-09-16,55.25,54.81,4414001,nasdaq
EL,2026-09-16,96.25,95.6,2081148,nasdaq
ELV,2026-09-16,417.0,412.56,1118380,nasdaq
EME,2026-09-16,747.04,739.46,309562,nasdaq
EMR,2026-09-16,148.29,145.83,2516003,nasdaq
EOG,2026-09-16,149.99,144.93,4386547,nasdaq
EQIX,2026-09-16,1015.8,1016.16,436606,nasdaq
EQT,2026-09-16,52.61,50.41,9729397,nasdaq
ERIE,2026-09-16,249.06,245.58,159597,nasdaq
ES,2026-09-16,67.84,67.86,2444656,nasdaq
ESS,2026-09-16,275.83,271.34,553692,nasdaq
ETN,2026-09-16,397.65,397.8,1811496,nasdaq
ETR,2026-09-16,103.77,102.32,2870951,nasdaq
EVRG,2026-09-16,80.62,80.39,1958797,nasdaq
EW,2026-09-16,84.99,89.28,5011766,nasdaq
EXC,2026-09-16,42.285,42.44,5348003,nasdaq
EXE,2026-09-16,93.192,88.74,5023592,nasdaq
EXPD,2026-09-16,193.6,189.04,970695,nasdaq
EXPE,2026-09-16,290.275,286.97,1956075,nasdaq
EXR,2026-09-16,136.51,136.43,1111175,nasdaq
F,2026-09-16,13.54,13.35,53312670,nasdaq
FANG,2026-09-16,197.03,194.54,15402610,nasdaq
FAST,2026-09-16,49.6,49.03,5999030,nasdaq
FCX,2026-09-16,70.085,69.24,10937430,nasdaq
FDS,2026-09-16,274.44,276.41,700633,nasdaq
FDX,2026-09-16,307.95,301.72,1579371,nasdaq
FDXF,2026-09-16,125.61,121.73,2146780,nasdaq
FE,2026-09-16,45.61,45.38,3252938,nasdaq
FERG,2026-09-16,215.54,214.35,1439069,nasdaq
FFIV,2026-09-16,430.12,423.59,725193,nasdaq
FICO,2026-09-16,980.0,991.35,215996,nasdaq
FIS,2026-09-16,37.2,36.85,5129817,nasdaq
FISV,2026-09-16,50.09,49.45,3764336,nasdaq
FITB,2026-09-16,54.67,52.41,7442384,nasdaq
FIX,2026-09-16,1610.68,1587.35,250724,nasdaq
FLEX,2026-09-16,110.75,107.9,2834580,nasdaq
FOX,2026-09-16,59.92,59.15,1007455,nasdaq
FOXA,2026-09-16,67.415,66.16,4579686,nasdaq
FRT,2026-09-16,113.71,112.42,690795,nasdaq
FSLR,2026-09-16,205.52,191.07,3096970,nasdaq
FTNT,2026-09-16,169.25,171.77,3903013,nasdaq
FTV,2026-09-16,56.48,55.3,2395069,nasdaq
GD,2026-09-16,357.59,360.0,1003430,nasdaq
GDDY,2026-09-16,101.14,99.09,1786871,nasdaq
GE,2026-09-16,310.175,312.9,4526944,nasdaq
GEHC,2026-09-16,64.09,63.49,3218579,nasdaq
GEN,2026-09-16,30.9,30.65,6988085,nasdaq
GEV,2026-09-16,898.0,925.09,3565175,nasdaq
GILD,2026-09-16,146.58,147.68,5188250,nasdaq
GIS,2026-09-16,36.55,36.81,6317898,nasdaq
GL,2026-09-16,174.0,172.98,370512,nasdaq
GLW,2026-09-16,147.22,144.16,8395832,nasdaq
GM,2026-09-16,85.05,84.29,6428913,nasdaq
GNRC,2026-09-16,177.16,175.11,1658995,nasdaq
GOOG,2026-09-16,343.36,339.36,12869730,nasdaq
GOOGL,2026-09-16,347.08,342.87,18928860,nasdaq
GPC,2026-09-16,130.53,130.52,889942,nasdaq
GPN,2026-09-16,90.09,86.49,1956191,nasdaq
GRMN,2026-09-16,281.08,276.93,801725,nasdaq
GS,2026-09-16,981.46,937.98,3551273,nasdaq
GWW,2026-09-16,1274.39,1258.26,263524,nasdaq
HAL,2026-09-16,35.46,34.51,13789670,nasdaq
HAS,2026-09-16,90.38,89.3,1388840,nasdaq
HBAN,2026-09-16,16.52,15.82,77463130,nasdaq
HCA,2026-09-16,420.69,430.43,1369703,nasdaq
HD,2026-09-16,307.49,302.47,3724885,nasdaq
HIG,2026-09-16,135.55,134.94,2075916,nasdaq
HII,2026-09-16,279.21,278.09,467208,nasdaq
HLT,2026-09-16,309.0,305.63,1844472,nasdaq
HON,2026-09-16,204.85,207.66,5047106,nasdaq
HONA,2026-09-16,159.73,164.18,4628341,nasdaq
HOOD,2026-09-16,110.27,104.42,33627290,nasdaq
HPE,2026-09-16,55.51,56.68,24029330,nasdaq
HPQ,2026-09-16,33.8,32.7,12988220,nasdaq
HRL,2026-09-16,20.8,20.78,2844182,nasdaq
HSIC,2026-09-16,87.52,86.77,1018109,nasdaq
HST,2026-09-16,22.18,21.76,8350333,nasdaq
HSY,2026-09-16,171.09,170.79,1038259,nasdaq
HUBB,2026-09-16,443.78,439.07,297384,nasdaq
HUM,2026-09-16,396.41,384.72,1036290,nasdaq
HWM,2026-09-16,226.23,227.73,3258353,nasdaq
IBKR,2026-09-16,88.99,86.74,3807656,nasdaq
IBM,2026-09-16,240.5,237.49,6181838,nasdaq
ICE,2026-09-16,155.79,154.1,2896719,nasdaq
IDXX,2026-09-16,511.56,513.62,376066,nasdaq
IEX,2026-09-16,223.77,221.5,494194,nasdaq
IFF,2026-09-16,84.66,84.4,1635815,nasdaq
INCY,2026-09-16,121.48,124.75,1347302,nasdaq
INTC,2026-09-16,101.365,101.05,119923600,nasdaq
INTU,2026-09-16,322.207,318.13,2496472,nasdaq
INVH,2026-09-16,27.64,27.21,4786704,nasdaq
IP,2026-09-16,34.3,34.06,5272349,nasdaq
IQV,2026-09-16,270.89,268.82,1671669,nasdaq
IR,2026-09-16,72.59,71.44,3727611,nasdaq
IRM,2026-09-16,112.85,112.15,1811110,nasdaq
ISRG,2026-09-16,378.0,382.29,2135004,nasdaq
IT,2026-09-16,192.71,191.57,912025,nasdaq
ITW,2026-09-16,269.81,267.33,1194536,nasdaq
IVZ,2026-09-16,30.86,30.08,4676971,nasdaq
J,2026-09-16,144.26,143.49,544402,nasdaq
JBHT,2026-09-16,242.885,236.73,4814327,nasdaq
JBL,2026-09-16,302.62,297.24,1042643,nasdaq
JCI,2026-09-16,139.91,140.47,3160100,nasdaq
JKHY,2026-09-16,155.28,158.98,1641058,nasdaq
JNJ,2026-09-16,266.81,267.28,4888657,nasdaq
JPM,2026-09-16,353.38,348.92,8307796,nasdaq
KDP,2026-09-16,31.45,31.8,11156890,nasdaq
KEY,2026-09-16,21.71,20.72,27330650,nasdaq
KEYS,2026-09-16,318.02,322.04,1798612,nasdaq
KHC,2026-09-16,24.735,24.73,13878330,nasdaq
KIM,2026-09-16,22.94,22.59,6283491,nasdaq
KKR,2026-09-16,100.21,96.84,4047498,nasdaq
KLAC,2026-09-16,171.52,167.36,6711318,nasdaq
KMB,2026-09-16,98.68,98.1,3570254,nasdaq
KMI,2026-09-16,30.675,30.73,13094220,nasdaq
KO,2026-09-16,88.48,87.87,17083830,nasdaq
KR,2026-09-16,61.93,61.14,8507069,nasdaq
KVUE,2026-09-16,17.99,17.83,23064950,nasdaq
L,2026-09-16,109.0,108.79,1077187,nasdaq
LDOS,2026-09-16,128.44,129.35,1720146,nasdaq
LEN,2026-09-16,80.63,78.36,6164353,nasdaq
LH,2026-09-16,323.51,324.51,561398,nasdaq
LHX,2026-09-16,250.07,250.74,1285323,nasdaq
LII,2026-09-16,365.39,361.04,421330,nasdaq
LIN,2026-09-16,462.86,462.09,1338709,nasdaq
LITE,2026-09-16,856.0,919.4,6482652,nasdaq
LLY,2026-09-16,1137.31,1137.82,1476270,nasdaq
LMT,2026-09-16,534.8,537.25,912115,nasdaq
LNT,2026-09-16,66.32,66.11,1908415,nasdaq
LOW,2026-09-16,196.27,194.1,2985119,nasdaq
LRCX,2026-09-16,277.13,269.23,7603152,nasdaq
LULU,2026-09-16,99.07,95.98,3941490,nasdaq
LUV,2026-09-16,39.95,39.15,7675723,nasdaq
LVS,2026-09-16,41.37,41.06,6022017,nasdaq
LYB,2026-09-16,64.46,64.9,4357653,nasdaq
LYV,2026-09-16,171.09,171.13,1722343,nasdaq
MA,2026-09-16,571.59,567.75,2385659,nasdaq
MAA,2026-09-16,124.68,121.9,972372,nasdaq
MAR,2026-09-16,337.59,334.97,1228358,nasdaq
MAS,2026-09-16,69.58,68.28,2738308,nasdaq
MCD,2026-09-16,252.26,248.56,7134150,nasdaq
MCHP,2026-09-16,72.6,69.59,7333319,nasdaq
MCK,2026-09-16,895.57,887.29,902279,nasdaq
MCO,2026-09-16,468.845,465.3,720653,nasdaq
MDLZ,2026-09-16,62.05,62.36,6201861,nasdaq
MDT,2026-09-16,93.44,92.6,10489710,nasdaq
MET,2026-09-16,97.98,97.23,3500605,nasdaq
META,2026-09-16,679.905,673.31,17217830,nasdaq
MGM,2026-09-16,39.22,38.39,2779357,nasdaq
MKC,2026-09-16,49.81,50.06,2808782,nasdaq
MLM,2026-09-16,505.09,496.76,741264,nasdaq
MMM,2026-09-16,165.57,162.65,2887190,nasdaq
MNST,2026-09-16,44.66,44.57,8020851,nasdaq
MO,2026-09-16,69.6,70.1,8013221,nasdaq
MOS,2026-09-16,25.4,24.79,7645268,nasdaq
MPC,2026-09-16,405.31,413.92,2869852,nasdaq
MPWR,2026-09-16,1157.42,1147.61,625211,nasdaq
MRK,2026-09-16,143.96,144.91,7230927,nasdaq
MRNA,2026-09-16,145.26,145.62,8832059,nasdaq
MRSH,2026-09-16,178.83,176.76,3035168,nasdaq
MRVL,2026-09-16,226.73,229.71,16377430,nasdaq
MS,2026-09-16,207.87,202.42,7001649,nasdaq
MSCI,2026-09-16,546.13,540.61,648067,nasdaq
MSFT,2026-09-16,493.03,490.3,16670290,nasdaq
MSI,2026-09-16,468.2,460.53,1001514,nasdaq
MTB,2026-09-16,233.92,226.01,1858706,nasdaq
MTD,2026-09-16,1337.56,1378.69,355609,nasdaq
MU,2026-09-16,934.23,926.55,20213010,nasdaq
NCLH,2026-09-16,14.5,14.53,16302470,nasdaq
NDAQ,2026-09-16,89.24,88.76,3116074,nasdaq
NDSN,2026-09-16,310.66,309.02,366740,nasdaq
NEE,2026-09-16,81.76,80.37,9623559,nasdaq
NEM,2026-09-16,125.86,121.76,6360463,nasdaq
NFLX,2026-09-16,77.725,76.41,25376270,nasdaq
NI,2026-09-16,40.88,40.66,4208176,nasdaq
NKE,2026-09-16,36.375,35.78,30717010,nasdaq
NOC,2026-09-16,530.0,530.78,538082,nasdaq
NOW,2026-09-16,139.2,139.82,9855570,nasdaq
NRG,2026-09-16,107.89,107.38,2009226,nasdaq
NSC,2026-09-16,319.29,317.0,793669,nasdaq
NTAP,2026-09-16,190.43,191.49,1918395,nasdaq
NTRS,2026-09-16,178.77,176.64,1105501,nasdaq
NUE,2026-09-16,261.64,260.68,1090110,nasdaq
NVDA,2026-09-16,214.14,213.9,96563590,nasdaq
NVR,2026-09-16,6270.03,6186.43,38631,nasdaq
NWS,2026-09-16,33.58,33.44,1049147,nasdaq
NWSA,2026-09-16,30.35,30.19,3200813,nasdaq
NXPI,2026-09-16,227.99,218.98,3343539,nasdaq
O,2026-09-16,58.76,57.15,11632020,nasdaq
ODFL,2026-09-16,173.02,174.36,2756370,nasdaq
OKE,2026-09-16,93.35,92.7,2981349,nasdaq
OMC,2026-09-16,79.5,79.33,2083038,nasdaq
ON,2026-09-16,74.33,66.6,18821690,nasdaq
ORCL,2026-09-16,140.03,143.16,34366400,nasdaq
ORLY,2026-09-16,84.87,83.68,7215548,nasdaq
OTIS,2026-09-16,68.8,69.25,6073943,nasdaq
OXY,2026-09-16,62.4,59.36,11548320,nasdaq
PANW,2026-09-16,367.51,375.65,5251586,nasdaq
PAYX,2026-09-16,117.72,116.72,2424965,nasdaq
PCAR,2026-09-16,123.56,118.22,2719894,nasdaq
PCG,2026-09-16,13.33,13.35,22520090,nasdaq
PEG,2026-09-16,70.74,70.39,2941045,nasdaq
PEP,2026-09-16,135.415,134.34,6885159,nasdaq
PFE,2026-09-16,27.64,27.46,26046160,nasdaq
PFG,2026-09-16,117.94,116.64,1850178,nasdaq
PG,2026-09-16,146.83,147.02,6950599,nasdaq
PGR,2026-09-16,220.1,216.99,1645841,nasdaq
PH,2026-09-16,931.78,918.75,420028,nasdaq
PHM,2026-09-16,119.44,117.55,1454350,nasdaq
PKG,2026-09-16,232.84,231.45,517349,nasdaq
PLD,2026-09-16,135.0,133.74,2895774,nasdaq
PLTR,2026-09-16,170.39,174.34,20984000,nasdaq
PM,2026-09-16,192.42,191.71,2931094,nasdaq
PNC,2026-09-16,240.47,231.49,2753201,nasdaq
PNR,2026-09-16,57.15,56.46,2294498,nasdaq
PNW,2026-09-16,96.14,94.99,804846,nasdaq
PODD,2026-09-16,138.86,140.6,1347087,nasdaq
PPG,2026-09-16,105.71,104.98,1623507,nasdaq
PPL,2026-09-16,33.49,33.41,4264861,nasdaq
PRU,2026-09-16,119.16,117.04,2223035,nasdaq
PSA,2026-09-16,296.99,294.68,804443,nasdaq
PSKY,2026-09-16,10.9,11.135,17225690,nasdaq
PSX,2026-09-16,260.46,264.63,2671652,nasdaq
PTC,2026-09-16,131.08,131.16,1236000,nasdaq
PWR,2026-09-16,625.57,619.28,745401,nasdaq
PYPL,2026-09-16,53.63,52.71,8283417,nasdaq
Q,2026-09-16,116.99,114.86,1430536,nasdaq
QCOM,2026-09-16,189.165,184.84,9718615,nasdaq
RCL,2026-09-16,251.0,253.92,2308491,nasdaq
RDDT,2026-09-16,160.62,157.6,2907225,nasdaq
REG,2026-09-16,74.01,73.26,1444687,nasdaq
REGN,2026-09-16,775.82,774.61,382945,nasdaq
RF,2026-09-16,29.57,28.47,10499540,nasdaq
RJF,2026-09-16,164.92,164.57,1368060,nasdaq
RL,2026-09-16,338.82,338.36,672200,nasdaq
RMD,2026-09-16,228.19,228.25,1066869,nasdaq
ROK,2026-09-16,419.22,414.92,679137,nasdaq
ROL,2026-09-16,33.77,33.53,5517059,nasdaq
ROP,2026-09-16,377.905,375.82,734579,nasdaq
ROST,2026-09-16,226.65,224.8,2089488,nasdaq
RSG,2026-09-16,222.52,219.8,1740654,nasdaq
RTX,2026-09-16,195.39,196.83,3485674,nasdaq
RVTY,2026-09-16,140.88,145.73,3404321,nasdaq
SBAC,2026-09-16,182.77,180.02,867105,nasdaq
SBUX,2026-09-16,97.385,97.34,9301998,nasdaq
SCHW,2026-09-16,107.5,105.16,9661352,nasdaq
SHW,2026-09-16,324.77,321.46,1642131,nasdaq
SJM,2026-09-16,121.73,123.56,1280876,nasdaq
SLB,2026-09-16,54.29,52.3,21325800,nasdaq
SMCI,2026-09-16,35.95,36.85,31390540,nasdaq
SNA,2026-09-16,375.72,372.98,312610,nasdaq
SNDK,2026-09-16,1549.74,1519.97,7419190,nasdaq
SNPS,2026-09-16,367.5,378.47,1721277,nasdaq
SO,2026-09-16,86.41,86.23,5924113,nasdaq
SOLV,2026-09-16,90.04,88.83,978093,nasdaq
SPG,2026-09-16,204.37,202.94,1312976,nasdaq
SPGI,2026-09-16,413.9,406.76,1486682,nasdaq
SPY,2026-09-16,759.5,754.05,59217650,nasdaq
SRE,2026-09-16,81.78,81.7,4128489,nasdaq
STE,2026-09-16,209.34,209.9,639522,nasdaq
STLD,2026-09-16,241.09,238.23,913031,nasdaq
STT,2026-09-16,185.8,182.9,1860455,nasdaq
STX,2026-09-16,784.8,783.18,3401096,nasdaq
STZ,2026-09-16,123.72,123.03,1421486,nasdaq
SW,2026-09-16,44.37,44.58,5483031,nasdaq
SWK,2026-09-16,89.15,89.05,1739122,nasdaq
SWKS,2026-09-16,89.375,85.59,8193957,nasdaq
SYF,2026-09-16,75.86,74.88,2726186,nasdaq
SYK,2026-09-16,280.34,284.76,3399418,nasdaq
SYY,2026-09-16,79.725,78.71,6312105,nasdaq
T,2026-09-16,26.615,25.86,37808860,nasdaq
TAP,2026-09-16,39.25,39.11,3349313,nasdaq
TDG,2026-09-16,1084.79,1080.11,604429,nasdaq
TDY,2026-09-16,602.51,601.1,310551,nasdaq
TECH,2026-09-16,72.35,72.33,3650099,nasdaq
TEL,2026-09-16,203.78,202.2,1754772,nasdaq
TER,2026-09-16,340.51,341.15,2550159,nasdaq
TFC,2026-09-16,50.45,48.44,11698420,nasdaq
TGT,2026-09-16,154.52,154.68,2744975,nasdaq
TJX,2026-09-16,124.95,122.84,10338810,nasdaq
TKO,2026-09-16,192.33,192.43,685961,nasdaq
TMO,2026-09-16,642.0,648.43,2880031,nasdaq
TMUS,2026-09-16,180.68,176.26,5304238,nasdaq
TPL,2026-09-16,365.58,348.57,463020,nasdaq
TPR,2026-09-16,119.16,117.94,2900395,nasdaq
TRGP,2026-09-16,286.16,284.77,1108771,nasdaq
TRMB,2026-09-16,58.12,57.32,2092975,nasdaq
TROW,2026-09-16,104.37,102.4,1531173,nasdaq
TRV,2026-09-16,376.5,378.92,1602117,nasdaq
TSCO,2026-09-16,33.09,32.78,8518968,nasdaq
TSLA,2026-09-16,357.925,358.08,32177390,nasdaq
TSN,2026-09-16,52.58,52.12,2692315,nasdaq
TT,2026-09-16,427.4,421.68,944706,nasdaq
TTD,2026-09-16,14.92,14.49,14971990,nasdaq
TTWO,2026-09-16,211.59,211.81,2158261,nasdaq
TXN,2026-09-16,267.25,260.67,3648151,nasdaq
TXT,2026-09-16,80.85,80.71,1322298,nasdaq
TYL,2026-09-16,346.07,346.44,647069,nasdaq
UAL,2026-09-16,108.3,106.3,4144795,nasdaq
UBER,2026-09-16,71.32,70.97,17960680,nasdaq
UDR,2026-09-16,34.91,34.4,4168693,nasdaq
UHS,2026-09-16,176.27,181.21,881585,nasdaq
ULTA,2026-09-16,541.15,530.52,651861,nasdaq
UNH,2026-09-16,375.9,375.26,4418329,nasdaq
UNP,2026-09-16,287.08,280.92,2644020,nasdaq
UPS,2026-09-16,102.1,98.77,4947364,nasdaq
URI,2026-09-16,994.43,1006.25,489995,nasdaq
USB,2026-09-16,62.14,59.73,17455110,nasdaq
V,2026-09-16,374.96,370.93,7203875,nasdaq
VEEV,2026-09-16,265.27,264.9,1113731,nasdaq
VICI,2026-09-16,24.8,24.53,9730514,nasdaq
VLO,2026-09-16,391.68,403.28,3525933,nasdaq
VLTO,2026-09-16,95.69,95.75,1093837,nasdaq
VMC,2026-09-16,249.48,244.3,1230816,nasdaq
VMRK,2026-09-16,65.43,62.99,7912572,nasdaq
VOO,2026-09-16,698.17,693.24,14168410,nasdaq
VRSK,2026-09-16,178.84,181.75,1286064,nasdaq
VRSN,2026-09-16,295.89,298.46,638643,nasdaq
VRT,2026-09-16,240.0,239.41,5514636,nasdaq
VRTX,2026-09-16,513.8,513.26,638512,nasdaq
VST,2026-09-16,143.38,140.39,3832556,nasdaq
VTI,2026-09-16,373.79,371.26,3348094,nasdaq
VTR,2026-09-16,88.32,88.21,2907200,nasdaq
VTRS,2026-09-16,16.75,17.02,8644932,nasdaq
VXUS,2026-09-16,86.2,85.41,5226303,nasdaq
VZ,2026-09-16,51.25,49.76,24329460,nasdaq
WAB,2026-09-16,279.66,276.37,793026,nasdaq
WAT,2026-09-16,417.86,418.64,710818,nasdaq
WBD,2026-09-16,27.985,28.07,20208390,nasdaq
WDAY,2026-09-16,186.875,187.76,1926944,nasdaq
WDC,2026-09-16,421.45,416.97,7624185,nasdaq
WEC,2026-09-16,104.21,103.38,2667814,nasdaq
WELL,2026-09-16,232.76,234.5,2136006,nasdaq
WFC,2026-09-16,89.72,87.05,13555660,nasdaq
WM,2026-09-16,216.59,214.0,1763526,nasdaq
WMB,2026-09-16,71.64,70.9,9240954,nasdaq
WMT,2026-09-16,108.315,107.5,15150850,nasdaq
WRB,2026-09-16,70.81,69.95,4701471,nasdaq
WSM,2026-09-16,220.56,218.2,1302506,nasdaq
WST,2026-09-16,363.11,362.01,621048,nasdaq
WTW,2026-09-16,320.26,312.91,530514,nasdaq
WY,2026-09-16,22.33,21.81,13130840,nasdaq
WYNN,2026-09-16,86.87,84.225,2437767,nasdaq
XEL,2026-09-16,72.4,72.71,7681604,nasdaq
XOM,2026-09-16,167.23,163.32,13445530,nasdaq
XYL,2026-09-16,108.54,107.27,2955123,nasdaq
XYZ,2026-09-16,78.465,76.63,4197472,nasdaq
YUM,2026-09-16,141.15,137.96,2357742,nasdaq
ZBH,2026-09-16,97.75,96.78,1890471,nasdaq
ZBRA,2026-09-16,344.86,341.18,516222,nasdaq
ZTS,2026-09-16,73.47,73.0,4590897,nasdaq
A,2026-09-17,156.0,156.34,2893907,nasdaq
AAPL,2026-09-17,334.77,337.0,36700230,nasdaq
ABBV,2026-09-17,262.61,264.02,3509941,nasdaq
ABNB,2026-09-17,169.31,165.93,3177201,nasdaq
ABT,2026-09-17,102.15,102.23,8426078,nasdaq
ACGL,2026-09-17,97.0,96.7,3183059,nasdaq
ACN,2026-09-17,189.94,190.29,2936046,nasdaq
ADBE,2026-09-17,250.345,252.67,5116531,nasdaq
ADI,2026-09-17,369.955,362.65,2853158,nasdaq
ADM,2026-09-17,84.59,88.09,3673690,nasdaq
ADP,2026-09-17,271.31,272.24,1830142,nasdaq
ADSK,2026-09-17,218.76,218.64,1621336,nasdaq
AEE,2026-09-17,103.42,103.9,1736791,nasdaq
AEP,2026-09-17,121.25,121.62,4842628,nasdaq
AES,2026-09-17,14.84,14.85,7222846,nasdaq
AFL,2026-09-17,117.02,116.6,1720971,nasdaq
AIG,2026-09-17,75.85,75.68,4080156,nasdaq
AIZ,2026-09-17,284.15,283.81,449067,nasdaq
AJG,2026-09-17,243.18,241.41,943542,nasdaq
AKAM,2026-09-17,105.06,107.08,2861859,nasdaq
ALB,2026-09-17,112.5,115.05,2161860,nasdaq
ALGN,2026-09-17,151.21,149.71,796007,nasdaq
ALL,2026-09-17,254.02,252.21,1482400,nasdaq
ALLE,2026-09-17,155.02,153.63,1006890,nasdaq
AMAT,2026-09-17,427.575,417.4,6929255,nasdaq
AMCR,2026-09-17,42.54,42.38,3237549,nasdaq
AMD,2026-09-17,533.6,545.09,28464700,nasdaq
AME,2026-09-17,236.25,234.32,1869777,nasdaq
AMGN,2026-09-17,379.15,379.78,3234953,nasdaq
AMP,2026-09-17,544.57,545.7,525113,nasdaq
AMT,2026-09-17,177.38,175.58,2668108,nasdaq
AMZN,2026-09-17,251.065,251.19,30438790,nasdaq
ANET,2026-09-17,203.11,199.53,7167239,nasdaq
AON,2026-09-17,299.54,296.05,3273225,nasdaq
AOS,2026-09-17,57.8,56.93,1058049,nasdaq
APA,2026-09-17,44.63,45.46,5075226,nasdaq
APD,2026-09-17,287.96,286.12,1483719,nasdaq
APH,2026-09-17,78.86,78.37,8542528,nasdaq
APO,2026-09-17,125.67,126.0,3019827,nasdaq
APP,2026-09-17,331.86,321.6,4543471,nasdaq
APTV,2026-09-17,44.23,43.62,4333663,nasdaq
ARE,2026-09-17,53.7,56.34,3357132,nasdaq
ARES,2026-09-17,125.92,125.32,1551521,nasdaq
ATO,2026-09-17,162.42,162.03,1421020,nasdaq
AVGO,2026-09-17,346.615,347.3,24389570,nasdaq
AVY,2026-09-17,173.84,171.09,788188,nasdaq
AWK,2026-09-17,138.1,138.24,1961212,nasdaq
AXON,2026-09-17,468.73,453.5,949792,nasdaq
AXP,2026-09-17,316.09,311.17,4519010,nasdaq
AZO,2026-09-17,2871.32,2844.31,291174,nasdaq
BA,2026-09-17,202.25,197.0,11790490,nasdaq
BAC,2026-09-17,58.4,58.18,36733120,nasdaq
BALL,2026-09-17,61.8,60.75,1505372,nasdaq
BAX,2026-09-17,23.7,23.02,6615004,nasdaq
BBY,2026-09-17,92.74,94.56,3820010,nasdaq
BDX,2026-09-17,182.71,181.38,1839784,nasdaq
BEN,2026-09-17,33.185,33.07,2325651,nasdaq
BG,2026-09-17,115.13,119.31,2208260,nasdaq
BIIB,2026-09-17,217.68,219.05,836707,nasdaq
BKNG,2026-09-17,173.55,170.52,7452163,nasdaq
BKR,2026-09-17,56.73,56.565,9394360,nasdaq
BLDR,2026-09-17,61.45,57.68,3390415,nasdaq
BLK,2026-09-17,1052.06,1053.96,586375,nasdaq
BMY,2026-09-17,64.08,62.84,12212910,nasdaq
BNY,2026-09-17,154.52,153.02,5980399,nasdaq
BR,2026-09-17,166.64,164.31,860125,nasdaq
BRK.B,2026-09-17,518.95,509.2,5999146,nasdaq
BRO,2026-09-17,67.155,65.12,2188842,nasdaq
BSX,2026-09-17,43.465,43.55,32569730,nasdaq
BX,2026-09-17,126.0,125.41,3223020,nasdaq
BXP,2026-09-17,64.63,63.93,1407996,nasdaq
C,2026-09-17,135.2,132.7,11700080,nasdaq
CAH,2026-09-17,232.71,226.34,2260544,nasdaq
CARR,2026-09-17,55.55,54.39,6152637,nasdaq
CASY,2026-09-17,591.04,607.45,623778,nasdaq
CAT,2026-09-17,813.95,798.57,2430849,nasdaq
CB,2026-09-17,341.79,341.9,1494187,nasdaq
CBOE,2026-09-17,267.2,266.67,730646,nasdaq
CBRE,2026-09-17,140.92,139.32,1843374,nasdaq
CCI,2026-09-17,73.87,73.74,3720761,nasdaq
CCL,2026-09-17,22.7,22.17,18279420,nasdaq
CDNS,2026-09-17,285.55,280.76,2095941,nasdaq
CDW,2026-09-17,150.71,149.2,1259209,nasdaq
CEG,2026-09-17,264.87,262.8,3423321,nasdaq
CELH,2026-09-17,28.67,28.34,5754893,nasdaq
CF,2026-09-17,130.28,133.82,1508921,nasdaq
CFG,2026-09-17,67.99,67.39,3263020,nasdaq
CHD,2026-09-17,95.98,95.05,1616819,nasdaq
CHRW,2026-09-17,154.5,153.82,1102817,nasdaq
CHTR,2026-09-17,135.72,133.37,1927023,nasdaq
CHYM,2026-09-17,31.975,30.72,5859341,nasdaq
CI,2026-09-17,280.83,276.0,1174528,nasdaq
CIEN,2026-09-17,350.6,344.25,3766826,nasdaq
CINF,2026-09-17,170.85,169.9,899212,nasdaq
CL,2026-09-17,87.31,87.73,6227140,nasdaq
CLX,2026-09-17,85.86,85.0,3929456,nasdaq
CMCSA,2026-09-17,23.8,22.91,36297110,nasdaq
CME,2026-09-17,271.24,271.15,1593932,nasdaq
CMG,2026-09-17,34.27,33.51,9604874,nasdaq
CMI,2026-09-17,543.21,523.88,1193523,nasdaq
CMS,2026-09-17,66.25,66.2,3252359,nasdaq
CNC,2026-09-17,66.63,67.1,5133676,nasdaq
CNP,2026-09-17,38.44,38.56,7767426,nasdaq
COF,2026-09-17,206.25,202.04,3403035,nasdaq
COHR,2026-09-17,302.91,295.98,6563324,nasdaq
COIN,2026-09-17,169.8,173.97,9987508,nasdaq
COO,2026-09-17,54.82,53.775,5713350,nasdaq
COP,2026-09-17,131.3,133.19,7330342,nasdaq
COR,2026-09-17,318.36,309.41,1098496,nasdaq
COST,2026-09-17,895.315,893.93,2322546,nasdaq
CPAY,2026-09-17,405.01,404.26,301809,nasdaq
CPRT,2026-09-17,30.8,29.66,9311598,nasdaq
CPT,2026-09-17,101.83,100.93,962901,nasdaq
CRH,2026-09-17,88.5,86.7,5137176,nasdaq
CRL,2026-09-17,280.11,281.67,809837,nasdaq
CRM,2026-09-17,244.18,242.85,16611320,nasdaq
CRWD,2026-09-17,236.04,245.7,12340960,nasdaq
CSCO,2026-09-17,109.72,110.24,16160060,nasdaq
CSGP,2026-09-17,30.48,29.295,4863642,nasdaq
CSX,2026-09-17,48.6,47.9,9791162,nasdaq
CTAS,2026-09-17,199.12,197.96,1556669,nasdaq
CTSH,2026-09-17,61.8,61.88,4153325,nasdaq
CTVA,2026-09-17,81.4,81.53,4905288,nasdaq
CVNA,2026-09-17,67.47,65.84,6454107,nasdaq
CVS,2026-09-17,92.0,90.27,7434654,nasdaq
CVX,2026-09-17,209.61,211.57,7392007,nasdaq
D,2026-09-17,63.79,64.29,2641156,nasdaq
DAL,2026-09-17,79.61,79.43,6088966,nasdaq
DASH,2026-09-17,200.76,194.56,2764234,nasdaq
DD,2026-09-17,129.1,128.46,1214866,nasdaq
DDOG,2026-09-17,229.62,236.0,2804705,nasdaq
DE,2026-09-17,675.66,685.63,1232318,nasdaq
DECK,2026-09-17,79.36,79.71,3906261,nasdaq
DELL,2026-09-17,570.4,588.4,9350696,nasdaq
DG,2026-09-17,124.05,124.95,2259421,nasdaq
DGX,2026-09-17,248.28,247.45,989497,nasdaq
DHI,2026-09-17,141.56,140.38,3303075,nasdaq
DHR,2026-09-17,210.48,212.5,6179224,nasdaq
DIS,2026-09-17,107.59,105.35,7818190,nasdaq
DLR,2026-09-17,183.22,184.26,1695599,nasdaq
DLTR,2026-09-17,113.18,114.4,3147551,nasdaq
DOC,2026-09-17,20.56,20.5,6693887,nasdaq
DOV,2026-09-17,191.66,189.24,1282996,nasdaq
DOW,2026-09-17,29.57,29.49,7751825,nasdaq
DPZ,2026-09-17,303.77,297.65,834287,nasdaq
DRI,2026-09-17,208.91,206.74,893240,nasdaq
DTE,2026-09-17,131.27,130.44,2248859,nasdaq
DUK,2026-09-17,118.36,118.54,4145182,nasdaq
DVA,2026-09-17,194.57,183.09,1411199,nasdaq
DVN,2026-09-17,48.02,48.72,12155460,nasdaq
DXCM,2026-09-17,87.54,87.93,2823993,nasdaq
EBAY,2026-09-17,109.27,112.9,6291275,nasdaq
ECHO,2026-09-17,94.92,94.08,2580131,nasdaq
ECL,2026-09-17,276.98,271.68,985370,nasdaq
ED,2026-09-17,105.57,107.08,1773654,nasdaq
EFX,2026-09-17,165.18,161.17,1014419,nasdaq
EG,2026-09-17,378.28,380.12,438181,nasdaq
EIX,2026-09-17,55.18,55.5,6005055,nasdaq
EL,2026-09-17,97.31,93.86,2293053,nasdaq
ELV,2026-09-17,414.59,414.26,1189848,nasdaq
EME,2026-09-17,757.99,729.26,479256,nasdaq
EMR,2026-09-17,149.21,147.4,2031022,nasdaq
EOG,2026-09-17,143.87,145.47,2960331,nasdaq
EQIX,2026-09-17,1029.97,1025.94,370456,nasdaq
EQT,2026-09-17,50.59,50.35,6795474,nasdaq
ERIE,2026-09-17,246.45,244.39,143801,nasdaq
ES,2026-09-17,68.35,68.99,2591258,nasdaq
ESS,2026-09-17,272.72,270.8,605510,nasdaq
ETN,2026-09-17,415.08,409.46,2602758,nasdaq
ETR,2026-09-17,103.08,103.31,2605302,nasdaq
EVRG,2026-09-17,80.61,80.84,2355991,nasdaq
EW,2026-09-17,89.21,88.25,3880110,nasdaq
EXC,2026-09-17,42.57,42.64,5585148,nasdaq
EXE,2026-09-17,88.09,88.33,3048964,nasdaq
EXPD,2026-09-17,190.92,189.08,943892,nasdaq
EXPE,2026-09-17,289.86,284.55,1661485,nasdaq
EXR,2026-09-17,138.11,139.03,1345342,nasdaq
F,2026-09-17,13.61,13.61,46084010,nasdaq
FANG,2026-09-17,191.08,196.94,4922124,nasdaq
FAST,2026-09-17,49.48,49.18,5071929,nasdaq
FCX,2026-09-17,71.44,70.85,11733970,nasdaq
FDS,2026-09-17,273.34,278.85,522357,nasdaq
FDX,2026-09-17,307.7,305.88,1252593,nasdaq
FDXF,2026-09-17,124.15,122.37,2105345,nasdaq
FE,2026-09-17,45.52,45.73,2907183,nasdaq
FERG,2026-09-17,218.23,214.26,1888823,nasdaq
FFIV,2026-09-17,425.56,434.62,520184,nasdaq
FICO,2026-09-17,990.3,966.3,244806,nasdaq
FIS,2026-09-17,37.01,36.43,4816448,nasdaq
FISV,2026-09-17,49.54,49.3,5130879,nasdaq
FITB,2026-09-17,52.99,53.27,5371578,nasdaq
FIX,2026-09-17,1639.27,1573.96,276325,nasdaq
FLEX,2026-09-17,111.29,109.02,3292194,nasdaq
FOX,2026-09-17,59.365,58.43,828920,nasdaq
FOXA,2026-09-17,66.07,64.98,4197259,nasdaq
FRT,2026-09-17,112.86,111.76,916199,nasdaq
FSLR,2026-09-17,193.15,201.16,2661333,nasdaq
FTNT,2026-09-17,170.08,172.58,5476610,nasdaq
FTV,2026-09-17,55.77,55.07,2343983,nasdaq
GD,2026-09-17,361.23,355.95,1152094,nasdaq
GDDY,2026-09-17,99.7,98.15,1765057,nasdaq
GE,2026-09-17,316.79,313.47,5330008,nasdaq
GEHC,2026-09-17,63.95,64.445,4512607,nasdaq
GEN,2026-09-17,30.6,30.21,4769060,nasdaq
GEV,2026-09-17,962.045,924.93,3239996,nasdaq
GILD,2026-09-17,148.775,150.89,7843647,nasdaq
GIS,2026-09-17,36.99,36.66,5403290,nasdaq
GL,2026-09-17,174.07,172.26,292897,nasdaq
GLW,2026-09-17,151.35,147.8,8467301,nasdaq
GM,2026-09-17,86.19,86.62,8832813,nasdaq
GNRC,2026-09-17,229.5,207.23,8047470,nasdaq
GOOG,2026-09-17,345.0,343.68,15315690,nasdaq
GOOGL,2026-09-17,348.675,347.33,19238360,nasdaq
GPC,2026-09-17,132.71,130.88,843675,nasdaq
GPN,2026-09-17,86.95,85.4,1840245,nasdaq
GRMN,2026-09-17,280.97,275.35,1130943,nasdaq
GS,2026-09-17,940.1,951.47,3288098,nasdaq
GWW,2026-09-17,1275.0,1262.61,236125,nasdaq
HAL,2026-09-17,34.4,34.03,13480470,nasdaq
HAS,2026-09-17,90.74,88.76,1108964,nasdaq
HBAN,2026-09-17,15.9,15.88,37150440,nasdaq
HCA,2026-09-17,431.99,429.04,1188075,nasdaq
HD,2026-09-17,307.01,302.51,4156393,nasdaq
HIG,2026-09-17,135.37,133.14,1477289,nasdaq
HII,2026-09-17,279.72,277.14,421722,nasdaq
HLT,2026-09-17,308.6,302.54,1724342,nasdaq
HON,2026-09-17,209.04,206.49,3382537,nasdaq
HONA,2026-09-17,169.74,167.13,7623411,nasdaq
HOOD,2026-09-17,110.1,109.81,21913210,nasdaq
HPE,2026-09-17,57.25,61.04,25822290,nasdaq
HPQ,2026-09-17,33.01,34.66,15144560,nasdaq
HRL,2026-09-17,20.92,20.76,3211818,nasdaq
HSIC,2026-09-17,87.01,85.04,1801041,nasdaq
HST,2026-09-17,21.93,21.9,6886566,nasdaq
HSY,2026-09-17,171.48,168.33,1463022,nasdaq
HUBB,2026-09-17,447.56,443.23,655476,nasdaq
HUM,2026-09-17,386.62,384.52,850195,nasdaq
HWM,2026-09-17,229.17,225.76,2523810,nasdaq
IBKR,2026-09-17,88.72,88.38,4362339,nasdaq
IBM,2026-09-17,238.58,237.75,5905870,nasdaq
ICE,2026-09-17,154.3,153.3,3099064,nasdaq
IDXX,2026-09-17,514.33,506.48,459823,nasdaq
IEX,2026-09-17,225.28,221.89,402363,nasdaq
IFF,2026-09-17,85.3,84.91,1443902,nasdaq
INCY,2026-09-17,125.74,127.62,1468843,nasdaq
INTC,2026-09-17,104.7,108.8,149726000,nasdaq
INTU,2026-09-17,319.17,313.13,4122567,nasdaq
INVH,2026-09-17,27.38,27.15,5742886,nasdaq
IP,2026-09-17,34.8,35.55,8827267,nasdaq
IQV,2026-09-17,273.15,269.44,1714584,nasdaq
IR,2026-09-17,72.63,72.65,6656721,nasdaq
IRM,2026-09-17,113.79,114.0,1812964,nasdaq
ISRG,2026-09-17,385.57,383.54,2394062,nasdaq
IT,2026-09-17,191.61,187.8,754319,nasdaq
ITW,2026-09-17,270.64,267.51,1027148,nasdaq
IVZ,2026-09-17,30.65,30.22,4209070,nasdaq
J,2026-09-17,144.72,144.16,549782,nasdaq
JBHT,2026-09-17,238.6,236.8,1791111,nasdaq
JBL,2026-09-17,305.26,295.94,908941,nasdaq
JCI,2026-09-17,143.0,141.06,2775913,nasdaq
JKHY,2026-09-17,158.15,156.21,1040455,nasdaq
JNJ,2026-09-17,268.0,270.22,6572482,nasdaq
JPM,2026-09-17,352.245,349.31,6485120,nasdaq
KDP,2026-09-17,31.77,31.43,10778770,nasdaq
KEY,2026-09-17,20.98,20.95,12953290,nasdaq
KEYS,2026-09-17,330.78,331.44,1094301,nasdaq
KHC,2026-09-17,25.18,24.73,11657210,nasdaq
KIM,2026-09-17,22.67,22.57,5304800,nasdaq
KKR,2026-09-17,98.61,98.19,3175734,nasdaq
KLAC,2026-09-17,172.995,168.98,9897910,nasdaq
KMB,2026-09-17,98.99,98.19,3429915,nasdaq
KMI,2026-09-17,30.76,31.31,15105410,nasdaq
KO,2026-09-17,88.075,88.06,16563550,nasdaq
KR,2026-09-17,61.02,60.75,7605281,nasdaq
KVUE,2026-09-17,17.98,17.87,23452760,nasdaq
L,2026-09-17,109.07,108.36,1210265,nasdaq
LDOS,2026-09-17,130.93,130.96,1000036,nasdaq
LEN,2026-09-17,81.0,79.7,8645117,nasdaq
LH,2026-09-17,326.79,322.73,559882,nasdaq
LHX,2026-09-17,251.0,250.46,1904502,nasdaq
LII,2026-09-17,368.72,359.08,388628,nasdaq
LIN,2026-09-17,461.32,458.48,2189987,nasdaq
LITE,2026-09-17,934.88,893.61,4910749,nasdaq
LLY,2026-09-17,1150.27,1152.44,1898237,nasdaq
LMT,2026-09-17,539.18,538.09,1344476,nasdaq
LNT,2026-09-17,66.23,66.64,2221710,nasdaq
LOW,2026-09-17,198.61,194.19,2339074,nasdaq
LRCX,2026-09-17,280.455,269.31,11273200,nasdaq
LULU,2026-09-17,97.215,99.39,6544409,nasdaq
LUV,2026-09-17,40.0,40.34,7973442,nasdaq
LVS,2026-09-17,41.37,40.67,4184128,nasdaq
LYB,2026-09-17,64.1,64.25,4353806,nasdaq
LYV,2026-09-17,172.29,168.34,1447828,nasdaq
MA,2026-09-17,568.07,565.73,2070880,nasdaq
MAA,2026-09-17,122.68,121.17,1257514,nasdaq
MAR,2026-09-17,337.72,334.0,1000938,nasdaq
MAS,2026-09-17,69.67,68.23,2399368,nasdaq
MCD,2026-09-17,250.3,248.48,4948820,nasdaq
MCHP,2026-09-17,71.47,70.82,8556812,nasdaq
MCK,2026-09-17,886.11,879.57,577256,nasdaq
MCO,2026-09-17,467.83,461.88,634396,nasdaq
MDLZ,2026-09-17,62.56,62.04,7806081,nasdaq
MDT,2026-09-17,92.63,92.77,10901430,nasdaq
MET,2026-09-17,97.94,97.35,2760965,nasdaq
META,2026-09-17,682.44,682.31,15927990,nasdaq
MGM,2026-09-17,38.78,38.31,1943144,nasdaq
MKC,2026-09-17,50.46,49.7,2754984,nasdaq
MLM,2026-09-17,505.38,494.44,713547,nasdaq
MMM,2026-09-17,164.84,164.71,2401310,nasdaq
MNST,2026-09-17,44.78,44.51,9155555,nasdaq
MO,2026-09-17,69.84,69.7,9829894,nasdaq
MOS,2026-09-17,25.07,25.39,4710399,nasdaq
MPC,2026-09-17,408.76,421.96,2695260,nasdaq
MPWR,2026-09-17,1183.15,1169.58,950234,nasdaq
MRK,2026-09-17,145.74,147.15,11063790,nasdaq
MRNA,2026-09-17,152.5,158.07,19175010,nasdaq
MRSH,2026-09-17,176.15,174.58,3135444,nasdaq
MRVL,2026-09-17,240.07,240.76,20969940,nasdaq
MS,2026-09-17,205.05,203.52,4806369,nasdaq
MSCI,2026-09-17,543.73,549.47,687763,nasdaq
MSFT,2026-09-17,497.795,497.75,17841640,nasdaq
MSI,2026-09-17,460.91,459.68,568810,nasdaq
MTB,2026-09-17,227.42,226.36,1168765,nasdaq
MTD,2026-09-17,1401.12,1410.44,288014,nasdaq
MU,2026-09-17,954.565,977.5,22091590,nasdaq
NCLH,2026-09-17,14.93,14.39,16438420,nasdaq
NDAQ,2026-09-17,88.97,91.31,3797823,nasdaq
NDSN,2026-09-17,314.0,311.74,274361,nasdaq
NEE,2026-09-17,80.83,81.28,9161842,nasdaq
NEM,2026-09-17,125.5,124.39,5363821,nasdaq
NFLX,2026-09-17,76.905,75.31,28167550,nasdaq
NI,2026-09-17,40.87,40.91,4170827,nasdaq
NKE,2026-09-17,36.5,36.36,45453300,nasdaq
NOC,2026-09-17,530.21,524.0,1100080,nasdaq
NOW,2026-09-17,139.065,138.47,9857742,nasdaq
NRG,2026-09-17,109.74,106.23,3303018,nasdaq
NSC,2026-09-17,318.83,318.97,744778,nasdaq
NTAP,2026-09-17,193.68,196.92,1898867,nasdaq
NTRS,2026-09-17,178.135,176.94,852813,nasdaq
NUE,2026-09-17,264.25,265.14,973605,nasdaq
NVDA,2026-09-17,218.375,219.34,94191260,nasdaq
NVR,2026-09-17,6226.51,6242.23,32143,nasdaq
NWS,2026-09-17,33.52,33.37,796411,nasdaq
NWSA,2026-09-17,30.135,30.18,2631786,nasdaq
NXPI,2026-09-17,222.16,227.95,5053994,nasdaq
O,2026-09-17,57.64,57.32,8419124,nasdaq
ODFL,2026-09-17,177.19,175.09,1594294,nasdaq
OKE,2026-09-17,92.15,93.22,3504773,nasdaq
OMC,2026-09-17,79.52,78.6,1915555,nasdaq
ON,2026-09-17,68.125,68.3,16655130,nasdaq
ORCL,2026-09-17,146.75,150.59,27742390,nasdaq
ORLY,2026-09-17,83.85,84.89,7576471,nasdaq
OTIS,2026-09-17,70.24,68.7,7365587,nasdaq
OXY,2026-09-17,58.67,59.29,8791157,nasdaq
PANW,2026-09-17,365.465,375.06,6294771,nasdaq
PAYX,2026-09-17,116.11,116.51,2596625,nasdaq
PCAR,2026-09-17,119.36,117.36,2962456,nasdaq
PCG,2026-09-17,13.45,13.38,26287130,nasdaq
PEG,2026-09-17,70.67,70.98,2528876,nasdaq
PEP,2026-09-17,134.78,133.66,10561910,nasdaq
PFE,2026-09-17,27.62,27.64,29013810,nasdaq
PFG,2026-09-17,117.73,115.94,1521690,nasdaq
PG,2026-09-17,147.59,147.55,6742160,nasdaq
PGR,2026-09-17,217.21,216.29,3925770,nasdaq
PH,2026-09-17,930.27,925.29,576034,nasdaq
PHM,2026-09-17,119.43,118.84,1282410,nasdaq
PKG,2026-09-17,234.52,235.57,586733,nasdaq
PLD,2026-09-17,134.72,135.18,3162225,nasdaq
PLTR,2026-09-17,175.95,176.24,23776080,nasdaq
PM,2026-09-17,192.795,190.48,3013045,nasdaq
PNC,2026-09-17,234.0,232.01,1740016,nasdaq
PNR,2026-09-17,57.46,55.72,2543346,nasdaq
PNW,2026-09-17,95.5,95.59,751944,nasdaq
PODD,2026-09-17,140.38,141.55,1197295,nasdaq
PPG,2026-09-17,106.95,105.45,1388973,nasdaq
PPL,2026-09-17,33.6,33.6,5824671,nasdaq
PRU,2026-09-17,118.27,117.93,1211295,nasdaq
PSA,2026-09-17,298.07,300.76,723963,nasdaq
PSKY,2026-09-17,11.085,10.62,28635090,nasdaq
PSX,2026-09-17,261.44,274.21,3577016,nasdaq
PTC,2026-09-17,131.16,134.44,1650342,nasdaq
PWR,2026-09-17,637.61,616.54,725867,nasdaq
PYPL,2026-09-17,52.935,52.94,8492310,nasdaq
Q,2026-09-17,117.8,117.13,1164807,nasdaq
QCOM,2026-09-17,190.345,188.71,12327870,nasdaq
RCL,2026-09-17,257.28,249.74,1808899,nasdaq
RDDT,2026-09-17,154.71,152.83,5751110,nasdaq
REG,2026-09-17,73.37,73.12,1424820,nasdaq
REGN,2026-09-17,781.18,789.45,702816,nasdaq
RF,2026-09-17,28.77,28.48,7268472,nasdaq
RJF,2026-09-17,165.94,163.77,1163958,nasdaq
RL,2026-09-17,345.0,333.08,487135,nasdaq
RMD,2026-09-17,228.25,228.42,1085530,nasdaq
ROK,2026-09-17,423.47,410.05,990556,nasdaq
ROL,2026-09-17,33.71,33.0,5870739,nasdaq
ROP,2026-09-17,374.93,374.76,659823,nasdaq
ROST,2026-09-17,226.78,229.48,2335293,nasdaq
RSG,2026-09-17,220.7,218.93,2119068,nasdaq
RTX,2026-09-17,197.5,193.54,3549581,nasdaq
RVTY,2026-09-17,147.61,146.73,2753784,nasdaq
SBAC,2026-09-17,182.72,181.13,1010611,nasdaq
SBUX,2026-09-17,98.11,96.67,6641992,nasdaq
SCHW,2026-09-17,105.3,104.63,7426674,nasdaq
SHW,2026-09-17,327.88,320.94,1508271,nasdaq
SJM,2026-09-17,124.21,123.75,1204110,nasdaq
SLB,2026-09-17,52.45,52.08,12239900,nasdaq
SMCI,2026-09-17,38.035,40.35,62517150,nasdaq
SNA,2026-09-17,377.24,371.62,264050,nasdaq
SNDK,2026-09-17,1564.53,1614.39,8480479,nasdaq
SNPS,2026-09-17,384.45,381.17,1599651,nasdaq
SO,2026-09-17,86.64,86.76,5314046,nasdaq
SOLV,2026-09-17,89.09,87.53,1042833,nasdaq
SPG,2026-09-17,204.37,204.47,1358530,nasdaq
SPGI,2026-09-17,408.95,404.11,1477342,nasdaq
SPY,2026-09-17,763.15,762.6,49652750,nasdaq
SRE,2026-09-17,82.19,82.18,3936857,nasdaq
STE,2026-09-17,210.81,208.04,765551,nasdaq
STLD,2026-09-17,242.44,245.35,845643,nasdaq
STT,2026-09-17,185.31,183.07,1464563,nasdaq
STX,2026-09-17,809.03,803.13,5310802,nasdaq
STZ,2026-09-17,123.46,122.45,1657781,nasdaq
SW,2026-09-17,45.47,45.48,4501670,nasdaq
SWK,2026-09-17,91.16,89.12,1590519,nasdaq
SWKS,2026-09-17,86.755,91.32,7350634,nasdaq
SYF,2026-09-17,76.13,74.41,2184089,nasdaq
SYK,2026-09-17,286.1,280.13,2367879,nasdaq
SYY,2026-09-17,79.03,79.11,4800728,nasdaq
T,2026-09-17,25.98,25.39,37776350,nasdaq
TAP,2026-09-17,39.28,39.08,3284587,nasdaq
TDG,2026-09-17,1094.51,1076.01,452868,nasdaq
TDY,2026-09-17,608.02,601.98,242133,nasdaq
TECH,2026-09-17,72.36,72.41,3784576,nasdaq
TEL,2026-09-17,210.4,206.6,2436541,nasdaq
TER,2026-09-17,352.855,353.13,2598550,nasdaq
TFC,2026-09-17,49.08,48.45,10167730,nasdaq
TGT,2026-09-17,156.42,159.83,4094873,nasdaq
TJX,2026-09-17,123.57,126.55,13319330,nasdaq
TKO,2026-09-17,193.01,189.3,725337,nasdaq
TMO,2026-09-17,656.75,658.32,4200010,nasdaq
TMUS,2026-09-17,176.61,166.45,6853642,nasdaq
TPL,2026-09-17,347.46,347.2,434070,nasdaq
TPR,2026-09-17,120.75,116.04,2462776,nasdaq
TRGP,2026-09-17,283.92,285.07,869990,nasdaq
TRMB,2026-09-17,57.52,57.33,2321772,nasdaq
TROW,2026-09-17,103.75,102.84,1608636,nasdaq
TRV,2026-09-17,380.205,379.49,1367979,nasdaq
TSCO,2026-09-17,32.83,32.82,8485036,nasdaq
TSLA,2026-09-17,367.48,366.2,38924060,nasdaq
TSN,2026-09-17,52.32,52.26,3403687,nasdaq
TT,2026-09-17,430.76,423.33,909937,nasdaq
TTD,2026-09-17,14.865,14.26,18370290,nasdaq
TTWO,2026-09-17,212.5,210.62,2637691,nasdaq
TXN,2026-09-17,265.04,258.14,6521138,nasdaq
TXT,2026-09-17,81.67,80.91,1897527,nasdaq
TYL,2026-09-17,345.41,341.57,563762,nasdaq
UAL,2026-09-17,109.4,107.64,3242315,nasdaq
UBER,2026-09-17,71.6,70.87,19808400,nasdaq
UDR,2026-09-17,34.58,34.21,4148489,nasdaq
UHS,2026-09-17,182.29,180.75,1050154,nasdaq
ULTA,2026-09-17,539.98,543.73,433868,nasdaq
UNH,2026-09-17,376.45,375.21,4837672,nasdaq
UNP,2026-09-17,283.75,282.48,2167238,nasdaq
UPS,2026-09-17,100.24,100.17,3197483,nasdaq
URI,2026-09-17,1026.27,1002.53,571926,nasdaq
USB,2026-09-17,60.58,60.25,8302136,nasdaq
V,2026-09-17,371.375,369.93,4712404,nasdaq
VEEV,2026-09-17,263.44,263.75,1120868,nasdaq
VICI,2026-09-17,24.23,24.11,9042164,nasdaq
VLO,2026-09-17,398.445,412.53,3266567,nasdaq
VLTO,2026-09-17,96.17,95.25,1816792,nasdaq
VMC,2026-09-17,248.62,244.5,919247,nasdaq
VMRK,2026-09-17,63.14,63.01,5047041,nasdaq
VOO,2026-09-17,701.6,701.03,9903368,nasdaq
VRSK,2026-09-17,181.1,176.48,965525,nasdaq
VRSN,2026-09-17,297.48,302.05,656934,nasdaq
VRT,2026-09-17,249.75,241.49,4967158,nasdaq
VRTX,2026-09-17,518.35,516.34,900049,nasdaq
VST,2026-09-17,144.1,143.56,3957497,nasdaq
VTI,2026-09-17,375.79,375.34,2267007,nasdaq
VTR,2026-09-17,88.57,87.71,3024992,nasdaq
VTRS,2026-09-17,17.1,17.13,7018579,nasdaq
VXUS,2026-09-17,86.5,86.5,13156040,nasdaq
VZ,2026-09-17,49.9,48.33,28690090,nasdaq
WAB,2026-09-17,281.38,278.82,769578,nasdaq
WAT,2026-09-17,424.0,429.72,688857,nasdaq
WBD,2026-09-17,28.31,28.24,24732510,nasdaq
WDAY,2026-09-17,187.72,199.28,4253215,nasdaq
WDC,2026-09-17,427.28,423.87,7149177,nasdaq
WEC,2026-09-17,103.84,104.73,2155994,nasdaq
WELL,2026-09-17,235.37,232.26,2065151,nasdaq
WFC,2026-09-17,87.77,86.89,12620690,nasdaq
WM,2026-09-17,214.38,213.33,2165769,nasdaq
WMB,2026-09-17,71.15,71.81,5923544,nasdaq
WMT,2026-09-17,107.8,106.79,19216190,nasdaq
WRB,2026-09-17,69.98,70.1,4017734,nasdaq
WSM,2026-09-17,222.66,218.92,1145639,nasdaq
WST,2026-09-17,366.2,366.6,474057,nasdaq
WTW,2026-09-17,312.95,310.99,354647,nasdaq
WY,2026-09-17,22.13,21.66,5616516,nasdaq
WYNN,2026-09-17,85.04,82.96,1976623,nasdaq
XEL,2026-09-17,73.22,73.63,5315616,nasdaq
XOM,2026-09-17,161.83,163.27,10976540,nasdaq
XYL,2026-09-17,109.25,107.6,2167625,nasdaq
XYZ,2026-09-17,77.51,76.47,2820853,nasdaq
YUM,2026-09-17,138.94,135.75,2040973,nasdaq
ZBH,2026-09-17,96.7,94.25,2203859,nasdaq
ZBRA,2026-09-17,345.33,347.81,535568,nasdaq
ZTS,2026-09-17,73.35,73.02,4043810,nasdaq
A,2026-09-18,156.0,156.47,4852144,nasdaq
AAPL,2026-09-18,337.905,336.13,86588200,nasdaq
ABBV,2026-09-18,263.29,263.96,8176607,nasdaq
ABNB,2026-09-18,165.465,166.22,9501790,nasdaq
ABT,2026-09-18,101.83,102.61,27075250,nasdaq
ACGL,2026-09-18,96.47,96.89,8504040,nasdaq
ACN,2026-09-18,188.58,181.29,11664720,nasdaq
ADBE,2026-09-18,251.582,248.92,10201070,nasdaq
ADI,2026-09-18,363.125,375.72,7705623,nasdaq
ADM,2026-09-18,87.73,85.18,10796440,nasdaq
ADP,2026-09-18,271.61,271.22,6606483,nasdaq
ADSK,2026-09-18,219.54,216.95,4852509,nasdaq
AEE,2026-09-18,102.53,102.23,2845400,nasdaq
AEP,2026-09-18,120.61,120.0,8021044,nasdaq
AES,2026-09-18,14.87,14.83,9540438,nasdaq
AFL,2026-09-18,115.57,116.33,6747739,nasdaq
AIG,2026-09-18,75.16,75.33,7704895,nasdaq
AIZ,2026-09-18,282.42,282.23,728882,nasdaq
AJG,2026-09-18,240.0,239.48,1709710,nasdaq
AKAM,2026-09-18,107.25,104.52,4817221,nasdaq
ALB,2026-09-18,115.1,110.91,4968017,nasdaq
ALGN,2026-09-18,149.52,147.61,1498331,nasdaq
ALL,2026-09-18,251.41,249.83,3798346,nasdaq
ALLE,2026-09-18,153.46,152.28,2416326,nasdaq
AMAT,2026-09-18,421.69,444.57,14302930,nasdaq
AMCR,2026-09-18,42.12,41.9,5791414,nasdaq
AMD,2026-09-18,547.37,559.82,31867290,nasdaq
AME,2026-09-18,234.67,237.64,1739947,nasdaq
AMGN,2026-09-18,378.51,385.65,8528354,nasdaq
AMP,2026-09-18,544.2,544.33,1374495,nasdaq
AMT,2026-09-18,173.2,173.98,3655397,nasdaq
AMZN,2026-09-18,252.92,253.71,52274710,nasdaq
ANET,2026-09-18,202.35,199.39,10722280,nasdaq
AON,2026-09-18,294.25,295.64,3187662,nasdaq
AOS,2026-09-18,56.91,56.95,3270861,nasdaq
APA,2026-09-18,45.31,44.87,11919270,nasdaq
APD,2026-09-18,283.99,284.18,2526596,nasdaq
APH,2026-09-18,78.33,77.55,29785540,nasdaq
APO,2026-09-18,126.355,125.91,5418691,nasdaq
APP,2026-09-18,323.39,308.06,10960500,nasdaq
APTV,2026-09-18,43.46,43.59,14169520,nasdaq
ARE,2026-09-18,56.7,53.3,4104138,nasdaq
ARES,2026-09-18,124.58,123.8,7913549,nasdaq
ATO,2026-09-18,161.0,160.3,2083513,nasdaq
AVGO,2026-09-18,352.08,357.61,44032800,nasdaq
AVY,2026-09-18,171.5,167.71,2698635,nasdaq
AWK,2026-09-18,136.85,135.9,3584574,nasdaq
AXON,2026-09-18,455.62,447.76,1208227,nasdaq
AXP,2026-09-18,309.86,311.56,5721176,nasdaq
AZO,2026-09-18,2825.28,2855.31,428838,nasdaq
BA,2026-09-18,196.83,198.2,9834402,nasdaq
BAC,2026-09-18,57.52,57.73,52483860,nasdaq
BALL,2026-09-18,61.13,60.15,3599025,nasdaq
BAX,2026-09-18,23.05,22.8,9968219,nasdaq
BBY,2026-09-18,94.19,92.85,5110329,nasdaq
BDX,2026-09-18,179.76,180.94,6416945,nasdaq
BEN,2026-09-18,32.96,33.01,7454310,nasdaq
BG,2026-09-18,118.83,115.58,6776545,nasdaq
BIIB,2026-09-18,219.05,215.5,2636086,nasdaq
BKNG,2026-09-18,169.15,167.9,18459810,nasdaq
BKR,2026-09-18,56.35,57.25,21056570,nasdaq
BLDR,2026-09-18,57.27,58.12,27089890,nasdaq
BLK,2026-09-18,1047.14,1069.78,1087364,nasdaq
BMY,2026-09-18,62.71,63.06,36849550,nasdaq
BNY,2026-09-18,152.26,153.79,8462468,nasdaq
BR,2026-09-18,163.54,163.13,3278585,nasdaq
BRK.B,2026-09-18,507.16,509.77,12497080,nasdaq
BRO,2026-09-18,64.66,65.02,5680186,nasdaq
BSX,2026-09-18,43.08,43.34,29277730,nasdaq
BX,2026-09-18,124.28,124.96,6004794,nasdaq
BXP,2026-09-18,63.7,63.17,4821077,nasdaq
C,2026-09-18,132.35,131.77,20214390,nasdaq
CAH,2026-09-18,225.29,225.38,4143251,nasdaq
CARR,2026-09-18,54.63,53.88,21422980,nasdaq
CASY,2026-09-18,608.155,597.48,1085088,nasdaq
CAT,2026-09-18,800.79,808.99,4790973,nasdaq
CB,2026-09-18,339.41,340.64,4326966,nasdaq
CBOE,2026-09-18,270.13,272.86,1874808,nasdaq
CBRE,2026-09-18,137.36,139.5,4458740,nasdaq
CCI,2026-09-18,73.49,73.06,7111359,nasdaq
CCL,2026-09-18,22.135,21.84,27272340,nasdaq
CDNS,2026-09-18,281.93,282.9,4134919,nasdaq
CDW,2026-09-18,149.2,146.19,2866955,nasdaq
CEG,2026-09-18,260.25,254.71,6547116,nasdaq
CELH,2026-09-18,28.7,28.02,12624270,nasdaq
CF,2026-09-18,132.72,127.7,4629598,nasdaq
CFG,2026-09-18,67.12,67.04,5602612,nasdaq
CHD,2026-09-18,94.01,94.75,2267660,nasdaq
CHRW,2026-09-18,153.5,152.99,2043452,nasdaq
CHTR,2026-09-18,131.23,128.17,6373775,nasdaq
CHYM,2026-09-18,30.64,30.33,19614940,nasdaq
CI,2026-09-18,274.86,275.28,2331857,nasdaq
CIEN,2026-09-18,355.87,348.8,4868465,nasdaq
CINF,2026-09-18,169.9,169.0,2357355,nasdaq
CL,2026-09-18,87.11,87.47,10844490,nasdaq
CLX,2026-09-18,84.07,83.1,5109055,nasdaq
CMCSA,2026-09-18,22.665,22.74,64980390,nasdaq
CME,2026-09-18,271.89,276.01,3351382,nasdaq
CMG,2026-09-18,33.61,33.43,22531970,nasdaq
CMI,2026-09-18,524.97,532.23,1718384,nasdaq
CMS,2026-09-18,65.86,65.34,5834352,nasdaq
CNC,2026-09-18,66.89,65.11,13448570,nasdaq
CNP,2026-09-18,38.25,38.22,9673937,nasdaq
COF,2026-09-18,201.3,202.43,8071252,nasdaq
COHR,2026-09-18,305.73,317.36,10170550,nasdaq
COIN,2026-09-18,178.155,194.25,21919970,nasdaq
COO,2026-09-18,54.495,55.29,8795796,nasdaq
COP,2026-09-18,132.84,131.83,18520090,nasdaq
COR,2026-09-18,307.42,308.78,3344625,nasdaq
COST,2026-09-18,892.425,895.31,4180440,nasdaq
CPAY,2026-09-18,403.21,397.76,754845,nasdaq
CPRT,2026-09-18,29.64,29.28,25596130,nasdaq
CPT,2026-09-18,100.56,99.12,2100326,nasdaq
CRH,2026-09-18,85.79,86.15,7015728,nasdaq
CRL,2026-09-18,281.26,278.06,1481168,nasdaq
CRM,2026-09-18,244.25,237.92,21962390,nasdaq
CRWD,2026-09-18,246.98,237.65,19469030,nasdaq
CSCO,2026-09-18,110.35,109.51,41295920,nasdaq
CSGP,2026-09-18,29.3,29.09,17117230,nasdaq
CSX,2026-09-18,47.63,47.1,25749500,nasdaq
CTAS,2026-09-18,197.96,197.64,3986534,nasdaq
CTSH,2026-09-18,61.88,59.87,19132760,nasdaq
CTVA,2026-09-18,80.45,80.53,7613381,nasdaq
CVNA,2026-09-18,65.94,65.11,14451380,nasdaq
CVS,2026-09-18,90.09,88.84,21880290,nasdaq
CVX,2026-09-18,211.085,209.51,47298740,nasdaq
D,2026-09-18,64.01,63.58,9230144,nasdaq
DAL,2026-09-18,79.42,79.62,24907070,nasdaq
DASH,2026-09-18,194.56,192.94,7216884,nasdaq
DD,2026-09-18,128.39,129.01,2098210,nasdaq
DDOG,2026-09-18,238.46,229.92,5193592,nasdaq
DE,2026-09-18,684.76,683.99,2244950,nasdaq
DECK,2026-09-18,80.0,78.43,6811504,nasdaq
DELL,2026-09-18,593.15,568.06,11739110,nasdaq
DG,2026-09-18,125.74,122.41,4730207,nasdaq
DGX,2026-09-18,246.52,246.45,1925637,nasdaq
DHI,2026-09-18,139.38,138.02,6154124,nasdaq
DHR,2026-09-18,212.64,211.81,8835009,nasdaq
DIS,2026-09-18,105.045,102.67,19139670,nasdaq
DLR,2026-09-18,183.19,182.12,4561212,nasdaq
DLTR,2026-09-18,113.99,111.96,6588824,nasdaq
DOC,2026-09-18,20.54,20.33,10231450,nasdaq
DOV,2026-09-18,189.4,187.42,2309392,nasdaq
DOW,2026-09-18,29.37,28.73,13630760,nasdaq
DPZ,2026-09-18,296.62,294.2,1669854,nasdaq
DRI,2026-09-18,206.59,209.28,1707840,nasdaq
DTE,2026-09-18,129.26,128.52,3137783,nasdaq
DUK,2026-09-18,117.92,117.53,8616463,nasdaq
DVA,2026-09-18,183.96,183.86,2098919,nasdaq
DVN,2026-09-18,48.57,48.61,39692410,nasdaq
DXCM,2026-09-18,87.825,89.35,14576640,nasdaq
EBAY,2026-09-18,111.49,111.84,20887210,nasdaq
ECHO,2026-09-18,94.0,93.46,8856957,nasdaq
ECL,2026-09-18,269.97,269.46,2572775,nasdaq
ED,2026-09-18,106.6,105.43,3426685,nasdaq
EFX,2026-09-18,160.88,158.87,3466246,nasdaq
EG,2026-09-18,383.04,374.85,1806788,nasdaq
EIX,2026-09-18,55.03,55.31,9138323,nasdaq
EL,2026-09-18,93.85,93.43,6101378,nasdaq
ELV,2026-09-18,414.68,410.95,2076302,nasdaq
EME,2026-09-18,731.15,750.09,848878,nasdaq
EMR,2026-09-18,147.6,149.92,3929592,nasdaq
EOG,2026-09-18,145.08,144.23,8275001,nasdaq
EQIX,2026-09-18,1022.685,1021.34,680628,nasdaq
EQT,2026-09-18,50.305,50.0,20428550,nasdaq
ERIE,2026-09-18,243.78,239.05,549097,nasdaq
ES,2026-09-18,68.67,67.72,5761752,nasdaq
ESS,2026-09-18,269.84,270.05,790479,nasdaq
ETN,2026-09-18,411.48,424.77,4615565,nasdaq
ETR,2026-09-18,103.12,102.01,6131637,nasdaq
EVRG,2026-09-18,80.8,79.78,3391950,nasdaq
EW,2026-09-18,88.03,88.26,4258353,nasdaq
EXC,2026-09-18,42.515,42.07,11201510,nasdaq
EXE,2026-09-18,88.31,87.49,8549440,nasdaq
EXPD,2026-09-18,189.19,190.94,2515015,nasdaq
EXPE,2026-09-18,284.44,279.35,3348878,nasdaq
EXR,2026-09-18,138.5,136.71,3121400,nasdaq
F,2026-09-18,13.54,13.21,111376400,nasdaq
FANG,2026-09-18,196.94,192.42,8100578,nasdaq
FAST,2026-09-18,49.06,49.01,11663760,nasdaq
FCX,2026-09-18,71.0,71.54,14993170,nasdaq
FDS,2026-09-18,277.71,283.83,1194618,nasdaq
FDX,2026-09-18,305.41,303.65,3030576,nasdaq
FDXF,2026-09-18,122.2,120.13,6266777,nasdaq
FE,2026-09-18,45.515,45.26,5598043,nasdaq
FERG,2026-09-18,213.24,214.43,2092061,nasdaq
FFIV,2026-09-18,439.13,432.03,1218049,nasdaq
FICO,2026-09-18,965.14,949.68,823508,nasdaq
FIS,2026-09-18,36.15,35.62,9220232,nasdaq
FISV,2026-09-18,49.37,47.19,11654580,nasdaq
FITB,2026-09-18,53.28,52.91,9911821,nasdaq
FIX,2026-09-18,1592.8,1651.37,831831,nasdaq
FLEX,2026-09-18,109.55,108.51,9529814,nasdaq
FOX,2026-09-18,57.99,57.74,5970302,nasdaq
FOXA,2026-09-18,64.41,64.45,13255780,nasdaq
FRT,2026-09-18,111.84,110.91,1647081,nasdaq
FSLR,2026-09-18,202.11,195.96,2763461,nasdaq
FTNT,2026-09-18,172.46,169.84,12746460,nasdaq
FTV,2026-09-18,55.1,55.0,4821115,nasdaq
GD,2026-09-18,355.48,353.05,2695488,nasdaq
GDDY,2026-09-18,97.48,97.46,5598563,nasdaq
GE,2026-09-18,313.63,314.27,10448530,nasdaq
GEHC,2026-09-18,64.26,64.13,7625437,nasdaq
GEN,2026-09-18,30.19,29.01,19124880,nasdaq
GEV,2026-09-18,934.97,940.33,4108212,nasdaq
GILD,2026-09-18,150.56,150.11,16421970,nasdaq
GIS,2026-09-18,36.48,36.32,16390560,nasdaq
GL,2026-09-18,171.52,173.42,717095,nasdaq
GLW,2026-09-18,152.0,150.13,14505710,nasdaq
GM,2026-09-18,86.16,82.2,21148050,nasdaq
GNRC,2026-09-18,209.52,207.44,3054236,nasdaq
GOOG,2026-09-18,351.22,344.41,34108870,nasdaq
GOOGL,2026-09-18,357.305,349.54,47631750,nasdaq
GPC,2026-09-18,130.21,128.08,2820321,nasdaq
GPN,2026-09-18,84.99,85.06,5790148,nasdaq
GRMN,2026-09-18,273.25,274.06,2424715,nasdaq
GS,2026-09-18,948.96,942.0,3983987,nasdaq
GWW,2026-09-18,1260.15,1266.61,355317,nasdaq
HAL,2026-09-18,33.85,33.64,18688600,nasdaq
HAS,2026-09-18,88.76,87.57,3855249,nasdaq
HBAN,2026-09-18,15.86,15.88,53658210,nasdaq
HCA,2026-09-18,429.17,427.71,5445311,nasdaq
HD,2026-09-18,298.68,299.98,8200399,nasdaq
HIG,2026-09-18,132.25,131.89,4938544,nasdaq
HII,2026-09-18,277.13,272.86,1455097,nasdaq
HLT,2026-09-18,302.19,305.73,2947102,nasdaq
HON,2026-09-18,206.49,206.46,7046070,nasdaq
HONA,2026-09-18,166.99,163.6,13258690,nasdaq
HOOD,2026-09-18,113.34,119.82,39358820,nasdaq
HPE,2026-09-18,61.7,60.76,26508530,nasdaq
HPQ,2026-09-18,34.74,34.4,35519550,nasdaq
HRL,2026-09-18,20.66,20.83,10086920,nasdaq
HSIC,2026-09-18,84.84,84.84,2220202,nasdaq
HST,2026-09-18,21.84,21.84,21450010,nasdaq
HSY,2026-09-18,168.12,169.79,4288179,nasdaq
HUBB,2026-09-18,443.91,446.92,883908,nasdaq
HUM,2026-09-18,384.81,386.22,1681385,nasdaq
HWM,2026-09-18,225.78,229.67,4735426,nasdaq
IBKR,2026-09-18,89.91,90.69,6227861,nasdaq
IBM,2026-09-18,237.85,229.55,13413820,nasdaq
ICE,2026-09-18,152.47,155.47,4302573,nasdaq
IDXX,2026-09-18,506.48,511.65,1124663,nasdaq
IEX,2026-09-18,221.3,223.72,1064137,nasdaq
IFF,2026-09-18,84.05,82.96,3727053,nasdaq
INCY,2026-09-18,127.85,125.31,3700438,nasdaq
INTC,2026-09-18,109.795,108.6,174996700,nasdaq
INTU,2026-09-18,312.905,303.19,7699466,nasdaq
INVH,2026-09-18,27.04,26.91,12786200,nasdaq
IP,2026-09-18,34.65,34.53,8544362,nasdaq
IQV,2026-09-18,269.45,266.42,5595941,nasdaq
IR,2026-09-18,72.32,71.83,8861539,nasdaq
IRM,2026-09-18,114.4,114.34,2887860,nasdaq
ISRG,2026-09-18,381.51,393.33,4930004,nasdaq
IT,2026-09-18,188.32,185.78,2571815,nasdaq
ITW,2026-09-18,267.6,269.42,2096275,nasdaq
IVZ,2026-09-18,30.21,30.53,6942900,nasdaq
J,2026-09-18,143.98,143.4,2137725,nasdaq
JBHT,2026-09-18,236.8,234.25,2271508,nasdaq
JBL,2026-09-18,299.2,299.57,3807784,nasdaq
JCI,2026-09-18,141.05,143.28,5434258,nasdaq
JKHY,2026-09-18,155.82,154.85,2666985,nasdaq
JNJ,2026-09-18,269.45,269.99,16428380,nasdaq
JPM,2026-09-18,347.89,349.67,18312430,nasdaq
KDP,2026-09-18,31.315,30.96,22568950,nasdaq
KEY,2026-09-18,20.9,20.81,19014290,nasdaq
KEYS,2026-09-18,334.25,335.0,1708733,nasdaq
KHC,2026-09-18,24.63,24.43,27346780,nasdaq
KIM,2026-09-18,22.47,22.53,9209122,nasdaq
KKR,2026-09-18,97.51,98.81,5153742,nasdaq
KLAC,2026-09-18,170.5,176.99,20072510,nasdaq
KMB,2026-09-18,97.73,97.86,6666276,nasdaq
KMI,2026-09-18,31.2,31.84,35877720,nasdaq
KO,2026-09-18,87.8,88.25,28048230,nasdaq
KR,2026-09-18,60.52,60.0,12118610,nasdaq
KVUE,2026-09-18,17.8,17.81,26721860,nasdaq
L,2026-09-18,107.63,107.77,2547918,nasdaq
LDOS,2026-09-18,130.5,127.69,3279121,nasdaq
LEN,2026-09-18,78.25,76.43,11851860,nasdaq
LH,2026-09-18,322.0,320.71,1738510,nasdaq
LHX,2026-09-18,250.03,247.29,2845995,nasdaq
LII,2026-09-18,359.36,359.23,892924,nasdaq
LIN,2026-09-18,458.38,460.4,4479190,nasdaq
LITE,2026-09-18,915.66,930.91,9269371,nasdaq
LLY,2026-09-18,1150.0,1152.93,4549953,nasdaq
LMT,2026-09-18,536.98,533.38,2860825,nasdaq
LNT,2026-09-18,66.5,65.605,3938999,nasdaq
LOW,2026-09-18,193.3,192.49,5886336,nasdaq
LRCX,2026-09-18,274.41,288.11,19636000,nasdaq
LULU,2026-09-18,99.645,98.06,7930889,nasdaq
LUV,2026-09-18,40.51,40.98,14082050,nasdaq
LVS,2026-09-18,40.51,39.98,18105050,nasdaq
LYB,2026-09-18,63.54,61.93,7745816,nasdaq
LYV,2026-09-18,168.0,167.12,4477814,nasdaq
MA,2026-09-18,564.95,565.24,5439916,nasdaq
MAA,2026-09-18,120.56,118.93,2634590,nasdaq
MAR,2026-09-18,333.83,338.92,4249828,nasdaq
MAS,2026-09-18,67.64,68.06,7230499,nasdaq
MCD,2026-09-18,248.27,248.24,9577429,nasdaq
MCHP,2026-09-18,71.49,73.27,15934270,nasdaq
MCK,2026-09-18,872.78,874.65,2707475,nasdaq
MCO,2026-09-18,460.0,468.59,1409295,nasdaq
MDLZ,2026-09-18,61.69,60.85,17743720,nasdaq
MDT,2026-09-18,92.28,92.13,15446270,nasdaq
MET,2026-09-18,96.89,97.04,7313755,nasdaq
META,2026-09-18,688.62,665.75,27596430,nasdaq
MGM,2026-09-18,38.33,37.81,7854467,nasdaq
MKC,2026-09-18,49.08,48.72,10030270,nasdaq
MLM,2026-09-18,489.705,490.64,1147360,nasdaq
MMM,2026-09-18,163.795,165.89,4556072,nasdaq
MNST,2026-09-18,44.655,44.71,18531200,nasdaq
MO,2026-09-18,69.34,69.52,14345280,nasdaq
MOS,2026-09-18,25.36,24.48,11773420,nasdaq
MPC,2026-09-18,420.27,424.89,9859692,nasdaq
MPWR,2026-09-18,1185.52,1217.8,1427382,nasdaq
MRK,2026-09-18,147.08,146.87,31159670,nasdaq
MRNA,2026-09-18,158.355,154.04,20238550,nasdaq
MRSH,2026-09-18,173.76,175.01,7171880,nasdaq
MRVL,2026-09-18,242.06,244.25,23635620,nasdaq
MS,2026-09-18,202.1,202.58,7446450,nasdaq
MSCI,2026-09-18,546.43,552.87,841579,nasdaq
MSFT,2026-09-18,497.965,493.78,39622290,nasdaq
MSI,2026-09-18,459.38,458.67,1747101,nasdaq
MTB,2026-09-18,226.01,227.31,2187719,nasdaq
MTD,2026-09-18,1404.82,1392.32,544545,nasdaq
MU,2026-09-18,984.715,1015.8,35803500,nasdaq
NCLH,2026-09-18,14.35,14.12,22810160,nasdaq
NDAQ,2026-09-18,92.0,93.54,6452044,nasdaq
NDSN,2026-09-18,312.26,311.57,843573,nasdaq
NEE,2026-09-18,80.67,80.47,21574710,nasdaq
NEM,2026-09-18,124.0,123.41,21501150,nasdaq
NFLX,2026-09-18,71.27,71.79,114413500,nasdaq
NI,2026-09-18,40.58,40.58,9904727,nasdaq
NKE,2026-09-18,36.27,35.51,52053580,nasdaq
NOC,2026-09-18,523.68,527.39,1259162,nasdaq
NOW,2026-09-18,139.71,135.47,19250570,nasdaq
NRG,2026-09-18,105.72,103.66,3696327,nasdaq
NSC,2026-09-18,318.63,314.16,1898259,nasdaq
NTAP,2026-09-18,198.18,197.79,4829711,nasdaq
NTRS,2026-09-18,176.94,177.89,2212070,nasdaq
NUE,2026-09-18,254.26,248.38,3199541,nasdaq
NVDA,2026-09-18,219.35,222.27,190287400,nasdaq
NVR,2026-09-18,6211.21,6150.47,123795,nasdaq
NWS,2026-09-18,33.05,32.68,5659030,nasdaq
NWSA,2026-09-18,30.19,29.78,15321070,nasdaq
NXPI,2026-09-18,231.36,227.99,5218639,nasdaq
O,2026-09-18,57.18,56.66,15214850,nasdaq
ODFL,2026-09-18,174.73,173.0,3578582,nasdaq
OKE,2026-09-18,92.63,93.46,12082950,nasdaq
OMC,2026-09-18,77.46,76.57,16729630,nasdaq
ON,2026-09-18,70.14,69.98,20501610,nasdaq
ORCL,2026-09-18,150.47,147.61,39324910,nasdaq
ORLY,2026-09-18,84.61,84.71,18011040,nasdaq
OTIS,2026-09-18,68.7,68.52,12920770,nasdaq
OXY,2026-09-18,59.05,58.84,14211910,nasdaq
PANW,2026-09-18,375.075,363.58,13800750,nasdaq
PAYX,2026-09-18,116.51,116.14,9586639,nasdaq
PCAR,2026-09-18,117.36,116.06,10714590,nasdaq
PCG,2026-09-18,13.29,13.2,37281780,nasdaq
PEG,2026-09-18,70.32,69.77,7513322,nasdaq
PEP,2026-09-18,132.21,129.75,23539930,nasdaq
PFE,2026-09-18,27.64,27.66,75593390,nasdaq
PFG,2026-09-18,115.81,117.67,3205333,nasdaq
PG,2026-09-18,146.44,146.39,12944280,nasdaq
PGR,2026-09-18,214.06,213.48,6118270,nasdaq
PH,2026-09-18,925.14,943.54,1065896,nasdaq
PHM,2026-09-18,117.58,117.26,5172970,nasdaq
PKG,2026-09-18,232.51,232.77,1119655,nasdaq
PLD,2026-09-18,133.37,134.84,7648636,nasdaq
PLTR,2026-09-18,177.18,177.64,39302690,nasdaq
PM,2026-09-18,188.0,188.62,7805677,nasdaq
PNC,2026-09-18,231.48,233.17,3422388,nasdaq
PNR,2026-09-18,55.74,55.92,5840303,nasdaq
PNW,2026-09-18,94.75,94.21,2559202,nasdaq
PODD,2026-09-18,141.25,140.6,2506360,nasdaq
PPG,2026-09-18,104.49,104.52,4137600,nasdaq
PPL,2026-09-18,33.35,33.34,8292069,nasdaq
PRU,2026-09-18,116.96,118.4,3154853,nasdaq
PSA,2026-09-18,300.52,296.31,1719836,nasdaq
PSKY,2026-09-18,10.585,10.21,78995510,nasdaq
PSX,2026-09-18,272.24,273.13,10174360,nasdaq
PTC,2026-09-18,134.31,135.89,5932457,nasdaq
PWR,2026-09-18,617.64,636.71,1314901,nasdaq
PYPL,2026-09-18,52.65,52.41,29083590,nasdaq
Q,2026-09-18,118.08,120.05,3908402,nasdaq
QCOM,2026-09-18,191.34,177.72,54480340,nasdaq
RCL,2026-09-18,250.0,245.81,3201617,nasdaq
RDDT,2026-09-18,152.69,150.85,13897540,nasdaq
REG,2026-09-18,72.85,72.95,2440716,nasdaq
REGN,2026-09-18,787.34,784.85,2473436,nasdaq
RF,2026-09-18,28.67,28.5,16421240,nasdaq
RJF,2026-09-18,164.18,164.75,3495116,nasdaq
RL,2026-09-18,332.85,335.1,1051345,nasdaq
RMD,2026-09-18,228.21,224.99,3862486,nasdaq
ROK,2026-09-18,410.43,415.62,1099766,nasdaq
ROL,2026-09-18,33.0,32.43,16337760,nasdaq
ROP,2026-09-18,373.99,372.74,3306176,nasdaq
ROST,2026-09-18,228.395,226.61,3980251,nasdaq
RSG,2026-09-18,218.72,218.07,3639367,nasdaq
RTX,2026-09-18,193.0,194.0,9843426,nasdaq
RVTY,2026-09-18,146.5,143.45,3321775,nasdaq
SBAC,2026-09-18,180.71,178.59,1850289,nasdaq
SBUX,2026-09-18,96.4,95.83,13095210,nasdaq
SCHW,2026-09-18,104.68,105.25,18104530,nasdaq
SHW,2026-09-18,318.05,320.73,2853013,nasdaq
SJM,2026-09-18,122.86,122.95,2982502,nasdaq
SLB,2026-09-18,51.78,51.12,25219730,nasdaq
SMCI,2026-09-18,40.2,39.09,48079260,nasdaq
SNA,2026-09-18,371.12,372.15,1014828,nasdaq
SNDK,2026-09-18,1625.2,1791.82,17788390,nasdaq
SNPS,2026-09-18,385.0,384.97,3235519,nasdaq
SO,2026-09-18,86.33,85.52,15154860,nasdaq
SOLV,2026-09-18,87.61,88.84,2318211,nasdaq
SPG,2026-09-18,204.04,205.32,3098855,nasdaq
SPGI,2026-09-18,401.4,405.32,2420522,nasdaq
SPY,2026-09-18,761.31,761.69,65395150,nasdaq
SRE,2026-09-18,81.5,81.31,6148516,nasdaq
STE,2026-09-18,206.24,205.04,1544123,nasdaq
STLD,2026-09-18,244.98,235.26,3097442,nasdaq
STT,2026-09-18,182.02,182.87,5574927,nasdaq
STX,2026-09-18,814.69,858.79,6976470,nasdaq
STZ,2026-09-18,121.54,118.97,6760370,nasdaq
SW,2026-09-18,45.2,44.33,8943632,nasdaq
SWK,2026-09-18,89.16,89.58,3699063,nasdaq
SWKS,2026-09-18,92.05,88.76,22113380,nasdaq
SYF,2026-09-18,74.25,75.04,6920958,nasdaq
SYK,2026-09-18,278.02,275.12,4805096,nasdaq
SYY,2026-09-18,78.84,79.05,7360625,nasdaq
T,2026-09-18,25.08,25.4,84401990,nasdaq
TAP,2026-09-18,38.75,37.53,49901700,nasdaq
TDG,2026-09-18,1077.16,1086.05,809485,nasdaq
TDY,2026-09-18,604.26,603.46,379921,nasdaq
TECH,2026-09-18,72.41,72.37,5019526,nasdaq
TEL,2026-09-18,205.5,205.42,4230976,nasdaq
TER,2026-09-18,359.24,371.47,4292952,nasdaq
TFC,2026-09-18,48.48,48.56,17198170,nasdaq
TGT,2026-09-18,159.81,158.19,6815578,nasdaq
TJX,2026-09-18,126.42,127.24,17683880,nasdaq
TKO,2026-09-18,186.92,189.26,3674569,nasdaq
TMO,2026-09-18,656.61,651.45,4582569,nasdaq
TMUS,2026-09-18,164.755,168.18,12868070,nasdaq
TPL,2026-09-18,347.65,352.67,1355289,nasdaq
TPR,2026-09-18,115.7,115.0,7708511,nasdaq
TRGP,2026-09-18,285.55,292.19,3843224,nasdaq
TRMB,2026-09-18,57.33,57.56,5858209,nasdaq
TROW,2026-09-18,102.84,104.16,2886340,nasdaq
TRV,2026-09-18,376.95,374.62,3290494,nasdaq
TSCO,2026-09-18,32.645,32.21,14851780,nasdaq
TSLA,2026-09-18,369.0,364.27,51922260,nasdaq
TSN,2026-09-18,52.06,52.77,8428918,nasdaq
TT,2026-09-18,420.865,429.11,2104081,nasdaq
TTD,2026-09-18,14.43,13.92,149238300,nasdaq
TTWO,2026-09-18,210.8,205.45,5719444,nasdaq
TXN,2026-09-18,260.815,266.64,19060390,nasdaq
TXT,2026-09-18,81.16,79.69,3715159,nasdaq
TYL,2026-09-18,340.86,337.5,2185436,nasdaq
UAL,2026-09-18,107.71,108.71,4663644,nasdaq
UBER,2026-09-18,70.895,70.5,20652840,nasdaq
UDR,2026-09-18,34.15,33.9,6980255,nasdaq
UHS,2026-09-18,181.11,176.69,1796228,nasdaq
ULTA,2026-09-18,546.07,540.98,1145397,nasdaq
UNH,2026-09-18,375.29,376.9,8616225,nasdaq
UNP,2026-09-18,281.25,279.37,4857631,nasdaq
UPS,2026-09-18,99.915,99.06,9407920,nasdaq
URI,2026-09-18,997.52,1013.91,599224,nasdaq
USB,2026-09-18,59.85,60.06,14868820,nasdaq
V,2026-09-18,368.56,368.29,19583010,nasdaq
VEEV,2026-09-18,263.4,260.21,6003019,nasdaq
VICI,2026-09-18,24.04,23.72,19497830,nasdaq
VLO,2026-09-18,412.0,413.28,9293326,nasdaq
VLTO,2026-09-18,95.0,94.49,4959980,nasdaq
VMC,2026-09-18,241.8,240.83,2061678,nasdaq
VMRK,2026-09-18,62.12,61.22,15383790,nasdaq
VOO,2026-09-18,701.58,701.78,9594039,nasdaq
VRSK,2026-09-18,175.8,175.41,3186209,nasdaq
VRSN,2026-09-18,302.05,303.12,1442895,nasdaq
VRT,2026-09-18,246.19,249.39,7837060,nasdaq
VRTX,2026-09-18,516.34,508.34,2434832,nasdaq
VST,2026-09-18,143.395,140.67,5268950,nasdaq
VTI,2026-09-18,375.94,375.43,2291403,nasdaq
VTR,2026-09-18,87.33,86.69,13558180,nasdaq
VTRS,2026-09-18,17.19,16.95,15646120,nasdaq
VXUS,2026-09-18,85.82,85.88,4807529,nasdaq
VZ,2026-09-18,47.5,48.09,45527570,nasdaq
WAB,2026-09-18,278.97,280.23,1545600,nasdaq
WAT,2026-09-18,429.23,421.63,1035742,nasdaq
WBD,2026-09-18,28.06,27.8,44151430,nasdaq
WDAY,2026-09-18,199.32,193.87,7810355,nasdaq
WDC,2026-09-18,427.495,441.36,13518930,nasdaq
WEC,2026-09-18,104.11,103.17,4333372,nasdaq
WELL,2026-09-18,229.6,228.87,8296616,nasdaq
WFC,2026-09-18,86.26,86.12,25024960,nasdaq
WM,2026-09-18,212.36,211.1,3574895,nasdaq
WMB,2026-09-18,71.35,72.05,19567810,nasdaq
WMT,2026-09-18,106.24,106.73,45337640,nasdaq
WRB,2026-09-18,69.8,69.99,20279600,nasdaq
WSM,2026-09-18,220.39,224.2,2729116,nasdaq
WST,2026-09-18,366.59,362.31,1457546,nasdaq
WTW,2026-09-18,310.34,309.98,1828704,nasdaq
WY,2026-09-18,21.55,21.22,10138780,nasdaq
WYNN,2026-09-18,82.83,81.68,5034974,nasdaq
XEL,2026-09-18,73.26,72.3,9015326,nasdaq
XOM,2026-09-18,162.5,163.54,37640560,nasdaq
XYL,2026-09-18,107.39,107.56,4387407,nasdaq
XYZ,2026-09-18,76.55,76.28,5974506,nasdaq
YUM,2026-09-18,135.495,137.99,4730230,nasdaq
ZBH,2026-09-18,94.04,95.36,3947389,nasdaq
ZBRA,2026-09-18,349.53,346.63,1373256,nasdaq
ZTS,2026-09-18,72.565,71.4,9881006,nasdaq
A,2026-09-21,157.87,161.94,2710409,nasdaq
AAPL,2026-09-21,335.28,338.98,34999230,nasdaq
ABBV,2026-09-21,263.07,264.48,3438150,nasdaq
ABNB,2026-09-21,166.56,166.84,3301798,nasdaq
ABT,2026-09-21,102.27,102.98,5018287,nasdaq
ACGL,2026-09-21,96.62,95.78,4101810,nasdaq
ACN,2026-09-21,187.0,186.11,7419159,nasdaq
ADBE,2026-09-21,248.92,249.52,5186608,nasdaq
ADI,2026-09-21,377.045,383.0,4050443,nasdaq
ADM,2026-09-21,85.05,83.38,2565826,nasdaq
ADP,2026-09-21,269.16,269.94,2307377,nasdaq
ADSK,2026-09-21,216.16,218.85,1528513,nasdaq
AEE,2026-09-21,102.03,101.83,1852611,nasdaq
AEP,2026-09-21,119.8,120.03,6986206,nasdaq
AES,2026-09-21,14.84,14.83,4790638,nasdaq
AFL,2026-09-21,116.41,115.18,1886389,nasdaq
AIG,2026-09-21,75.33,74.54,3340015,nasdaq
AIZ,2026-09-21,282.54,277.38,335483,nasdaq
AJG,2026-09-21,239.72,236.61,1283721,nasdaq
AKAM,2026-09-21,106.04,117.41,4706702,nasdaq
ALB,2026-09-21,113.5,112.92,1908295,nasdaq
ALGN,2026-09-21,147.97,146.88,975815,nasdaq
ALL,2026-09-21,250.0,242.86,2354280,nasdaq
ALLE,2026-09-21,153.09,151.36,1528001,nasdaq
AMAT,2026-09-21,455.945,464.24,9491072,nasdaq
AMCR,2026-09-21,42.37,42.15,3212397,nasdaq
AMD,2026-09-21,583.88,615.52,44494270,nasdaq
AME,2026-09-21,239.79,241.23,1351452,nasdaq
AMGN,2026-09-21,385.71,393.16,2889256,nasdaq
AMP,2026-09-21,550.22,535.72,659434,nasdaq
AMT,2026-09-21,173.83,174.6,3569174,nasdaq
AMZN,2026-09-21,256.4,258.45,42979410,nasdaq
ANET,2026-09-21,203.47,205.42,5004343,nasdaq
AON,2026-09-21,297.01,290.82,1936410,nasdaq
AOS,2026-09-21,57.63,56.96,1478925,nasdaq
APA,2026-09-21,44.13,43.81,6001568,nasdaq
APD,2026-09-21,284.12,279.46,1741508,nasdaq
APH,2026-09-21,79.255,80.72,11656290,nasdaq
APO,2026-09-21,127.37,127.91,2367819,nasdaq
APP,2026-09-21,309.69,330.17,5999097,nasdaq
APTV,2026-09-21,44.05,43.57,2779306,nasdaq
ARE,2026-09-21,53.39,53.34,1921138,nasdaq
ARES,2026-09-21,126.43,126.67,1615791,nasdaq
ATO,2026-09-21,160.26,158.27,1059483,nasdaq
AVGO,2026-09-21,358.655,362.66,26498590,nasdaq
AVY,2026-09-21,172.39,169.33,761838,nasdaq
AWK,2026-09-21,135.31,133.97,1442253,nasdaq
AXON,2026-09-21,446.42,452.06,991049,nasdaq
AXP,2026-09-21,315.18,313.59,2490685,nasdaq
AZO,2026-09-21,2863.0,2803.25,609556,nasdaq
BA,2026-09-21,200.45,201.15,6351805,nasdaq
BAC,2026-09-21,58.05,57.96,33228140,nasdaq
BALL,2026-09-21,60.57,59.71,2049344,nasdaq
BAX,2026-09-21,22.99,22.93,11747740,nasdaq
BBY,2026-09-21,92.76,93.22,2630786,nasdaq
BDX,2026-09-21,181.25,180.7,1461542,nasdaq
BEN,2026-09-21,33.5,33.64,4988778,nasdaq
BG,2026-09-21,115.5,112.61,1583075,nasdaq
BIIB,2026-09-21,216.14,219.07,928562,nasdaq
BKNG,2026-09-21,167.27,168.52,6994686,nasdaq
BKR,2026-09-21,57.17,57.83,7974888,nasdaq
BLDR,2026-09-21,58.54,58.52,3748638,nasdaq
BLK,2026-09-21,1080.0,1090.27,512490,nasdaq
BMY,2026-09-21,63.09,62.62,6839126,nasdaq
BNY,2026-09-21,155.19,153.89,3645744,nasdaq
BR,2026-09-21,163.99,164.62,1078763,nasdaq
BRK.B,2026-09-21,507.93,502.01,4807432,nasdaq
BRO,2026-09-21,65.11,64.3,2328329,nasdaq
BSX,2026-09-21,42.98,43.72,24998920,nasdaq
BX,2026-09-21,126.35,126.41,2865343,nasdaq
BXP,2026-09-21,63.64,64.13,1305231,nasdaq
C,2026-09-21,133.74,135.05,10426140,nasdaq
CAH,2026-09-21,225.28,225.75,1189139,nasdaq
CARR,2026-09-21,54.46,54.62,6875749,nasdaq
CASY,2026-09-21,591.0,585.34,647016,nasdaq
CAT,2026-09-21,827.0,816.5,1869362,nasdaq
CB,2026-09-21,339.65,337.26,934213,nasdaq
CBOE,2026-09-21,271.38,271.43,1028569,nasdaq
CBRE,2026-09-21,141.45,143.21,1995030,nasdaq
CCI,2026-09-21,73.34,73.22,3142304,nasdaq
CCL,2026-09-21,22.34,22.31,18274470,nasdaq
CDNS,2026-09-21,285.73,294.9,2344648,nasdaq
CDW,2026-09-21,147.23,146.41,1877804,nasdaq
CEG,2026-09-21,256.38,262.11,3402470,nasdaq
CELH,2026-09-21,28.095,28.02,8266552,nasdaq
CF,2026-09-21,126.59,123.27,3220380,nasdaq
CFG,2026-09-21,67.0,67.36,3171655,nasdaq
CHD,2026-09-21,94.55,95.49,1928504,nasdaq
CHRW,2026-09-21,153.66,152.84,1397929,nasdaq
CHTR,2026-09-21,128.84,123.35,2687970,nasdaq
CHYM,2026-09-21,30.67,29.92,7328652,nasdaq
CI,2026-09-21,275.91,274.47,1394988,nasdaq
CIEN,2026-09-21,365.05,365.96,2886519,nasdaq
CINF,2026-09-21,168.3,166.85,520410,nasdaq
CL,2026-09-21,87.26,86.26,7282655,nasdaq
CLX,2026-09-21,83.54,84.88,4132745,nasdaq
CMCSA,2026-09-21,22.8,22.93,29119250,nasdaq
CME,2026-09-21,276.38,275.53,1532106,nasdaq
CMG,2026-09-21,33.7,33.14,11595250,nasdaq
CMI,2026-09-21,539.94,534.78,1017117,nasdaq
CMS,2026-09-21,65.38,64.7,2811841,nasdaq
CNC,2026-09-21,65.19,64.99,4423083,nasdaq
CNP,2026-09-21,38.15,37.99,4584042,nasdaq
COF,2026-09-21,204.96,204.92,2937746,nasdaq
COHR,2026-09-21,326.48,321.52,7586508,nasdaq
COIN,2026-09-21,205.19,201.05,14506900,nasdaq
COO,2026-09-21,55.13,54.12,4186123,nasdaq
COP,2026-09-21,130.28,127.53,6157047,nasdaq
COR,2026-09-21,309.74,316.49,1049948,nasdaq
COST,2026-09-21,891.07,898.48,2163492,nasdaq
CPAY,2026-09-21,399.96,397.22,445241,nasdaq
CPRT,2026-09-21,29.19,28.91,11104710,nasdaq
CPT,2026-09-21,99.2,98.82,1513391,nasdaq
CRH,2026-09-21,86.82,87.14,4076571,nasdaq
CRL,2026-09-21,279.37,279.01,952932,nasdaq
CRM,2026-09-21,239.8,236.42,10581930,nasdaq
CRWD,2026-09-21,231.62,249.35,13372720,nasdaq
CSCO,2026-09-21,109.81,111.46,21567240,nasdaq
CSGP,2026-09-21,29.24,29.04,7100172,nasdaq
CSX,2026-09-21,47.48,45.99,16408710,nasdaq
CTAS,2026-09-21,196.47,196.88,1626380,nasdaq
CTSH,2026-09-21,60.36,59.38,5753189,nasdaq
CTVA,2026-09-21,80.67,79.11,2881676,nasdaq
CVNA,2026-09-21,65.89,67.18,5442683,nasdaq
CVS,2026-09-21,88.73,87.6,10137930,nasdaq
CVX,2026-09-21,207.89,203.67,8469734,nasdaq
D,2026-09-21,63.53,62.82,5326362,nasdaq
DAL,2026-09-21,81.0,82.5,9200270,nasdaq
DASH,2026-09-21,193.85,193.83,5061173,nasdaq
DD,2026-09-21,130.0,129.79,922164,nasdaq
DDOG,2026-09-21,229.73,245.05,2928022,nasdaq
DE,2026-09-21,686.12,684.73,953193,nasdaq
DECK,2026-09-21,79.38,80.23,3807703,nasdaq
DELL,2026-09-21,586.77,575.31,7736621,nasdaq
DG,2026-09-21,123.52,121.91,2375246,nasdaq
DGX,2026-09-21,247.13,244.88,907605,nasdaq
DHI,2026-09-21,138.96,139.25,3620948,nasdaq
DHR,2026-09-21,212.03,215.84,5164082,nasdaq
DIS,2026-09-21,103.48,104.23,7128260,nasdaq
DLR,2026-09-21,185.05,186.33,1679730,nasdaq
DLTR,2026-09-21,112.46,112.33,3018798,nasdaq
DOC,2026-09-21,20.42,20.72,6151868,nasdaq
DOV,2026-09-21,190.69,186.09,1223041,nasdaq
DOW,2026-09-21,28.52,28.27,9639683,nasdaq
DPZ,2026-09-21,295.0,295.94,810718,nasdaq
DRI,2026-09-21,210.26,211.31,1725074,nasdaq
DTE,2026-09-21,127.26,126.13,2179613,nasdaq
DUK,2026-09-21,117.49,116.74,4270664,nasdaq
DVA,2026-09-21,184.47,182.34,565042,nasdaq
DVN,2026-09-21,47.8,47.59,13041980,nasdaq
DXCM,2026-09-21,88.83,89.17,3515967,nasdaq
EBAY,2026-09-21,111.49,108.3,5189591,nasdaq
ECHO,2026-09-21,93.435,95.36,4741166,nasdaq
ECL,2026-09-21,272.1,269.98,803792,nasdaq
ED,2026-09-21,105.24,103.86,1825541,nasdaq
EFX,2026-09-21,160.32,158.62,1439240,nasdaq
EG,2026-09-21,378.7,369.42,386001,nasdaq
EIX,2026-09-21,55.05,54.95,3840340,nasdaq
EL,2026-09-21,94.71,96.34,3089904,nasdaq
ELV,2026-09-21,410.31,409.31,933961,nasdaq
EME,2026-09-21,760.06,757.71,381386,nasdaq
EMR,2026-09-21,151.08,151.72,2103771,nasdaq
EOG,2026-09-21,142.44,141.38,2744819,nasdaq
EQIX,2026-09-21,1039.25,1057.26,565186,nasdaq
EQT,2026-09-21,49.7,50.13,8281262,nasdaq
ERIE,2026-09-21,238.49,235.95,280387,nasdaq
ES,2026-09-21,66.95,66.89,2519593,nasdaq
ESS,2026-09-21,270.86,271.39,464496,nasdaq
ETN,2026-09-21,430.21,435.43,2194852,nasdaq
ETR,2026-09-21,102.21,101.58,2758816,nasdaq
EVRG,2026-09-21,79.78,79.26,1961458,nasdaq
EW,2026-09-21,88.34,88.34,3347115,nasdaq
EXC,2026-09-21,41.91,41.98,6379328,nasdaq
EXE,2026-09-21,87.0,87.65,3515299,nasdaq
EXPD,2026-09-21,191.42,192.15,1284747,nasdaq
EXPE,2026-09-21,279.29,281.02,1705269,nasdaq
EXR,2026-09-21,137.14,137.46,1383994,nasdaq
F,2026-09-21,13.35,13.17,50080960,nasdaq
FANG,2026-09-21,189.88,189.27,3811053,nasdaq
FAST,2026-09-21,48.94,49.65,4471350,nasdaq
FCX,2026-09-21,72.89,72.16,9744284,nasdaq
FDS,2026-09-21,285.13,284.1,669679,nasdaq
FDX,2026-09-21,303.18,295.79,2185489,nasdaq
FDXF,2026-09-21,121.39,117.6,1681897,nasdaq
FE,2026-09-21,45.25,44.97,3280059,nasdaq
FERG,2026-09-21,215.74,216.14,1220261,nasdaq
FFIV,2026-09-21,433.0,450.1,682747,nasdaq
FICO,2026-09-21,964.19,924.52,487559,nasdaq
FIS,2026-09-21,35.82,35.19,6091053,nasdaq
FISV,2026-09-21,47.263,46.47,8639695,nasdaq
FITB,2026-09-21,53.4,53.31,5310109,nasdaq
FIX,2026-09-21,1667.72,1632.59,337135,nasdaq
FLEX,2026-09-21,110.48,111.61,2984651,nasdaq
FOX,2026-09-21,58.05,57.9,903949,nasdaq
FOXA,2026-09-21,64.79,64.79,6039253,nasdaq
FRT,2026-09-21,111.31,110.63,1472341,nasdaq
FSLR,2026-09-21,198.22,199.84,1838281,nasdaq
FTNT,2026-09-21,170.185,175.23,3177445,nasdaq
FTV,2026-09-21,55.18,55.09,1616205,nasdaq
GD,2026-09-21,352.74,353.9,926704,nasdaq
GDDY,2026-09-21,98.32,104.77,2677526,nasdaq
GE,2026-09-21,317.54,319.01,3799557,nasdaq
GEHC,2026-09-21,64.24,64.81,3496469,nasdaq
GEN,2026-09-21,29.528,29.15,5539324,nasdaq
GEV,2026-09-21,955.0,946.22,2596003,nasdaq
GILD,2026-09-21,150.11,150.56,5569448,nasdaq
GIS,2026-09-21,36.27,35.41,9959934,nasdaq
GL,2026-09-21,173.86,172.16,320941,nasdaq
GLW,2026-09-21,156.37,158.98,9263599,nasdaq
GM,2026-09-21,82.375,83.95,7936516,nasdaq
GNRC,2026-09-21,210.0,204.96,1617336,nasdaq
GOOG,2026-09-21,346.19,350.87,18252150,nasdaq
GOOGL,2026-09-21,350.64,354.97,30455380,nasdaq
GPC,2026-09-21,128.86,126.45,1024437,nasdaq
GPN,2026-09-21,85.71,85.29,2672812,nasdaq
GRMN,2026-09-21,276.24,280.31,567126,nasdaq
GS,2026-09-21,956.495,959.39,1864045,nasdaq
GWW,2026-09-21,1269.95,1277.79,212894,nasdaq
HAL,2026-09-21,33.52,33.39,9198100,nasdaq
HAS,2026-09-21,87.26,87.72,1459392,nasdaq
HBAN,2026-09-21,16.0,16.04,24038310,nasdaq
HCA,2026-09-21,427.75,425.97,1418516,nasdaq
HD,2026-09-21,301.0,297.2,5434330,nasdaq
HIG,2026-09-21,131.69,130.73,1665696,nasdaq
HII,2026-09-21,273.39,276.1,425063,nasdaq
HLT,2026-09-21,306.03,307.08,2128311,nasdaq
HON,2026-09-21,206.9,206.48,3436505,nasdaq
HONA,2026-09-21,163.85,169.03,3975159,nasdaq
HOOD,2026-09-21,125.045,123.3,28301530,nasdaq
HPE,2026-09-21,62.65,61.75,20470990,nasdaq
HPQ,2026-09-21,33.4,32.95,16120790,nasdaq
HRL,2026-09-21,20.77,20.46,5281297,nasdaq
HSIC,2026-09-21,85.25,85.2,1347557,nasdaq
HST,2026-09-21,21.92,22.31,7581289,nasdaq
HSY,2026-09-21,170.0,167.9,1439301,nasdaq
HUBB,2026-09-21,451.36,457.49,422507,nasdaq
HUM,2026-09-21,386.2,378.58,925968,nasdaq
HWM,2026-09-21,230.5,227.37,2822155,nasdaq
IBKR,2026-09-21,92.5,93.21,3474941,nasdaq
IBM,2026-09-21,231.99,231.93,8200086,nasdaq
ICE,2026-09-21,156.22,155.37,2986929,nasdaq
IDXX,2026-09-21,511.65,515.3,513207,nasdaq
IEX,2026-09-21,224.2,222.53,708087,nasdaq
IFF,2026-09-21,84.05,83.6,1606169,nasdaq
INCY,2026-09-21,125.0,124.65,1270531,nasdaq
INTC,2026-09-21,116.53,121.78,191638400,nasdaq
INTU,2026-09-21,301.53,304.12,2949261,nasdaq
INVH,2026-09-21,27.14,27.08,4694287,nasdaq
IP,2026-09-21,35.48,35.33,4820484,nasdaq
IQV,2026-09-21,266.76,269.88,1928128,nasdaq
IR,2026-09-21,72.51,72.31,4160462,nasdaq
IRM,2026-09-21,115.48,116.89,1218440,nasdaq
ISRG,2026-09-21,393.89,401.65,2972891,nasdaq
IT,2026-09-21,188.58,183.32,715822,nasdaq
ITW,2026-09-21,269.97,267.52,1637580,nasdaq
IVZ,2026-09-21,31.06,31.38,4190720,nasdaq
J,2026-09-21,144.73,143.76,817917,nasdaq
JBHT,2026-09-21,235.49,236.17,1025092,nasdaq
JBL,2026-09-21,303.94,303.67,1403539,nasdaq
JCI,2026-09-21,143.94,145.18,2174112,nasdaq
JKHY,2026-09-21,155.6,151.56,1058940,nasdaq
JNJ,2026-09-21,271.74,269.47,4487724,nasdaq
JPM,2026-09-21,353.67,352.04,6414673,nasdaq
KDP,2026-09-21,30.95,30.62,10500310,nasdaq
KEY,2026-09-21,20.98,20.87,14976530,nasdaq
KEYS,2026-09-21,341.63,342.03,764896,nasdaq
KHC,2026-09-21,24.36,24.37,14042700,nasdaq
KIM,2026-09-21,22.53,22.54,3756149,nasdaq
KKR,2026-09-21,100.29,100.83,2894824,nasdaq
KLAC,2026-09-21,179.3,183.97,9649857,nasdaq
KMB,2026-09-21,98.32,97.74,3628364,nasdaq
KMI,2026-09-21,31.63,31.72,12231020,nasdaq
KO,2026-09-21,88.32,87.12,18100420,nasdaq
KR,2026-09-21,60.06,59.69,7326310,nasdaq
KVUE,2026-09-21,17.63,17.67,25683360,nasdaq
L,2026-09-21,109.13,106.75,1013217,nasdaq
LDOS,2026-09-21,127.79,128.23,1121714,nasdaq
LEN,2026-09-21,76.975,78.08,4951498,nasdaq
LH,2026-09-21,321.95,320.99,487756,nasdaq
LHX,2026-09-21,246.61,246.93,1461888,nasdaq
LII,2026-09-21,362.37,363.64,369705,nasdaq
LIN,2026-09-21,460.87,457.5,2017534,nasdaq
LITE,2026-09-21,959.27,954.49,4719418,nasdaq
LLY,2026-09-21,1144.495,1164.89,2480051,nasdaq
LMT,2026-09-21,532.295,535.4,967050,nasdaq
LNT,2026-09-21,65.62,64.97,3064325,nasdaq
LOW,2026-09-21,192.54,190.98,3559478,nasdaq
LRCX,2026-09-21,292.49,302.28,11335960,nasdaq
LULU,2026-09-21,98.22,101.3,5787145,nasdaq
LUV,2026-09-21,41.68,41.77,6337433,nasdaq
LVS,2026-09-21,40.19,40.26,4542539,nasdaq
LYB,2026-09-21,61.62,60.24,3201483,nasdaq
LYV,2026-09-21,168.75,169.18,1871928,nasdaq
MA,2026-09-21,567.11,567.65,2572663,nasdaq
MAA,2026-09-21,118.91,118.86,1099831,nasdaq
MAR,2026-09-21,337.51,342.66,1166962,nasdaq
MAS,2026-09-21,68.57,67.74,1798288,nasdaq
MCD,2026-09-21,249.41,247.88,6334647,nasdaq
MCHP,2026-09-21,74.7,74.78,9677906,nasdaq
MCK,2026-09-21,874.79,886.47,940313,nasdaq
MCO,2026-09-21,472.87,467.22,685139,nasdaq
MDLZ,2026-09-21,61.14,60.17,9425035,nasdaq
MDT,2026-09-21,91.5,91.75,7311926,nasdaq
MET,2026-09-21,97.44,96.64,1933426,nasdaq
META,2026-09-21,680.295,741.245,48720460,nasdaq
MGM,2026-09-21,38.25,38.73,2460903,nasdaq
MKC,2026-09-21,48.77,48.89,3560640,nasdaq
MLM,2026-09-21,494.44,499.67,969153,nasdaq
MMM,2026-09-21,166.69,164.97,2381035,nasdaq
MNST,2026-09-21,44.47,44.0,10230390,nasdaq
MO,2026-09-21,69.5,68.53,8020427,nasdaq
MOS,2026-09-21,24.72,24.07,13091540,nasdaq
MPC,2026-09-21,419.01,402.38,4451101,nasdaq
MPWR,2026-09-21,1243.25,1277.68,1030120,nasdaq
MRK,2026-09-21,146.785,149.5,7996433,nasdaq
MRNA,2026-09-21,161.05,172.94,21018290,nasdaq
MRSH,2026-09-21,175.16,172.72,2862005,nasdaq
MRVL,2026-09-21,251.4,257.38,21466200,nasdaq
MS,2026-09-21,205.49,206.12,4042269,nasdaq
MSCI,2026-09-21,556.34,558.97,430744,nasdaq
MSFT,2026-09-21,494.945,501.61,27959940,nasdaq
MSI,2026-09-21,464.24,461.36,653702,nasdaq
MTB,2026-09-21,228.77,226.96,799022,nasdaq
MTD,2026-09-21,1402.66,1430.44,168939,nasdaq
MU,2026-09-21,1044.99,1043.96,28174410,nasdaq
NCLH,2026-09-21,14.35,14.24,16684460,nasdaq
NDAQ,2026-09-21,94.45,94.69,2945344,nasdaq
NDSN,2026-09-21,313.18,314.35,310552,nasdaq
NEE,2026-09-21,80.41,79.63,9303124,nasdaq
NEM,2026-09-21,123.81,123.05,5651033,nasdaq
NFLX,2026-09-21,71.82,73.36,36948000,nasdaq
NI,2026-09-21,40.64,40.52,8278176,nasdaq
NKE,2026-09-21,35.524,36.1,42128780,nasdaq
NOC,2026-09-21,524.49,526.66,1077597,nasdaq
NOW,2026-09-21,136.82,137.68,10893040,nasdaq
NRG,2026-09-21,104.82,103.28,3633453,nasdaq
NSC,2026-09-21,314.16,309.07,1739190,nasdaq
NTAP,2026-09-21,200.15,198.15,1801480,nasdaq
NTRS,2026-09-21,179.33,178.95,796903,nasdaq
NUE,2026-09-21,248.39,242.4,1851072,nasdaq
NVDA,2026-09-21,222.935,227.38,109806100,nasdaq
NVR,2026-09-21,6200.0,6188.95,39389,nasdaq
NWS,2026-09-21,32.8,32.86,912696,nasdaq
NWSA,2026-09-21,29.84,29.7,3226493,nasdaq
NXPI,2026-09-21,229.14,232.41,4859253,nasdaq
O,2026-09-21,57.08,56.65,8624658,nasdaq
ODFL,2026-09-21,173.0,175.36,1775570,nasdaq
OKE,2026-09-21,92.58,91.8,3255335,nasdaq
OMC,2026-09-21,77.1,75.59,3705064,nasdaq
ON,2026-09-21,71.0,71.72,12338000,nasdaq
ORCL,2026-09-21,148.93,148.56,22418310,nasdaq
ORLY,2026-09-21,83.78,82.88,7782575,nasdaq
OTIS,2026-09-21,68.5,66.64,4734792,nasdaq
OXY,2026-09-21,58.07,57.25,8899573,nasdaq
PANW,2026-09-21,364.09,371.76,5385833,nasdaq
PAYX,2026-09-21,115.52,115.01,2914570,nasdaq
PCAR,2026-09-21,116.06,114.73,5239603,nasdaq
PCG,2026-09-21,13.25,12.94,48394010,nasdaq
PEG,2026-09-21,70.03,69.31,3821072,nasdaq
PEP,2026-09-21,129.65,129.59,12011320,nasdaq
PFE,2026-09-21,27.65,27.74,28776630,nasdaq
PFG,2026-09-21,118.17,116.47,1219310,nasdaq
PG,2026-09-21,146.49,146.08,5825551,nasdaq
PGR,2026-09-21,214.11,212.24,2206812,nasdaq
PH,2026-09-21,951.61,958.17,647063,nasdaq
PHM,2026-09-21,118.09,118.97,1587567,nasdaq
PKG,2026-09-21,237.46,238.31,720053,nasdaq
PLD,2026-09-21,135.0,135.82,3131937,nasdaq
PLTR,2026-09-21,178.725,183.09,22006700,nasdaq
PM,2026-09-21,188.0,187.48,5695263,nasdaq
PNC,2026-09-21,234.58,233.25,1275836,nasdaq
PNR,2026-09-21,56.28,55.78,1739707,nasdaq
PNW,2026-09-21,94.22,93.31,1554294,nasdaq
PODD,2026-09-21,140.6,140.53,1335831,nasdaq
PPG,2026-09-21,105.28,104.93,1486349,nasdaq
PPL,2026-09-21,33.37,33.05,4231911,nasdaq
PRU,2026-09-21,119.25,118.53,1149334,nasdaq
PSA,2026-09-21,296.88,296.67,649880,nasdaq
PSKY,2026-09-21,10.65,9.91,66174560,nasdaq
PSX,2026-09-21,269.36,261.75,3393482,nasdaq
PTC,2026-09-21,137.02,135.28,1013073,nasdaq
PWR,2026-09-21,643.4,642.61,753768,nasdaq
PYPL,2026-09-21,52.74,52.62,9706248,nasdaq
Q,2026-09-21,121.9,121.82,1620347,nasdaq
QCOM,2026-09-21,180.61,194.23,18444590,nasdaq
RCL,2026-09-21,250.5,250.25,2217065,nasdaq
RDDT,2026-09-21,152.67,158.73,5464335,nasdaq
REG,2026-09-21,73.2,72.92,1345887,nasdaq
REGN,2026-09-21,786.03,798.17,704526,nasdaq
RF,2026-09-21,28.7,28.55,6633772,nasdaq
RJF,2026-09-21,166.83,165.19,824914,nasdaq
RL,2026-09-21,337.99,339.82,666334,nasdaq
RMD,2026-09-21,225.16,223.61,1072145,nasdaq
ROK,2026-09-21,419.31,424.89,755315,nasdaq
ROL,2026-09-21,32.42,32.35,6589851,nasdaq
ROP,2026-09-21,372.0,365.4,1030936,nasdaq
ROST,2026-09-21,226.7,231.25,2227931,nasdaq
RSG,2026-09-21,216.79,213.93,2082071,nasdaq
RTX,2026-09-21,193.75,194.34,2930277,nasdaq
RVTY,2026-09-21,144.53,143.59,2062048,nasdaq
SBAC,2026-09-21,178.26,176.28,870797,nasdaq
SBUX,2026-09-21,95.13,94.9,7182390,nasdaq
SCHW,2026-09-21,105.9,106.88,5444865,nasdaq
SHW,2026-09-21,326.0,321.31,1511663,nasdaq
SJM,2026-09-21,123.14,119.88,1364275,nasdaq
SLB,2026-09-21,51.12,51.76,11322080,nasdaq
SMCI,2026-09-21,40.63,41.2,48218360,nasdaq
SNA,2026-09-21,373.42,369.75,326013,nasdaq
SNDK,2026-09-21,1826.0,1766.64,10442660,nasdaq
SNPS,2026-09-21,387.33,401.85,1669222,nasdaq
SO,2026-09-21,85.52,85.46,7828972,nasdaq
SOLV,2026-09-21,88.87,88.84,660322,nasdaq
SPG,2026-09-21,206.02,204.98,957449,nasdaq
SPGI,2026-09-21,408.95,404.47,1286865,nasdaq
SPY,2026-09-21,766.251,773.5,50484690,nasdaq
SRE,2026-09-21,81.3,81.2,3171190,nasdaq
STE,2026-09-21,205.36,206.97,984638,nasdaq
STLD,2026-09-21,234.49,229.99,863313,nasdaq
STT,2026-09-21,185.01,184.4,1668044,nasdaq
STX,2026-09-21,894.27,877.325,4196727,nasdaq
STZ,2026-09-21,118.23,118.39,2629834,nasdaq
SW,2026-09-21,45.52,45.41,3684504,nasdaq
SWK,2026-09-21,90.23,88.68,1489978,nasdaq
SWKS,2026-09-21,89.66,88.74,4411870,nasdaq
SYF,2026-09-21,75.475,75.0,2359072,nasdaq
SYK,2026-09-21,274.58,274.19,2759206,nasdaq
SYY,2026-09-21,79.0,78.43,3929282,nasdaq
T,2026-09-21,25.75,25.45,35284550,nasdaq
TAP,2026-09-21,37.5,37.56,4276298,nasdaq
TDG,2026-09-21,1091.3,1109.65,461727,nasdaq
TDY,2026-09-21,609.85,609.08,306512,nasdaq
TECH,2026-09-21,72.5,72.47,4666995,nasdaq
TEL,2026-09-21,208.68,210.01,1759511,nasdaq
TER,2026-09-21,378.705,381.54,3394386,nasdaq
TFC,2026-09-21,48.82,49.0,9847559,nasdaq
TGT,2026-09-21,158.47,157.71,2255318,nasdaq
TJX,2026-09-21,127.725,130.96,11409590,nasdaq
TKO,2026-09-21,189.28,191.12,1041355,nasdaq
TMO,2026-09-21,653.89,658.76,2303877,nasdaq
TMUS,2026-09-21,166.52,165.27,7006890,nasdaq
TPL,2026-09-21,349.74,366.8,607028,nasdaq
TPR,2026-09-21,115.77,113.07,3717684,nasdaq
TRGP,2026-09-21,288.76,289.36,1267235,nasdaq
TRMB,2026-09-21,58.31,57.75,2057273,nasdaq
TROW,2026-09-21,104.72,104.63,1474576,nasdaq
TRV,2026-09-21,374.61,371.13,1114443,nasdaq
TSCO,2026-09-21,32.2,32.33,9059345,nasdaq
TSLA,2026-09-21,371.635,375.3,36599610,nasdaq
TSN,2026-09-21,52.86,52.02,5129893,nasdaq
TT,2026-09-21,432.37,433.32,1030427,nasdaq
TTD,2026-09-21,14.065,13.88,21873420,nasdaq
TTWO,2026-09-21,206.2,209.92,2634486,nasdaq
TXN,2026-09-21,267.67,270.87,7907889,nasdaq
TXT,2026-09-21,80.21,79.41,1359124,nasdaq
TYL,2026-09-21,339.18,332.46,786051,nasdaq
UAL,2026-09-21,111.8,114.39,4782817,nasdaq
UBER,2026-09-21,70.82,70.84,16956050,nasdaq
UDR,2026-09-21,33.97,33.89,3541317,nasdaq
UHS,2026-09-21,176.61,174.74,924624,nasdaq
ULTA,2026-09-21,545.27,557.86,512544,nasdaq
UNH,2026-09-21,377.87,377.56,5712251,nasdaq
UNP,2026-09-21,278.8,269.63,5738751,nasdaq
UPS,2026-09-21,98.76,94.75,9572142,nasdaq
URI,2026-09-21,1021.86,1029.92,370612,nasdaq
USB,2026-09-21,60.44,60.44,7376002,nasdaq
V,2026-09-21,369.54,369.95,7108351,nasdaq
VEEV,2026-09-21,260.0,261.31,1199187,nasdaq
VICI,2026-09-21,23.79,24.05,9142556,nasdaq
VLO,2026-09-21,409.59,393.27,3899308,nasdaq
VLTO,2026-09-21,94.68,95.18,1951633,nasdaq
VMC,2026-09-21,243.61,246.2,1130438,nasdaq
VMRK,2026-09-21,61.34,61.36,4370778,nasdaq
VOO,2026-09-21,706.19,712.78,8859824,nasdaq
VRSK,2026-09-21,174.13,172.02,1193268,nasdaq
VRSN,2026-09-21,303.59,308.18,1337015,nasdaq
VRT,2026-09-21,254.67,250.86,4867546,nasdaq
VRTX,2026-09-21,506.85,510.72,906681,nasdaq
VST,2026-09-21,142.0,140.78,4506495,nasdaq
VTI,2026-09-21,377.89,381.1,3088147,nasdaq
VTR,2026-09-21,86.77,87.03,5432706,nasdaq
VTRS,2026-09-21,16.98,17.1,6935045,nasdaq
VXUS,2026-09-21,86.87,87.15,5057404,nasdaq
VZ,2026-09-21,48.18,47.68,19992460,nasdaq
WAB,2026-09-21,284.19,283.38,782371,nasdaq
WAT,2026-09-21,425.8,423.92,782409,nasdaq
WBD,2026-09-21,29.76,30.8,234091400,nasdaq
WDAY,2026-09-21,194.12,191.92,2023646,nasdaq
WDC,2026-09-21,455.635,448.17,7635992,nasdaq
WEC,2026-09-21,103.2,103.48,3160183,nasdaq
WELL,2026-09-21,229.26,232.76,2810834,nasdaq
WFC,2026-09-21,86.83,86.54,9715482,nasdaq
WM,2026-09-21,210.1,207.04,2317907,nasdaq
WMB,2026-09-21,71.55,71.65,5195649,nasdaq
WMT,2026-09-21,106.16,107.44,23976090,nasdaq
WRB,2026-09-21,69.76,68.79,4696939,nasdaq
WSM,2026-09-21,226.1,227.16,1017712,nasdaq
WST,2026-09-21,363.78,361.78,506796,nasdaq
WTW,2026-09-21,310.25,306.82,440463,nasdaq
WY,2026-09-21,21.3,21.01,7568083,nasdaq
WYNN,2026-09-21,81.98,83.32,2241956,nasdaq
XEL,2026-09-21,72.24,71.85,4396809,nasdaq
XOM,2026-09-21,160.96,158.3,15752490,nasdaq
XYL,2026-09-21,108.36,107.24,2343656,nasdaq
XYZ,2026-09-21,77.29,77.91,3680054,nasdaq
YUM,2026-09-21,138.7,139.33,2641339,nasdaq
ZBH,2026-09-21,95.32,94.32,1600261,nasdaq
ZBRA,2026-09-21,351.94,350.84,484131,nasdaq
ZTS,2026-09-21,72.06,71.33,3946568,nasdaq
A,2026-09-22,163.08,167.26,3782901,nasdaq
AAPL,2026-09-22,340.135,339.75,40711790,nasdaq
ABBV,2026-09-22,263.1,265.21,2766286,nasdaq
ABNB,2026-09-22,169.08,161.81,4961798,nasdaq
ABT,2026-09-22,104.01,103.69,8383946,nasdaq
ACGL,2026-09-22,95.78,94.95,5839583,nasdaq
ACN,2026-09-22,189.38,183.72,3878891,nasdaq
ADBE,2026-09-22,254.52,238.25,7368200,nasdaq
ADI,2026-09-22,382.19,390.37,2979536,nasdaq
ADM,2026-09-22,82.88,82.34,2553966,nasdaq
ADP,2026-09-22,271.18,269.64,1948269,nasdaq
ADSK,2026-09-22,222.0,219.62,1703138,nasdaq
AEE,2026-09-22,101.67,101.66,1669274,nasdaq
AEP,2026-09-22,119.58,120.27,5117549,nasdaq
AES,2026-09-22,14.82,14.82,14077690,nasdaq
AFL,2026-09-22,115.02,114.6,1997741,nasdaq
AIG,2026-09-22,74.51,75.18,4473408,nasdaq
AIZ,2026-09-22,278.18,271.08,741145,nasdaq
AJG,2026-09-22,236.29,230.45,1624500,nasdaq
AKAM,2026-09-22,117.87,118.34,4672060,nasdaq
ALB,2026-09-22,113.62,116.8,4100392,nasdaq
ALGN,2026-09-22,149.17,153.29,967001,nasdaq
ALL,2026-09-22,240.7,229.5,5257524,nasdaq
ALLE,2026-09-22,153.53,153.95,1031327,nasdaq
AMAT,2026-09-22,457.9,472.46,5807681,nasdaq
AMCR,2026-09-22,42.78,43.24,3726849,nasdaq
AMD,2026-09-22,606.565,623.77,28282820,nasdaq
AME,2026-09-22,241.81,245.41,1313799,nasdaq
AMGN,2026-09-22,405.25,410.24,3720961,nasdaq
AMP,2026-09-22,536.78,512.37,1046351,nasdaq
AMT,2026-09-22,174.3,175.25,3832381,nasdaq
AMZN,2026-09-22,255.11,254.98,41982570,nasdaq
ANET,2026-09-22,204.35,205.19,4577697,nasdaq
AON,2026-09-22,291.06,286.1,2544586,nasdaq
AOS,2026-09-22,57.98,58.16,1466856,nasdaq
APA,2026-09-22,42.95,42.3,6657010,nasdaq
APD,2026-09-22,280.94,287.86,2111219,nasdaq
APH,2026-09-22,80.19,82.84,13245490,nasdaq
APO,2026-09-22,129.16,124.15,3055830,nasdaq
APP,2026-09-22,333.0,328.73,3431727,nasdaq
APTV,2026-09-22,44.09,44.61,4084476,nasdaq
ARE,2026-09-22,53.94,53.85,1461799,nasdaq
ARES,2026-09-22,130.65,124.72,2369959,nasdaq
ATO,2026-09-22,158.02,157.34,999138,nasdaq
AVGO,2026-09-22,363.23,364.54,20570790,nasdaq
AVY,2026-09-22,171.53,172.09,769503,nasdaq
AWK,2026-09-22,134.06,133.82,2071203,nasdaq
AXON,2026-09-22,460.83,459.32,681238,nasdaq
AXP,2026-09-22,316.12,305.07,5102662,nasdaq
AZO,2026-09-22,2894.25,2894.73,783779,nasdaq
BA,2026-09-22,203.0,197.72,7837116,nasdaq
BAC,2026-09-22,58.1,56.2,45137810,nasdaq
BALL,2026-09-22,61.24,59.97,1801974,nasdaq
BAX,2026-09-22,23.21,23.68,7364439,nasdaq
BBY,2026-09-22,94.42,94.82,2577689,nasdaq
BDX,2026-09-22,182.4,183.0,1461173,nasdaq
BEN,2026-09-22,33.77,33.13,4860247,nasdaq
BG,2026-09-22,112.41,110.0,2041551,nasdaq
BIIB,2026-09-22,219.22,225.36,1112343,nasdaq
BKNG,2026-09-22,172.1,164.22,14362130,nasdaq
BKR,2026-09-22,57.03,57.26,9239036,nasdaq
BLDR,2026-09-22,59.94,60.87,3286903,nasdaq
BLK,2026-09-22,1089.94,1066.66,500309,nasdaq
BMY,2026-09-22,62.73,62.25,15237710,nasdaq
BNY,2026-09-22,153.12,150.17,6137955,nasdaq
BR,2026-09-22,166.77,163.02,799206,nasdaq
BRK.B,2026-09-22,503.325,503.49,4711464,nasdaq
BRO,2026-09-22,64.65,62.44,3719396,nasdaq
BSX,2026-09-22,44.7,44.92,21082690,nasdaq
BX,2026-09-22,127.63,124.01,3026361,nasdaq
BXP,2026-09-22,64.45,64.31,1588441,nasdaq
C,2026-09-22,134.87,132.47,11483650,nasdaq
CAH,2026-09-22,227.17,222.04,2776268,nasdaq
CARR,2026-09-22,55.18,55.26,8222642,nasdaq
CASY,2026-09-22,585.34,584.83,757003,nasdaq
CAT,2026-09-22,806.06,808.01,2063731,nasdaq
CB,2026-09-22,336.28,335.77,1448379,nasdaq
CBOE,2026-09-22,269.81,266.83,977850,nasdaq
CBRE,2026-09-22,144.53,141.05,1590230,nasdaq
CCI,2026-09-22,73.29,72.37,3143457,nasdaq
CCL,2026-09-22,23.19,22.28,40626430,nasdaq
CDNS,2026-09-22,298.65,302.95,2901710,nasdaq
CDW,2026-09-22,148.72,147.43,1847093,nasdaq
CEG,2026-09-22,263.66,263.46,2486380,nasdaq
CELH,2026-09-22,28.91,29.385,7318780,nasdaq
CF,2026-09-22,122.01,120.59,3850536,nasdaq
CFG,2026-09-22,67.5,65.49,4895972,nasdaq
CHD,2026-09-22,96.29,96.12,1646351,nasdaq
CHRW,2026-09-22,153.18,149.56,2586941,nasdaq
CHTR,2026-09-22,125.95,117.26,4706140,nasdaq
CHYM,2026-09-22,30.31,28.62,7956876,nasdaq
CI,2026-09-22,276.85,273.74,1468896,nasdaq
CIEN,2026-09-22,364.31,368.56,2407120,nasdaq
CINF,2026-09-22,166.67,165.83,639477,nasdaq
CL,2026-09-22,87.085,87.05,7589254,nasdaq
CLX,2026-09-22,86.99,87.15,3325192,nasdaq
CMCSA,2026-09-22,23.085,22.42,45147410,nasdaq
CME,2026-09-22,273.43,267.21,1801234,nasdaq
CMG,2026-09-22,33.615,32.63,12055060,nasdaq
CMI,2026-09-22,531.0,526.13,1076705,nasdaq
CMS,2026-09-22,64.66,64.27,4446294,nasdaq
CNC,2026-09-22,64.88,63.3,6104731,nasdaq
CNP,2026-09-22,37.97,37.85,6689841,nasdaq
COF,2026-09-22,206.76,200.55,2913886,nasdaq
COHR,2026-09-22,310.285,310.39,7469595,nasdaq
COIN,2026-09-22,199.395,201.07,7305840,nasdaq
COO,2026-09-22,54.21,55.29,2693650,nasdaq
COP,2026-09-22,125.98,125.27,9070090,nasdaq
COR,2026-09-22,317.62,314.43,775721,nasdaq
COST,2026-09-22,902.255,899.41,1982884,nasdaq
CPAY,2026-09-22,400.05,392.95,563475,nasdaq
CPRT,2026-09-22,29.3,28.795,8779995,nasdaq
CPT,2026-09-22,99.1,99.31,873756,nasdaq
CRH,2026-09-22,88.1,88.04,4556885,nasdaq
CRL,2026-09-22,280.19,285.11,1137111,nasdaq
CRM,2026-09-22,241.5,233.28,13644150,nasdaq
CRWD,2026-09-22,248.21,250.06,8927696,nasdaq
CSCO,2026-09-22,110.275,106.44,32892690,nasdaq
CSGP,2026-09-22,29.63,28.77,5284981,nasdaq
CSX,2026-09-22,46.26,46.59,11487100,nasdaq
CTAS,2026-09-22,197.05,198.8,2269735,nasdaq
CTSH,2026-09-22,61.01,58.68,6362114,nasdaq
CTVA,2026-09-22,79.07,80.34,4089982,nasdaq
CVNA,2026-09-22,68.42,65.4,5988877,nasdaq
CVS,2026-09-22,87.685,87.1,8712158,nasdaq
CVX,2026-09-22,201.87,202.41,9348371,nasdaq
D,2026-09-22,62.67,62.43,8199233,nasdaq
DAL,2026-09-22,84.88,83.92,8642231,nasdaq
DASH,2026-09-22,198.045,192.21,5221974,nasdaq
DD,2026-09-22,130.72,131.8,1186850,nasdaq
DDOG,2026-09-22,245.67,247.475,2834594,nasdaq
DE,2026-09-22,688.73,703.12,1548261,nasdaq
DECK,2026-09-22,82.93,79.83,3553753,nasdaq
DELL,2026-09-22,569.8,548.92,9781562,nasdaq
DG,2026-09-22,123.34,122.63,1893902,nasdaq
DGX,2026-09-22,228.59,234.76,2719288,nasdaq
DHI,2026-09-22,142.64,144.11,2267274,nasdaq
DHR,2026-09-22,215.1,221.09,4637121,nasdaq
DIS,2026-09-22,105.1,103.82,7282248,nasdaq
DLR,2026-09-22,185.57,185.65,1537757,nasdaq
DLTR,2026-09-22,112.87,115.04,2814889,nasdaq
DOC,2026-09-22,20.81,20.6,6102815,nasdaq
DOV,2026-09-22,188.48,186.54,1128983,nasdaq
DOW,2026-09-22,28.1,28.2,8819890,nasdaq
DPZ,2026-09-22,301.28,297.115,817927,nasdaq
DRI,2026-09-22,213.13,213.54,1314080,nasdaq
DTE,2026-09-22,126.18,125.41,2683708,nasdaq
DUK,2026-09-22,116.49,116.31,2777578,nasdaq
DVA,2026-09-22,184.01,183.72,552646,nasdaq
DVN,2026-09-22,46.8,46.93,9279389,nasdaq
DXCM,2026-09-22,89.12,89.53,7296092,nasdaq
EBAY,2026-09-22,108.84,109.28,4526366,nasdaq
ECHO,2026-09-22,95.96,95.46,2084193,nasdaq
ECL,2026-09-22,272.84,276.22,1204271,nasdaq
ED,2026-09-22,103.5,103.84,1475834,nasdaq
EFX,2026-09-22,160.44,159.78,1530434,nasdaq
EG,2026-09-22,373.01,370.96,421585,nasdaq
EIX,2026-09-22,55.08,55.05,2962216,nasdaq
EL,2026-09-22,98.02,100.29,2853752,nasdaq
ELV,2026-09-22,412.07,402.43,1117216,nasdaq
EME,2026-09-22,757.28,756.5,344155,nasdaq
EMR,2026-09-22,153.2,154.19,1868063,nasdaq
EOG,2026-09-22,139.32,139.52,3365925,nasdaq
EQIX,2026-09-22,1051.91,1059.26,521124,nasdaq
EQT,2026-09-22,49.87,50.81,11171080,nasdaq
ERIE,2026-09-22,237.46,234.38,290545,nasdaq
ES,2026-09-22,66.76,66.38,2335726,nasdaq
ESS,2026-09-22,271.34,274.76,567000,nasdaq
ETN,2026-09-22,434.67,442.49,1875604,nasdaq
ETR,2026-09-22,101.47,101.16,2847549,nasdaq
EVRG,2026-09-22,79.22,79.27,1804293,nasdaq
EW,2026-09-22,89.0,88.78,3534102,nasdaq
EXC,2026-09-22,41.88,41.8,4545483,nasdaq
EXE,2026-09-22,87.5,87.03,4525509,nasdaq
EXPD,2026-09-22,192.33,187.51,1290341,nasdaq
EXPE,2026-09-22,285.25,280.7,6271126,nasdaq
EXR,2026-09-22,137.96,134.99,2106094,nasdaq
F,2026-09-22,13.295,13.1,45152910,nasdaq
FANG,2026-09-22,186.01,184.5,2953108,nasdaq
FAST,2026-09-22,49.76,50.08,6739802,nasdaq
FCX,2026-09-22,72.65,74.35,8396000,nasdaq
FDS,2026-09-22,288.16,276.42,789180,nasdaq
FDX,2026-09-22,298.49,295.94,1434950,nasdaq
FDXF,2026-09-22,118.84,119.0,1735652,nasdaq
FE,2026-09-22,44.9,44.73,2872208,nasdaq
FERG,2026-09-22,218.97,221.17,1163494,nasdaq
FFIV,2026-09-22,447.19,453.33,433676,nasdaq
FICO,2026-09-22,937.15,914.48,342305,nasdaq
FIS,2026-09-22,35.62,34.96,4746404,nasdaq
FISV,2026-09-22,47.12,46.1,7677424,nasdaq
FITB,2026-09-22,53.79,52.76,8069749,nasdaq
FIX,2026-09-22,1605.0,1625.13,295364,nasdaq
FLEX,2026-09-22,110.46,114.45,2733428,nasdaq
FOX,2026-09-22,58.35,57.32,1011570,nasdaq
FOXA,2026-09-22,65.1,64.25,5078777,nasdaq
FRT,2026-09-22,110.96,110.46,1243651,nasdaq
FSLR,2026-09-22,200.89,200.78,2044554,nasdaq
FTNT,2026-09-22,176.085,174.26,4115599,nasdaq
FTV,2026-09-22,55.81,55.95,1655439,nasdaq
GD,2026-09-22,353.95,343.39,1279774,nasdaq
GDDY,2026-09-22,105.85,98.24,3890682,nasdaq
GE,2026-09-22,322.33,319.22,3402151,nasdaq
GEHC,2026-09-22,66.28,66.27,3941802,nasdaq
GEN,2026-09-22,29.545,27.29,12605540,nasdaq
GEV,2026-09-22,935.0,950.28,2134904,nasdaq
GILD,2026-09-22,150.645,152.67,5082660,nasdaq
GIS,2026-09-22,35.96,35.45,10440760,nasdaq
GL,2026-09-22,173.21,169.43,389804,nasdaq
GLW,2026-09-22,157.23,159.69,6729116,nasdaq
GM,2026-09-22,84.85,83.45,6232948,nasdaq
GNRC,2026-09-22,204.63,206.17,1502504,nasdaq
GOOG,2026-09-22,353.24,347.41,20165110,nasdaq
GOOGL,2026-09-22,357.65,351.16,29788600,nasdaq
GPC,2026-09-22,128.92,129.59,814284,nasdaq
GPN,2026-09-22,86.15,84.78,2586394,nasdaq
GRMN,2026-09-22,282.03,284.67,1173478,nasdaq
GS,2026-09-22,967.39,949.49,2053377,nasdaq
GWW,2026-09-22,1283.86,1268.62,298274,nasdaq
HAL,2026-09-22,33.0,32.85,11767140,nasdaq
HAS,2026-09-22,89.03,86.91,2639177,nasdaq
HBAN,2026-09-22,16.14,15.69,29302150,nasdaq
HCA,2026-09-22,426.37,438.12,1502812,nasdaq
HD,2026-09-22,302.085,305.35,5458306,nasdaq
HIG,2026-09-22,130.63,128.73,1717113,nasdaq
HII,2026-09-22,278.0,270.95,541651,nasdaq
HLT,2026-09-22,311.64,308.44,1766416,nasdaq
HON,2026-09-22,207.92,211.85,4840754,nasdaq
HONA,2026-09-22,168.98,167.32,3873796,nasdaq
HOOD,2026-09-22,123.0,124.25,16047620,nasdaq
HPE,2026-09-22,61.75,61.03,16807940,nasdaq
HPQ,2026-09-22,33.23,32.04,15086880,nasdaq
HRL,2026-09-22,20.67,20.33,3553128,nasdaq
HSIC,2026-09-22,85.93,87.43,1070466,nasdaq
HST,2026-09-22,22.38,22.28,9075162,nasdaq
HSY,2026-09-22,169.12,168.46,1197856,nasdaq
HUBB,2026-09-22,458.35,458.83,375653,nasdaq
HUM,2026-09-22,378.42,372.0,858137,nasdaq
HWM,2026-09-22,227.69,225.36,2468155,nasdaq
IBKR,2026-09-22,92.85,91.88,4061917,nasdaq
IBM,2026-09-22,234.47,231.38,4808838,nasdaq
ICE,2026-09-22,155.92,152.93,2701999,nasdaq
IDXX,2026-09-22,519.27,521.5,476541,nasdaq
IEX,2026-09-22,224.76,225.69,561937,nasdaq
IFF,2026-09-22,84.97,85.79,1429511,nasdaq
INCY,2026-09-22,124.72,126.93,1647176,nasdaq
INTC,2026-09-22,120.15,123.86,108379400,nasdaq
INTU,2026-09-22,310.74,292.35,4821781,nasdaq
INVH,2026-09-22,27.18,27.14,6551617,nasdaq
IP,2026-09-22,36.02,35.71,5294813,nasdaq
IQV,2026-09-22,270.25,270.09,950726,nasdaq
IR,2026-09-22,73.44,73.85,4518431,nasdaq
IRM,2026-09-22,116.45,118.13,1594034,nasdaq
ISRG,2026-09-22,403.0,402.09,1864523,nasdaq
IT,2026-09-22,186.5,178.75,927873,nasdaq
ITW,2026-09-22,269.96,270.47,922237,nasdaq
IVZ,2026-09-22,30.7,30.85,4788622,nasdaq
J,2026-09-22,144.85,143.12,698410,nasdaq
JBHT,2026-09-22,236.53,237.41,882024,nasdaq
JBL,2026-09-22,302.42,308.98,1311769,nasdaq
JCI,2026-09-22,145.0,146.44,2622632,nasdaq
JKHY,2026-09-22,152.42,149.1,1440664,nasdaq
JNJ,2026-09-22,267.51,269.19,5682566,nasdaq
JPM,2026-09-22,352.0,340.0,11485580,nasdaq
KDP,2026-09-22,31.005,31.51,9540683,nasdaq
KEY,2026-09-22,20.93,20.48,16133970,nasdaq
KEYS,2026-09-22,339.89,347.32,887422,nasdaq
KHC,2026-09-22,24.5,24.0,14601030,nasdaq
KIM,2026-09-22,22.63,22.55,4193362,nasdaq
KKR,2026-09-22,101.77,98.44,3465932,nasdaq
KLAC,2026-09-22,180.71,188.32,9312547,nasdaq
KMB,2026-09-22,99.33,98.91,4082053,nasdaq
KMI,2026-09-22,31.65,31.27,12961350,nasdaq
KO,2026-09-22,87.6,88.61,17273400,nasdaq
KR,2026-09-22,60.03,58.56,6224616,nasdaq
KVUE,2026-09-22,17.95,17.86,14290330,nasdaq
L,2026-09-22,106.65,105.91,1767913,nasdaq
LDOS,2026-09-22,129.25,123.31,1079320,nasdaq
LEN,2026-09-22,81.0,83.06,6473468,nasdaq
LH,2026-09-22,303.46,311.54,1912204,nasdaq
LHX,2026-09-22,248.51,239.89,1715492,nasdaq
LII,2026-09-22,370.67,371.68,430476,nasdaq
LIN,2026-09-22,458.06,464.91,1934523,nasdaq
LITE,2026-09-22,937.17,945.67,4333941,nasdaq
LLY,2026-09-22,1146.15,1170.14,2454096,nasdaq
LMT,2026-09-22,536.87,522.34,1427486,nasdaq
LNT,2026-09-22,64.98,64.62,2211035,nasdaq
LOW,2026-09-22,194.77,196.08,3446548,nasdaq
LRCX,2026-09-22,296.815,310.96,9294782,nasdaq
LULU,2026-09-22,103.27,103.73,4330481,nasdaq
LUV,2026-09-22,42.75,42.08,7720530,nasdaq
LVS,2026-09-22,40.86,39.7,5102539,nasdaq
LYB,2026-09-22,59.37,59.24,3829379,nasdaq
LYV,2026-09-22,170.97,169.84,1811110,nasdaq
MA,2026-09-22,571.18,555.89,3816903,nasdaq
MAA,2026-09-22,119.31,119.15,1158850,nasdaq
MAR,2026-09-22,346.69,348.06,1796044,nasdaq
MAS,2026-09-22,69.11,69.96,2462544,nasdaq
MCD,2026-09-22,250.68,250.35,5016757,nasdaq
MCHP,2026-09-22,74.67,75.82,7458715,nasdaq
MCK,2026-09-22,891.11,891.23,935680,nasdaq
MCO,2026-09-22,471.17,469.25,761822,nasdaq
MDLZ,2026-09-22,60.615,61.08,9023263,nasdaq
MDT,2026-09-22,92.51,90.77,14065380,nasdaq
MET,2026-09-22,97.47,95.92,2638677,nasdaq
META,2026-09-22,731.4,736.595,28122130,nasdaq
MGM,2026-09-22,38.97,38.9,3538405,nasdaq
MKC,2026-09-22,49.57,49.42,2359946,nasdaq
MLM,2026-09-22,508.29,499.34,716072,nasdaq
MMM,2026-09-22,166.4,169.3,3260870,nasdaq
MNST,2026-09-22,44.14,44.27,7998377,nasdaq
MO,2026-09-22,68.76,68.64,5334748,nasdaq
MOS,2026-09-22,24.09,24.73,6173184,nasdaq
MPC,2026-09-22,391.68,389.68,4704788,nasdaq
MPWR,2026-09-22,1278.08,1380.62,1535211,nasdaq
MRK,2026-09-22,148.69,150.91,11173540,nasdaq
MRNA,2026-09-22,168.5,182.56,24033890,nasdaq
MRSH,2026-09-22,172.85,170.01,3622288,nasdaq
MRVL,2026-09-22,255.46,262.36,19926590,nasdaq
MS,2026-09-22,205.57,200.18,7802391,nasdaq
MSCI,2026-09-22,558.11,548.88,748098,nasdaq
MSFT,2026-09-22,507.32,498.0,21652840,nasdaq
MSI,2026-09-22,462.42,456.7,788969,nasdaq
MTB,2026-09-22,228.04,223.42,963531,nasdaq
MTD,2026-09-22,1432.9,1490.76,302045,nasdaq
MU,2026-09-22,1032.85,1096.16,29189700,nasdaq
NCLH,2026-09-22,14.75,14.22,25194190,nasdaq
NDAQ,2026-09-22,94.95,94.5,3938990,nasdaq
NDSN,2026-09-22,315.27,319.67,257740,nasdaq
NEE,2026-09-22,79.37,79.26,9211307,nasdaq
NEM,2026-09-22,123.23,127.26,5395600,nasdaq
NFLX,2026-09-22,73.69,72.16,34372510,nasdaq
NI,2026-09-22,40.39,39.88,7119012,nasdaq
NKE,2026-09-22,36.95,36.1,31524760,nasdaq
NOC,2026-09-22,527.15,509.86,1001784,nasdaq
NOW,2026-09-22,141.83,137.0,12580660,nasdaq
NRG,2026-09-22,104.01,102.75,2462200,nasdaq
NSC,2026-09-22,311.14,314.0,945366,nasdaq
NTAP,2026-09-22,197.73,192.91,2287546,nasdaq
NTRS,2026-09-22,178.3,173.4,1171386,nasdaq
NUE,2026-09-22,241.5,245.66,1316799,nasdaq
NVDA,2026-09-22,226.85,228.87,95746750,nasdaq
NVR,2026-09-22,6210.65,6338.92,44954,nasdaq
NWS,2026-09-22,33.17,32.38,1021476,nasdaq
NWSA,2026-09-22,30.02,29.25,4267392,nasdaq
NXPI,2026-09-22,231.87,237.57,4154565,nasdaq
O,2026-09-22,56.91,56.53,7324874,nasdaq
ODFL,2026-09-22,176.76,177.31,1808610,nasdaq
OKE,2026-09-22,91.43,90.09,3342410,nasdaq
OMC,2026-09-22,76.37,75.34,2615859,nasdaq
ON,2026-09-22,71.75,73.6,11955100,nasdaq
ORCL,2026-09-22,151.25,149.2,31259960,nasdaq
ORLY,2026-09-22,83.92,85.82,9593374,nasdaq
OTIS,2026-09-22,67.67,68.08,4330177,nasdaq
OXY,2026-09-22,56.55,56.31,10628580,nasdaq
PANW,2026-09-22,374.8,374.57,8110523,nasdaq
PAYX,2026-09-22,115.71,114.53,4035426,nasdaq
PCAR,2026-09-22,115.33,113.9,7344152,nasdaq
PCG,2026-09-22,13.03,12.88,60747880,nasdaq
PEG,2026-09-22,69.16,69.12,2351927,nasdaq
PEP,2026-09-22,130.41,131.19,7746294,nasdaq
PFE,2026-09-22,27.74,27.93,26669290,nasdaq
PFG,2026-09-22,116.6,113.59,1647019,nasdaq
PG,2026-09-22,147.42,148.22,5639198,nasdaq
PGR,2026-09-22,211.5,206.94,4808497,nasdaq
PH,2026-09-22,959.345,964.85,479963,nasdaq
PHM,2026-09-22,121.09,122.29,1558230,nasdaq
PKG,2026-09-22,240.36,238.23,395798,nasdaq
PLD,2026-09-22,135.34,135.88,2737431,nasdaq
PLTR,2026-09-22,185.125,184.99,21991710,nasdaq
PM,2026-09-22,188.46,190.23,7812693,nasdaq
PNC,2026-09-22,234.0,227.96,2526583,nasdaq
PNR,2026-09-22,56.64,55.49,2905502,nasdaq
PNW,2026-09-22,93.26,93.16,860633,nasdaq
PODD,2026-09-22,141.93,139.38,1246949,nasdaq
PPG,2026-09-22,106.64,107.77,1726152,nasdaq
PPL,2026-09-22,33.08,32.88,5474145,nasdaq
PRU,2026-09-22,119.0,117.66,1411278,nasdaq
PSA,2026-09-22,297.65,289.71,1233507,nasdaq
PSKY,2026-09-22,10.26,10.11,46405260,nasdaq
PSX,2026-09-22,256.88,256.78,4177791,nasdaq
PTC,2026-09-22,137.46,140.0,1650138,nasdaq
PWR,2026-09-22,640.0,642.63,864433,nasdaq
PYPL,2026-09-22,53.2,52.89,25940970,nasdaq
Q,2026-09-22,121.0,124.86,1980743,nasdaq
QCOM,2026-09-22,192.0,198.27,11533770,nasdaq
RCL,2026-09-22,259.0,234.89,8400149,nasdaq
RDDT,2026-09-22,161.28,155.67,4258708,nasdaq
REG,2026-09-22,73.18,73.53,1469629,nasdaq
REGN,2026-09-22,802.48,803.9,600266,nasdaq
RF,2026-09-22,28.73,27.91,12022810,nasdaq
RJF,2026-09-22,165.4,159.39,2161243,nasdaq
RL,2026-09-22,346.43,346.06,698626,nasdaq
RMD,2026-09-22,226.22,221.97,1030624,nasdaq
ROK,2026-09-22,427.0,427.19,641422,nasdaq
ROL,2026-09-22,32.77,32.86,6338845,nasdaq
ROP,2026-09-22,370.85,363.85,1142240,nasdaq
ROST,2026-09-22,233.575,232.51,2124182,nasdaq
RSG,2026-09-22,214.21,213.88,1944746,nasdaq
RTX,2026-09-22,194.74,190.99,4686232,nasdaq
RVTY,2026-09-22,143.12,143.31,2871338,nasdaq
SBAC,2026-09-22,176.39,175.84,713927,nasdaq
SBUX,2026-09-22,95.92,95.11,8288212,nasdaq
SCHW,2026-09-22,106.5,100.35,16922580,nasdaq
SHW,2026-09-22,326.13,328.35,1647906,nasdaq
SJM,2026-09-22,121.0,121.11,1041676,nasdaq
SLB,2026-09-22,51.34,52.12,15403120,nasdaq
SMCI,2026-09-22,41.26,41.54,30249830,nasdaq
SNA,2026-09-22,373.21,371.8,259694,nasdaq
SNDK,2026-09-22,1757.505,1887.04,12927080,nasdaq
SNPS,2026-09-22,406.64,409.24,1367393,nasdaq
SO,2026-09-22,85.24,85.15,4350745,nasdaq
SOLV,2026-09-22,89.17,88.75,651357,nasdaq
SPG,2026-09-22,205.61,205.95,1081683,nasdaq
SPGI,2026-09-22,408.0,402.44,1556184,nasdaq
SPY,2026-09-22,774.03,773.38,34802340,nasdaq
SRE,2026-09-22,80.94,80.98,2893038,nasdaq
STE,2026-09-22,208.98,208.79,624629,nasdaq
STLD,2026-09-22,229.99,233.99,920923,nasdaq
STT,2026-09-22,184.0,180.25,3990502,nasdaq
STX,2026-09-22,857.69,919.84,5273223,nasdaq
STZ,2026-09-22,119.61,117.59,2008941,nasdaq
SW,2026-09-22,46.31,46.45,3379587,nasdaq
SWK,2026-09-22,90.37,92.13,1485618,nasdaq
SWKS,2026-09-22,88.88,89.96,4497794,nasdaq
SYF,2026-09-22,75.86,72.67,2959258,nasdaq
SYK,2026-09-22,277.0,275.09,2364931,nasdaq
SYY,2026-09-22,78.99,78.67,3565338,nasdaq
T,2026-09-22,25.565,25.1,35588790,nasdaq
TAP,2026-09-22,38.0,36.88,3591248,nasdaq
TDG,2026-09-22,1119.45,1112.42,551183,nasdaq
TDY,2026-09-22,612.49,612.74,351951,nasdaq
TECH,2026-09-22,72.52,72.55,3441497,nasdaq
TEL,2026-09-22,211.25,213.48,1136896,nasdaq
TER,2026-09-22,373.0,398.69,2318879,nasdaq
TFC,2026-09-22,49.09,48.07,10234840,nasdaq
TGT,2026-09-22,157.87,159.02,2194981,nasdaq
TJX,2026-09-22,131.93,130.79,10063750,nasdaq
TKO,2026-09-22,192.4,188.87,1092284,nasdaq
TMO,2026-09-22,656.41,658.52,2105451,nasdaq
TMUS,2026-09-22,166.13,162.41,7031932,nasdaq
TPL,2026-09-22,366.38,355.24,448557,nasdaq
TPR,2026-09-22,114.72,112.59,3656994,nasdaq
TRGP,2026-09-22,284.6,282.15,1137436,nasdaq
TRMB,2026-09-22,58.67,59.3,2082394,nasdaq
TROW,2026-09-22,105.26,104.17,1608302,nasdaq
TRV,2026-09-22,369.92,362.01,1650237,nasdaq
TSCO,2026-09-22,33.01,32.84,12135920,nasdaq
TSLA,2026-09-22,379.069,378.9,28229910,nasdaq
TSN,2026-09-22,52.21,51.82,3105221,nasdaq
TT,2026-09-22,437.22,437.82,1058499,nasdaq
TTD,2026-09-22,14.03,13.18,29613730,nasdaq
TTWO,2026-09-22,211.71,205.53,3032788,nasdaq
TXN,2026-09-22,268.84,271.41,8299658,nasdaq
TXT,2026-09-22,80.03,77.88,1770540,nasdaq
TYL,2026-09-22,337.65,331.05,509759,nasdaq
UAL,2026-09-22,116.6,115.21,5046688,nasdaq
UBER,2026-09-22,71.65,69.89,26420310,nasdaq
UDR,2026-09-22,34.06,34.1,4255580,nasdaq
UHS,2026-09-22,176.24,179.29,797688,nasdaq
ULTA,2026-09-22,558.7,553.86,501622,nasdaq
UNH,2026-09-22,381.39,372.95,4501106,nasdaq
UNP,2026-09-22,271.05,274.41,3661070,nasdaq
UPS,2026-09-22,95.86,95.87,4087235,nasdaq
URI,2026-09-22,1037.62,1043.04,452389,nasdaq
USB,2026-09-22,60.75,59.44,9479038,nasdaq
V,2026-09-22,371.76,362.04,8776070,nasdaq
VEEV,2026-09-22,265.8,260.91,1819437,nasdaq
VICI,2026-09-22,24.13,23.98,8609654,nasdaq
VLO,2026-09-22,384.9,377.14,7459402,nasdaq
VLTO,2026-09-22,95.78,95.79,1988622,nasdaq
VMC,2026-09-22,250.48,247.87,1223216,nasdaq
VMRK,2026-09-22,61.14,62.35,7135651,nasdaq
VOO,2026-09-22,713.28,712.78,20729720,nasdaq
VRSK,2026-09-22,173.0,171.94,976544,nasdaq
VRSN,2026-09-22,308.88,299.42,777029,nasdaq
VRT,2026-09-22,250.3,253.46,3524594,nasdaq
VRTX,2026-09-22,521.69,514.99,1386645,nasdaq
VST,2026-09-22,141.44,140.41,4771307,nasdaq
VTI,2026-09-22,381.71,381.27,2599690,nasdaq
VTR,2026-09-22,86.25,86.86,5935264,nasdaq
VTRS,2026-09-22,17.1,17.18,5238439,nasdaq
VXUS,2026-09-22,87.15,87.49,6769814,nasdaq
VZ,2026-09-22,47.78,46.45,32681050,nasdaq
WAB,2026-09-22,282.81,289.71,1084930,nasdaq
WAT,2026-09-22,424.13,425.74,648352,nasdaq
WBD,2026-09-22,30.83,30.83,109822200,nasdaq
WDAY,2026-09-22,196.29,188.23,1977635,nasdaq
WDC,2026-09-22,440.045,464.6,8419850,nasdaq
WEC,2026-09-22,103.21,102.83,2826074,nasdaq
WELL,2026-09-22,229.95,230.39,2070857,nasdaq
WFC,2026-09-22,86.62,83.15,15868190,nasdaq
WM,2026-09-22,207.61,207.68,1814580,nasdaq
WMB,2026-09-22,71.44,70.98,5410513,nasdaq
WMT,2026-09-22,108.12,110.12,19372770,nasdaq
WRB,2026-09-22,68.72,68.17,4509270,nasdaq
WSM,2026-09-22,231.12,232.69,1096578,nasdaq
WST,2026-09-22,367.42,371.09,734703,nasdaq
WTW,2026-09-22,307.32,301.73,581766,nasdaq
WY,2026-09-22,21.2,21.54,6223936,nasdaq
WYNN,2026-09-22,84.66,82.51,2059136,nasdaq
XEL,2026-09-22,71.85,72.06,5057464,nasdaq
XOM,2026-09-22,157.53,158.71,14191170,nasdaq
XYL,2026-09-22,108.45,107.85,1724547,nasdaq
XYZ,2026-09-22,79.22,77.53,3795858,nasdaq
YUM,2026-09-22,140.44,139.71,2910941,nasdaq
ZBH,2026-09-22,95.43,93.98,1706353,nasdaq
ZBRA,2026-09-22,355.34,361.61,551210,nasdaq
ZTS,2026-09-22,71.98,72.86,3840955,nasdaq
ECL,2026-09-23,275.39,276.72,1058731,nasdaq
ED,2026-09-23,103.46,102.61,1857936,nasdaq
EFX,2026-09-23,159.62,155.32,1552124,nasdaq
EG,2026-09-23,371.41,372.36,291331,nasdaq
EIX,2026-09-23,54.78,53.51,3714440,nasdaq
EL,2026-09-23,100.06,98.83,2068773,nasdaq
ELV,2026-09-23,400.84,398.56,1207565,nasdaq
EME,2026-09-23,756.7,751.8,219236,nasdaq
EMR,2026-09-23,152.99,154.59,2722861,nasdaq
EOG,2026-09-23,141.13,141.84,2560829,nasdaq
EQIX,2026-09-23,1057.0,1037.66,392242,nasdaq
EQT,2026-09-23,51.17,51.06,6895836,nasdaq
ERIE,2026-09-23,234.11,225.77,202861,nasdaq
ES,2026-09-23,66.03,64.91,2890786,nasdaq
ESS,2026-09-23,274.44,273.47,989054,nasdaq
ETN,2026-09-23,442.56,438.76,1787413,nasdaq
ETR,2026-09-23,100.63,99.23,2778514,nasdaq
EVRG,2026-09-23,78.96,78.42,2381186,nasdaq
EW,2026-09-23,88.7,86.82,3623750,nasdaq
EXC,2026-09-23,41.57,40.69,7039362,nasdaq
EXE,2026-09-23,87.9,87.04,4202993,nasdaq
EXPD,2026-09-23,187.93,188.03,946014,nasdaq
EXPE,2026-09-23,278.0,259.04,5104310,nasdaq
EXR,2026-09-23,133.79,133.84,2411349,nasdaq
F,2026-09-23,12.97,12.94,35407530,nasdaq
FANG,2026-09-23,185.77,185.65,3378108,nasdaq
FAST,2026-09-23,50.12,50.99,7963332,nasdaq
FCX,2026-09-23,72.93,72.58,8926712,nasdaq
FDS,2026-09-23,276.75,279.43,434066,nasdaq
FDX,2026-09-23,295.01,291.5,1628896,nasdaq
FDXF,2026-09-23,118.45,119.22,1438503,nasdaq
FE,2026-09-23,44.55,43.65,4230226,nasdaq
FERG,2026-09-23,220.65,221.17,1453342,nasdaq
FFIV,2026-09-23,453.92,455.99,481085,nasdaq
FICO,2026-09-23,910.0,879.62,501918,nasdaq
FIS,2026-09-23,35.01,34.67,7204954,nasdaq
FISV,2026-09-23,46.23,45.95,5624233,nasdaq
FITB,2026-09-23,52.48,51.69,7453385,nasdaq
FIX,2026-09-23,1626.8,1625.9,236367,nasdaq
FLEX,2026-09-23,114.07,112.3,3917831,nasdaq
FOX,2026-09-23,57.3,56.96,1146149,nasdaq
FOXA,2026-09-23,64.11,63.96,4677640,nasdaq
FRT,2026-09-23,110.15,109.39,765250,nasdaq
FSLR,2026-09-23,200.39,191.97,2118585,nasdaq
FTNT,2026-09-23,176.47,178.74,3416495,nasdaq
FTV,2026-09-23,55.68,56.26,1647092,nasdaq
GD,2026-09-23,344.19,343.33,1085318,nasdaq
GDDY,2026-09-23,98.16,96.38,3753995,nasdaq
GE,2026-09-23,318.4,319.8,4354717,nasdaq
GEN,2026-09-23,27.31,26.23,10349620,nasdaq
GEV,2026-09-23,950.0,951.82,1681196,nasdaq
GILD,2026-09-23,153.6,151.37,6191894,nasdaq
GIS,2026-09-23,35.74,35.82,15616220,nasdaq
GL,2026-09-23,168.35,168.75,454532,nasdaq
GLW,2026-09-23,160.16,154.48,5549799,nasdaq
GM,2026-09-23,83.05,83.77,4730304,nasdaq
GOOG,2026-09-23,346.3,334.98,23283430,nasdaq
GOOGL,2026-09-23,349.86,337.83,35576230,nasdaq
GPC,2026-09-23,128.84,128.76,691756,nasdaq
GPN,2026-09-23,84.46,84.0,2437475,nasdaq
GRMN,2026-09-23,283.77,287.58,593682,nasdaq
GS,2026-09-23,940.73,936.36,2136310,nasdaq
GWW,2026-09-23,1266.6,1270.67,316665,nasdaq
HAL,2026-09-23,33.02,33.01,6225365,nasdaq
HAS,2026-09-23,86.32,86.52,1985689,nasdaq
HBAN,2026-09-23,15.56,15.38,27531150,nasdaq
HCA,2026-09-23,441.42,436.48,1314025,nasdaq
HD,2026-09-23,303.43,296.72,4689631,nasdaq
HIG,2026-09-23,128.06,126.59,1761461,nasdaq
HII,2026-09-23,269.99,269.8,476643,nasdaq
HLT,2026-09-23,307.25,307.22,1565547,nasdaq
HON,2026-09-23,209.0,212.57,2480843,nasdaq
HONA,2026-09-23,166.7,163.33,2976613,nasdaq
HOOD,2026-09-23,122.78,122.7,19079850,nasdaq
HPQ,2026-09-23,32.335,32.16,16336870,nasdaq
HRL,2026-09-23,20.33,19.92,4589936,nasdaq
HSIC,2026-09-23,86.89,85.05,1119560,nasdaq
HST,2026-09-23,22.11,22.15,7209394,nasdaq
HSY,2026-09-23,168.73,168.45,1071329,nasdaq
HUBB,2026-09-23,454.84,463.7,604414,nasdaq
HUM,2026-09-23,370.0,374.78,798637,nasdaq
HWM,2026-09-23,226.0,228.78,2414109,nasdaq
IBKR,2026-09-23,91.36,91.56,3961067,nasdaq
IBM,2026-09-23,233.47,232.76,4539608,nasdaq
ICE,2026-09-23,152.29,156.35,3042109,nasdaq
IDXX,2026-09-23,517.2,522.02,364190,nasdaq
IEX,2026-09-23,224.5,229.67,593228,nasdaq
IFF,2026-09-23,85.17,85.71,1413987,nasdaq
INCY,2026-09-23,127.51,124.64,1534432,nasdaq
INTC,2026-09-23,123.865,122.6,85621060,nasdaq
INTU,2026-09-23,291.71,286.8,3425310,nasdaq
INVH,2026-09-23,27.08,26.93,5931824,nasdaq
IP,2026-09-23,35.79,35.7,3803982,nasdaq
IQV,2026-09-23,270.66,267.86,1116575,nasdaq
IR,2026-09-23,73.38,76.22,8572946,nasdaq
IRM,2026-09-23,115.75,115.09,1827734,nasdaq
ISRG,2026-09-23,400.88,398.3,1686519,nasdaq
IT,2026-09-23,178.0,178.52,977766,nasdaq
ITW,2026-09-23,269.63,273.42,1676102,nasdaq
IVZ,2026-09-23,30.4,30.74,4318884,nasdaq
J,2026-09-23,143.14,141.12,913106,nasdaq
JBHT,2026-09-23,236.5,234.63,898807,nasdaq
JBL,2026-09-23,306.62,308.75,831683,nasdaq
JCI,2026-09-23,146.04,145.9,2904447,nasdaq
JKHY,2026-09-23,148.34,148.33,859979,nasdaq
JNJ,2026-09-23,269.47,269.17,6637062,nasdaq
JPM,2026-09-23,337.61,337.53,7078381,nasdaq
KDP,2026-09-23,31.61,31.76,9513347,nasdaq
KEY,2026-09-23,20.48,20.24,13839030,nasdaq
KEYS,2026-09-23,347.19,353.36,1422135,nasdaq
KHC,2026-09-23,24.01,23.79,14845580,nasdaq
KIM,2026-09-23,22.44,22.21,6294464,nasdaq
KKR,2026-09-23,97.46,97.21,4130342,nasdaq
KLAC,2026-09-23,186.25,187.86,8856687,nasdaq
KMB,2026-09-23,98.755,97.7,3219097,nasdaq
KMI,2026-09-23,31.36,31.37,11043950,nasdaq
KO,2026-09-23,88.95,88.09,13016440,nasdaq
KR,2026-09-23,58.56,57.64,6813086,nasdaq
KVUE,2026-09-23,17.84,17.67,16168560,nasdaq
L,2026-09-23,105.42,105.04,1223520,nasdaq
LDOS,2026-09-23,123.91,124.69,1555044,nasdaq
LEN,2026-09-23,82.0,81.52,5866001,nasdaq
LH,2026-09-23,311.91,303.98,909595,nasdaq
LHX,2026-09-23,239.99,239.21,1330444,nasdaq
LII,2026-09-23,368.23,372.34,379704,nasdaq
LIN,2026-09-23,463.83,469.72,1926233,nasdaq
LITE,2026-09-23,946.56,937.0,3275947,nasdaq
LLY,2026-09-23,1174.71,1150.99,2156320,nasdaq
LMT,2026-09-23,524.57,524.68,1134593,nasdaq
LNT,2026-09-23,64.655,63.69,2952343,nasdaq
LOW,2026-09-23,194.15,191.36,2936827,nasdaq
LRCX,2026-09-23,307.5,307.28,9649331,nasdaq
LULU,2026-09-23,103.65,102.28,4281017,nasdaq
LUV,2026-09-23,41.55,41.04,5659942,nasdaq
LVS,2026-09-23,39.76,39.19,3818110,nasdaq
LYB,2026-09-23,59.51,59.97,2906129,nasdaq
LYV,2026-09-23,168.93,169.03,2072474,nasdaq
MA,2026-09-23,555.78,559.92,2879115,nasdaq
MAA,2026-09-23,119.14,117.78,1559913,nasdaq
MAR,2026-09-23,346.3,351.66,1654631,nasdaq
MAS,2026-09-23,70.33,68.16,2096161,nasdaq
MCD,2026-09-23,250.29,238.32,16605660,nasdaq
MCHP,2026-09-23,75.05,75.53,7724691,nasdaq
MCK,2026-09-23,889.79,880.5,672912,nasdaq
MCO,2026-09-23,468.0,473.85,789571,nasdaq
MDLZ,2026-09-23,61.08,61.44,9664931,nasdaq
MDT,2026-09-23,90.53,89.3,10534260,nasdaq
MET,2026-09-23,95.2,97.2,2943318,nasdaq
META,2026-09-23,747.6,744.1,30829240,nasdaq
MGM,2026-09-23,38.54,37.85,3223131,nasdaq
MKC,2026-09-23,49.48,49.09,2696769,nasdaq
MLM,2026-09-23,493.44,490.45,1186104,nasdaq
MMM,2026-09-23,168.45,170.3,2787373,nasdaq
MNST,2026-09-23,44.16,43.91,9069958,nasdaq
MO,2026-09-23,68.58,68.95,9568051,nasdaq
MOS,2026-09-23,24.5,24.37,5306846,nasdaq
MPC,2026-09-23,393.05,388.38,4184609,nasdaq
MPWR,2026-09-23,1367.08,1355.47,767407,nasdaq
MRK,2026-09-23,151.315,148.08,9703729,nasdaq
MRNA,2026-09-23,183.405,182.11,17727820,nasdaq
MRSH,2026-09-23,169.45,170.38,2654038,nasdaq
MRVL,2026-09-23,262.36,260.9,13683550,nasdaq
MS,2026-09-23,198.5,198.39,4344621,nasdaq
MSCI,2026-09-23,548.11,555.7,611737,nasdaq
MSFT,2026-09-23,500.755,500.59,19445560,nasdaq
MSI,2026-09-23,458.14,460.44,814848,nasdaq
MTB,2026-09-23,221.61,219.58,727064,nasdaq
MTD,2026-09-23,1484.57,1492.34,238567,nasdaq
MU,2026-09-23,1100.07,1071.88,21572760,nasdaq
NCLH,2026-09-23,14.14,14.18,23144960,nasdaq
NDAQ,2026-09-23,94.5,95.44,3330074,nasdaq
NDSN,2026-09-23,318.4,321.42,373469,nasdaq
NEE,2026-09-23,79.04,77.02,12677120,nasdaq
NEM,2026-09-23,123.83,123.55,5594609,nasdaq
NFLX,2026-09-23,72.075,71.36,32807460,nasdaq
NI,2026-09-23,39.69,39.25,8472297,nasdaq
NKE,2026-09-23,36.42,36.05,40581430,nasdaq
NOC,2026-09-23,510.46,514.42,851995,nasdaq
NOW,2026-09-23,137.22,140.78,11366170,nasdaq
NRG,2026-09-23,102.0,100.72,2548364,nasdaq
NSC,2026-09-23,313.0,315.01,702470,nasdaq
NTAP,2026-09-23,192.705,196.33,1672784,nasdaq
NTRS,2026-09-23,172.09,173.99,967449,nasdaq
NUE,2026-09-23,244.42,246.98,1325636,nasdaq
NVDA,2026-09-23,228.03,225.51,89547290,nasdaq
NVR,2026-09-23,6285.01,6241.61,33313,nasdaq
NWS,2026-09-23,32.01,31.22,1246952,nasdaq
NWSA,2026-09-23,29.01,28.12,8755679,nasdaq
NXPI,2026-09-23,236.5,235.44,4019112,nasdaq
O,2026-09-23,56.02,55.61,13617520,nasdaq
ODFL,2026-09-23,177.43,177.72,1572532,nasdaq
OKE,2026-09-23,90.75,90.54,3038227,nasdaq
OMC,2026-09-23,75.17,75.49,2916242,nasdaq
ON,2026-09-23,73.77,74.1,9153741,nasdaq
ORCL,2026-09-23,148.3,144.56,22682250,nasdaq
ORLY,2026-09-23,85.22,85.9,5200533,nasdaq
OTIS,2026-09-23,67.96,68.32,3125125,nasdaq
OXY,2026-09-23,56.97,57.36,7915445,nasdaq
PANW,2026-09-23,379.8,393.3,6281301,nasdaq
PAYX,2026-09-23,109.67,104.49,8221322,nasdaq
PCAR,2026-09-23,113.25,112.09,3680934,nasdaq
PCG,2026-09-23,12.6,12.41,49334620,nasdaq
PEG,2026-09-23,68.9,67.31,3573492,nasdaq
PEP,2026-09-23,131.085,130.18,8179306,nasdaq
PFE,2026-09-23,27.96,28.18,33812860,nasdaq
PFG,2026-09-23,112.54,113.92,1193832,nasdaq
PG,2026-09-23,147.87,147.39,6583524,nasdaq
PGR,2026-09-23,206.03,203.13,4312177,nasdaq
PH,2026-09-23,960.96,971.21,581621,nasdaq
PHM,2026-09-23,120.28,118.71,1626678,nasdaq
PKG,2026-09-23,239.73,240.98,497689,nasdaq
PLD,2026-09-23,134.75,133.96,3169831,nasdaq
PLTR,2026-09-23,186.29,191.79,35119610,nasdaq
PM,2026-09-23,190.05,190.84,7309939,nasdaq
PNC,2026-09-23,226.42,224.03,1955861,nasdaq
PNR,2026-09-23,55.31,55.25,1962322,nasdaq
PNW,2026-09-23,92.68,92.05,1213041,nasdaq
PODD,2026-09-23,139.07,136.49,1021320,nasdaq
PPG,2026-09-23,106.31,107.2,1667081,nasdaq
PPL,2026-09-23,32.7,32.25,5240695,nasdaq
PRU,2026-09-23,117.08,117.59,1403236,nasdaq
PSA,2026-09-23,287.59,286.73,986511,nasdaq
PSKY,2026-09-23,10.1,9.96,33618750,nasdaq
PSX,2026-09-23,259.15,256.48,4354279,nasdaq
PTC,2026-09-23,140.81,140.4,2138694,nasdaq
PWR,2026-09-23,643.44,634.9,795816,nasdaq
PYPL,2026-09-23,52.79,52.51,11564340,nasdaq
Q,2026-09-23,124.51,124.5,914791,nasdaq
QCOM,2026-09-23,199.613,197.24,9739312,nasdaq
RCL,2026-09-23,236.14,230.3,7593845,nasdaq
RDDT,2026-09-23,154.01,151.98,4576417,nasdaq
REG,2026-09-23,73.24,72.73,1690110,nasdaq
REGN,2026-09-23,805.23,801.82,721110,nasdaq
RF,2026-09-23,27.75,27.39,9349751,nasdaq
RJF,2026-09-23,158.52,158.23,1591968,nasdaq
RL,2026-09-23,345.57,337.47,697448,nasdaq
RMD,2026-09-23,222.78,222.3,1440113,nasdaq
ROK,2026-09-23,424.59,432.89,603046,nasdaq
ROL,2026-09-23,32.72,32.49,9239067,nasdaq
ROP,2026-09-23,364.99,366.36,730540,nasdaq
ROST,2026-09-23,233.57,233.98,1564725,nasdaq
RSG,2026-09-23,213.47,213.1,1208294,nasdaq
RTX,2026-09-23,191.88,192.19,4222436,nasdaq
RVTY,2026-09-23,142.4,142.11,2244340,nasdaq
SBAC,2026-09-23,174.52,170.53,927745,nasdaq
SBUX,2026-09-23,95.02,94.14,8256596,nasdaq
SCHW,2026-09-23,100.0,99.5,10897220,nasdaq
SHW,2026-09-23,325.44,326.46,2260587,nasdaq
SJM,2026-09-23,121.44,122.41,1206083,nasdaq
SLB,2026-09-23,53.21,51.87,7654281,nasdaq
SMCI,2026-09-23,42.27,41.44,40871510,nasdaq
SNA,2026-09-23,370.4,370.25,205226,nasdaq
SNDK,2026-09-23,1895.41,1816.57,7732012,nasdaq
SNPS,2026-09-23,409.44,413.06,2097834,nasdaq
SO,2026-09-23,84.76,83.47,5572817,nasdaq
SOLV,2026-09-23,88.18,88.37,860083,nasdaq
SPG,2026-09-23,205.15,204.16,1056484,nasdaq
SPGI,2026-09-23,403.1,406.5,1528570,nasdaq
SPY,2026-09-23,772.79,767.81,54931690,nasdaq
SRE,2026-09-23,80.52,79.0,3139389,nasdaq
STE,2026-09-23,208.41,209.98,534050,nasdaq
STLD,2026-09-23,231.99,234.29,662356,nasdaq
STT,2026-09-23,179.1,179.95,2235395,nasdaq
STX,2026-09-23,913.2,923.86,3246747,nasdaq
STZ,2026-09-23,117.1,116.57,1536934,nasdaq
SW,2026-09-23,46.89,46.49,4530721,nasdaq
SWK,2026-09-23,91.15,91.76,1425851,nasdaq
SWKS,2026-09-23,90.21,91.45,5030631,nasdaq
SYF,2026-09-23,72.09,70.67,3509220,nasdaq
SYK,2026-09-23,274.46,273.4,2722063,nasdaq
SYY,2026-09-23,78.6,77.14,5543735,nasdaq
T,2026-09-23,25.13,25.3,43043190,nasdaq
TAP,2026-09-23,36.88,36.62,3310127,nasdaq
TDG,2026-09-23,1110.56,1105.28,287069,nasdaq
TDY,2026-09-23,612.33,621.05,466544,nasdaq
TECH,2026-09-23,72.5,72.52,3562210,nasdaq
TEL,2026-09-23,214.2,214.39,1454169,nasdaq
TER,2026-09-23,398.0,389.14,2011537,nasdaq
TFC,2026-09-23,47.68,47.0,6298062,nasdaq
TGT,2026-09-23,159.05,156.26,2989017,nasdaq
TJX,2026-09-23,130.03,131.59,8651497,nasdaq
TKO,2026-09-23,187.79,189.08,747101,nasdaq
TMO,2026-09-23,657.61,665.3,2345636,nasdaq
TMUS,2026-09-23,162.74,165.66,8045140,nasdaq
TPL,2026-09-23,357.98,335.74,433268,nasdaq
TPR,2026-09-23,111.86,110.51,2385891,nasdaq
TRGP,2026-09-23,284.57,283.01,1059171,nasdaq
TRMB,2026-09-23,59.3,59.32,1827916,nasdaq
TROW,2026-09-23,103.62,104.57,1358544,nasdaq
TRV,2026-09-23,361.22,360.39,1856915,nasdaq
TSCO,2026-09-23,32.85,32.29,10449170,nasdaq
TSLA,2026-09-23,380.1,380.12,33522490,nasdaq
TSN,2026-09-23,51.85,51.36,3202670,nasdaq
TT,2026-09-23,435.55,437.09,1024475,nasdaq
TTD,2026-09-23,13.16,12.68,28108170,nasdaq
TTWO,2026-09-23,206.26,206.32,2423820,nasdaq
TXN,2026-09-23,271.49,272.62,5559031,nasdaq
TXT,2026-09-23,77.49,76.81,2252926,nasdaq
TYL,2026-09-23,332.63,332.53,563229,nasdaq
UAL,2026-09-23,113.91,110.72,3772817,nasdaq
UBER,2026-09-23,69.56,69.42,18010120,nasdaq
UDR,2026-09-23,33.95,33.79,5232343,nasdaq
UHS,2026-09-23,179.51,181.39,896203,nasdaq
ULTA,2026-09-23,563.1,543.81,328813,nasdaq
UNH,2026-09-23,370.89,371.29,3862804,nasdaq
UNP,2026-09-23,273.95,275.53,1895826,nasdaq
UPS,2026-09-23,95.65,95.82,4421429,nasdaq
URI,2026-09-23,1041.9,1031.99,406205,nasdaq
USB,2026-09-23,59.0,58.48,7644563,nasdaq
V,2026-09-23,361.24,361.52,5129006,nasdaq
VEEV,2026-09-23,263.25,270.75,1427319,nasdaq
VICI,2026-09-23,23.85,23.7,12317220,nasdaq
VLO,2026-09-23,380.428,375.84,7082547,nasdaq
VLTO,2026-09-23,95.37,95.88,1743440,nasdaq
VMC,2026-09-23,245.22,244.4,1730808,nasdaq
VMRK,2026-09-23,62.41,61.29,6200353,nasdaq
VOO,2026-09-23,712.135,707.6,13808940,nasdaq
VRSK,2026-09-23,171.68,171.8,1061985,nasdaq
VRSN,2026-09-23,300.57,293.28,618513,nasdaq
VRT,2026-09-23,253.675,248.78,3556464,nasdaq
VRTX,2026-09-23,515.6,516.34,1214098,nasdaq
VST,2026-09-23,139.57,137.97,4412191,nasdaq
VTI,2026-09-23,381.09,378.23,2581335,nasdaq
VTR,2026-09-23,86.35,86.64,2735325,nasdaq
VTRS,2026-09-23,17.255,17.12,6868587,nasdaq
VXUS,2026-09-23,86.675,85.92,6194754,nasdaq
VZ,2026-09-23,46.6,46.52,20941200,nasdaq
WAB,2026-09-23,288.33,292.22,826734,nasdaq
WAT,2026-09-23,428.17,420.57,743655,nasdaq
WBD,2026-09-23,30.8,30.76,111094500,nasdaq
WDAY,2026-09-23,189.52,192.38,1991411,nasdaq
WDC,2026-09-23,462.94,473.69,5037749,nasdaq
WEC,2026-09-23,102.4,101.17,3611793,nasdaq
WELL,2026-09-23,229.0,229.87,2761836,nasdaq
WFC,2026-09-23,82.745,81.9,14623990,nasdaq
WM,2026-09-23,208.0,207.88,2871146,nasdaq
WMB,2026-09-23,71.31,71.11,5176568,nasdaq
WMT,2026-09-23,110.215,110.53,22770770,nasdaq
WRB,2026-09-23,67.99,67.67,1857352,nasdaq
WSM,2026-09-23,231.44,227.83,1088242,nasdaq
WST,2026-09-23,370.93,375.87,876987,nasdaq
WTW,2026-09-23,300.66,298.99,493633,nasdaq
WY,2026-09-23,21.38,21.17,6678901,nasdaq
WYNN,2026-09-23,82.41,81.45,1536119,nasdaq
XEL,2026-09-23,71.745,70.66,4409410,nasdaq
XOM,2026-09-23,159.62,161.23,12577360,nasdaq
XYL,2026-09-23,107.0,108.64,1881877,nasdaq
XYZ,2026-09-23,76.67,74.68,5182298,nasdaq
YUM,2026-09-23,139.66,140.63,2635303,nasdaq
ZBH,2026-09-23,92.6,90.88,2974405,nasdaq
ZBRA,2026-09-23,362.99,371.02,652433,nasdaq
ZTS,2026-09-23,72.75,71.61,3829141,nasdaq
